-0.0540338	-4.12967	780.78	0.24	0.240761	897.614	46.0754	70.5395	0.0109213
-0.0540866	-4.11376	780.78	0.24	0.242901	897.52	46.1668	70.3764	0.0108373
-0.054139	-4.08328	780.78	0.24	0.244716	897.425	46.2828	70.1931	0.0106772
-0.0541908	-4.03132	780.78	0.24	0.246985	897.331	46.4028	70.0147	0.0104073
-0.0542418	-3.96014	780.78	0.24	0.248939	897.239	46.5259	69.8165	0.010043
-0.0542917	-3.87618	780.78	0.24	0.250256	897.149	46.6312	69.6437	0.00962166
-0.0543404	-3.77862	780.78	0.24	0.251908	897.06	46.7371	69.4727	0.00914338
-0.0543877	-3.66167	780.78	0.24	0.254175	896.974	46.8144	69.3213	0.00858616
-0.0544334	-3.52731	780.78	0.24	0.256397	896.89	46.8926	69.177	0.00796762
-0.0544771	-3.37085	780.78	0.24	0.258597	896.81	46.9658	69.0325	0.00727645
-0.0545186	-3.19508	780.78	0.24	0.260912	896.734	47.0257	68.9007	0.00653739
-0.0545577	-2.99838	780.78	0.24	0.263429	896.661	47.0877	68.7667	0.00575724
-0.054594	-2.77896	780.78	0.24	0.265738	896.594	47.1476	68.6268	0.00494545
-0.0546273	-2.54009	780.78	0.24	0.267594	896.531	47.206	68.4873	0.00413181
-0.0546574	-2.28733	780.78	0.24	0.268833	896.474	47.2663	68.3526	0.00335043
-0.0546842	-2.0266	780.78	0.24	0.269732	896.423	47.2983	68.2519	0.00263013
-0.0547076	-1.75732	780.78	0.24	0.270786	896.378	47.3302	68.1451	0.00197761
-0.0547274	-1.47945	780.78	0.24	0.271571	896.34	47.3722	68.0262	0.00140165
-0.0547437	-1.19628	780.78	0.24	0.27194	896.307	47.4177	67.9011	0.000916449
-0.0547562	-0.908482	780.78	0.24	0.272333	896.281	47.455	67.7894	0.000528535
-0.0547651	-0.619334	780.78	0.24	0.27221	896.262	47.5002	67.6633	0.000245635
-0.0547703	-0.335432	780.78	0.24	0.271926	896.25	47.5722	67.5102	7.20526e-05
-0.0547719	-0.0521872	780.78	0.24	0.271449	896.244	47.6553	67.3428	1.74409e-06
-0.0547698	0.227599	780.78	0.24	0.2712	896.244	47.7403	67.186	3.31729e-05
-0.0547642	0.50653	780.78	0.24	0.271203	896.251	47.8457	66.9848	0.000164305
-0.0547551	0.785188	780.78	0.24	0.271179	896.264	47.9357	66.8084	0.00039481
-0.0547423	1.06404	780.78	0.24	0.271302	896.284	47.9904	66.66	0.00072503
-0.054726	1.34371	780.78	0.24	0.271519	896.31	48.0319	66.5351	0.00115625
-0.0547061	1.62695	780.78	0.24	0.271772	896.342	48.0812	66.395	0.00169507
-0.0546825	1.91058	780.78	0.24	0.271865	896.381	48.1463	66.2381	0.00233762
-0.0546553	2.19509	780.78	0.24	0.271665	896.427	48.2295	66.0596	0.00308565
-0.0546245	2.47734	780.78	0.24	0.271374	896.479	48.2759	65.9228	0.00393017
-0.0545901	2.75376	780.78	0.24	0.270376	896.537	48.2995	65.8035	0.00485617
-0.0545523	3.01689	780.78	0.24	0.268585	896.602	48.3205	65.6873	0.00582856
-0.0545112	3.26574	780.78	0.24	0.267217	896.673	48.3101	65.6129	0.00682976
-0.0544671	3.50123	780.78	0.24	0.265416	896.749	48.2914	65.5364	0.00785022
-0.0544201	3.71651	780.78	0.24	0.263235	896.831	48.2487	65.4861	0.00884526
-0.0543706	3.91473	780.78	0.24	0.261238	896.918	48.2194	65.3993	0.009814
-0.0543187	4.09301	780.78	0.24	0.258647	897.009	48.1909	65.3321	0.0107282
-0.0542648	4.24298	780.78	0.24	0.255207	897.104	48.172	65.2469	0.0115288
-0.0542092	4.36914	780.78	0.24	0.253471	897.202	48.1213	65.196	0.0122246
-0.0541522	4.48097	780.78	0.24	0.252162	897.303	48.0622	65.1608	0.0128584
-0.0540938	4.58035	780.78	0.24	0.251449	897.407	47.9998	65.126	0.013435
-0.0540342	4.67838	780.78	0.24	0.250481	897.512	47.9283	65.0953	0.0140163
-0.0539734	4.76036	780.78	0.24	0.249292	897.621	47.8379	65.0979	0.0145118
-0.0539117	4.83869	780.78	0.24	0.248482	897.731	47.7661	65.0473	0.0149933
-0.0538491	4.90248	780.78	0.24	0.246513	897.842	47.6017	65.1234	0.0153912
-0.0537859	4.93241	780.78	0.24	0.244327	897.955	47.4058	65.2623	0.0155797
-0.0537224	4.9635	780.78	0.24	0.24287	898.069	47.2433	65.3214	0.0157767
-0.0536587	4.97078	780.78	0.24	0.240408	898.183	47.0998	65.3894	0.015823
-0.053595	4.96825	780.78	0.24	0.239086	898.298	47.0507	65.3363	0.0158069
-0.0535316	4.94713	780.78	0.24	0.237126	898.412	46.9471	65.3424	0.0156728
-0.0534685	4.91305	780.78	0.24	0.235615	898.526	46.8118	65.3771	0.0154576
-0.053406	4.86445	780.78	0.24	0.23442	898.639	46.7103	65.4113	0.0151533
-0.0533442	4.81108	780.78	0.24	0.233725	898.75	46.6834	65.3302	0.0148226
-0.0532832	4.74858	780.78	0.24	0.232581	898.861	46.6664	65.2531	0.01444
-0.0532231	4.6742	780.78	0.24	0.230959	898.97	46.6396	65.1829	0.0139912
-0.053164	4.5822	780.78	0.24	0.228629	899.077	46.6305	65.0884	0.0134459
-0.0531064	4.46558	780.78	0.24	0.226409	899.182	46.617	65.0045	0.0127702
-0.0530505	4.32421	780.78	0.24	0.224066	899.284	46.6303	64.8903	0.0119744
-0.0529966	4.17	780.78	0.24	0.221796	899.383	46.6627	64.759	0.0111356
-0.0529449	3.99176	780.78	0.24	0.219409	899.478	46.7183	64.6077	0.010204
-0.0528956	3.79541	780.78	0.24	0.218652	899.569	46.6402	64.569	0.00922483
-0.0528488	3.604	780.78	0.24	0.219205	899.655	46.5277	64.6073	0.00831785
-0.0528045	3.41643	780.78	0.24	0.219199	899.737	46.5625	64.4737	0.00747459
-0.0527625	3.22354	780.78	0.24	0.218304	899.815	46.6046	64.3447	0.00665437
-0.0527232	3.02246	780.78	0.24	0.217102	899.888	46.6447	64.2184	0.00585007
-0.0526865	2.80982	780.78	0.24	0.215758	899.956	46.6739	64.1019	0.0050559
-0.0526527	2.58192	780.78	0.24	0.214216	900.02	46.7229	63.9742	0.004269
-0.0526219	2.34134	780.78	0.24	0.213117	900.078	46.8238	63.7854	0.00351052
-0.0525942	2.09587	780.78	0.24	0.21244	900.131	46.9279	63.5993	0.00281301
-0.0525698	1.84229	780.78	0.24	0.211735	900.178	47.0353	63.4176	0.00217349
-0.0525487	1.58555	780.78	0.24	0.211256	900.219	47.143	63.231	0.0016099
-0.0525309	1.32373	780.78	0.24	0.21062	900.254	47.2409	63.0576	0.00112213
-0.0525165	1.05588	780.78	0.24	0.21022	900.283	47.306	62.919	0.000713961
-0.0525055	0.787017	780.78	0.24	0.210095	900.305	47.3553	62.7963	0.000396652
-0.0524981	0.515967	780.78	0.24	0.209901	900.322	47.3975	62.6801	0.000170485
-0.0524941	0.243168	780.78	0.24	0.209782	900.332	47.4206	62.59	3.78664e-05
-0.0524936	-0.0291583	780.78	0.24	0.209962	900.336	47.4236	62.5191	5.44459e-07
-0.0524965	-0.298845	780.78	0.24	0.210351	900.334	47.4195	62.4512	5.71917e-05
-0.0525029	-0.565086	780.78	0.24	0.210709	900.326	47.3886	62.4178	0.000204489
-0.0525127	-0.828153	780.78	0.24	0.211266	900.311	47.3352	62.4144	0.0004392
-0.0525258	-1.08591	780.78	0.24	0.212182	900.291	47.2695	62.423	0.000755143
-0.0525421	-1.33219	780.78	0.24	0.213225	900.264	47.2049	62.4306	0.00113651
-0.0525614	-1.56869	780.78	0.24	0.214363	900.232	47.1111	62.4648	0.00157584
-0.0525837	-1.79641	780.78	0.24	0.215412	900.195	47.0052	62.5143	0.00206658
-0.0526088	-2.01436	780.78	0.24	0.216473	900.152	46.8955	62.5647	0.00259845
-0.0526367	-2.22616	780.78	0.24	0.217366	900.104	46.7739	62.6258	0.00317363
-0.0526671	-2.42427	780.78	0.24	0.218657	900.052	46.6174	62.7306	0.0037636
-0.0527	-2.61401	780.78	0.24	0.219814	899.995	46.4755	62.8225	0.00437578
-0.0527352	-2.78981	780.78	0.24	0.221261	899.933	46.3597	62.8763	0.00498415
-0.0527725	-2.95744	780.78	0.24	0.222386	899.868	46.2655	62.9215	0.00560111
-0.0528119	-3.10717	780.78	0.24	0.224821	899.799	46.2196	62.9176	0.00618261
-0.0528529	-3.23309	780.78	0.24	0.227417	899.727	46.1721	62.9156	0.00669387
-0.0528953	-3.33833	780.78	0.24	0.229347	899.651	46.1274	62.9219	0.00713673
-0.052939	-3.4362	780.78	0.24	0.230962	899.574	46.1298	62.8076	0.00756132
-0.0529838	-3.50928	780.78	0.24	0.233845	899.494	46.0587	62.8191	0.00788638
-0.0530292	-3.55337	780.78	0.24	0.236611	899.413	45.9735	62.8614	0.0080858
-0.0530749	-3.57634	780.78	0.24	0.238946	899.331	45.9198	62.8544	0.00819064
-0.0531208	-3.57845	780.78	0.24	0.241077	899.249	45.8439	62.8917	0.00820031
-0.0531665	-3.56249	780.78	0.24	0.24274	899.166	45.767	62.9199	0.00812735
-0.0532118	-3.53337	780.78	0.24	0.244037	899.084	45.6835	62.955	0.00799502
-0.0532567	-3.49628	780.78	0.24	0.245387	899.003	45.6064	62.9846	0.00782807
-0.053301	-3.44155	780.78	0.24	0.246933	898.923	45.5286	63.0114	0.00758491
-0.0533445	-3.37571	780.78	0.24	0.247996	898.844	45.4306	63.0587	0.00729745
-0.053387	-3.30268	780.78	0.24	0.248479	898.767	45.3209	63.1172	0.00698512
-0.0534286	-3.22644	780.78	0.24	0.249589	898.691	45.141	63.2712	0.00666634
-0.0534691	-3.13751	780.78	0.24	0.250275	898.617	44.9939	63.3656	0.00630392
-0.0535084	-3.04729	780.78	0.24	0.250162	898.546	44.9425	63.3691	0.00594662
-0.0535465	-2.95377	780.78	0.24	0.250737	898.476	44.9092	63.4067	0.00558722
-0.0535834	-2.85823	780.78	0.24	0.250999	898.409	44.8621	63.3981	0.0052316
-0.0536191	-2.76655	780.78	0.24	0.25129	898.343	44.8249	63.3996	0.00490137
-0.0536536	-2.66305	780.78	0.24	0.25252	898.28	44.7848	63.3872	0.00454152
-0.0536866	-2.54288	780.78	0.24	0.254388	898.22	44.7253	63.393	0.00414088
-0.0537179	-2.41001	780.78	0.24	0.256423	898.162	44.6806	63.4198	0.00371946
-0.0537473	-2.2534	780.78	0.24	0.258726	898.107	44.6835	63.3618	0.00325175
-0.0537744	-2.07664	780.78	0.24	0.260749	898.057	44.6725	63.3122	0.00276162
-0.0537992	-1.88498	780.78	0.24	0.262326	898.01	44.6535	63.2734	0.00227538
-0.0538214	-1.67818	780.78	0.24	0.263876	897.968	44.6219	63.245	0.00180351
-0.0538408	-1.45888	780.78	0.24	0.265104	897.93	44.5981	63.2079	0.00136295
-0.0538573	-1.23094	780.78	0.24	0.265998	897.898	44.5694	63.1795	0.000970326
-0.0538708	-0.996327	780.78	0.24	0.266477	897.871	44.528	63.1553	0.00063569
-0.0538813	-0.759429	780.78	0.24	0.266401	897.849	44.4778	63.1437	0.000369331
-0.0538888	-0.526957	780.78	0.24	0.266223	897.833	44.4621	63.1193	0.000177825
-0.0538933	-0.291542	780.78	0.24	0.266293	897.823	44.4197	63.1305	5.44307e-05
-0.0538947	-0.057181	780.78	0.24	0.266601	897.817	44.3463	63.1293	2.09385e-06
-0.0538932	0.179891	780.78	0.24	0.266537	897.817	44.3089	63.0955	2.07233e-05
-0.0538886	0.415315	780.78	0.24	0.266228	897.823	44.3125	63.0203	0.000110458
-0.0538811	0.648616	780.78	0.24	0.265844	897.834	44.3462	62.9113	0.000269412
-0.0538706	0.876091	780.78	0.24	0.265181	897.85	44.3864	62.8058	0.000491518
-0.0538572	1.09773	780.78	0.24	0.26435	897.871	44.4345	62.6792	0.000771665
-0.0538411	1.30959	780.78	0.24	0.26323	897.898	44.4688	62.5638	0.00109827
-0.0538223	1.51075	780.78	0.24	0.261953	897.929	44.4886	62.4525	0.00146159
-0.0538012	1.69876	780.78	0.24	0.260333	897.965	44.5092	62.3476	0.00184801
-0.0537777	1.87012	780.78	0.24	0.25865	898.005	44.5662	62.22	0.00223965
-0.0537522	2.02876	780.78	0.24	0.257037	898.049	44.6648	62.0358	0.00263575
-0.0537248	2.1726	780.78	0.24	0.255423	898.097	44.7506	61.8685	0.00302274
-0.0536957	2.30262	780.78	0.24	0.253841	898.148	44.8339	61.7043	0.00339535
-0.0536651	2.41796	780.78	0.24	0.252242	898.201	44.921	61.5305	0.00374404
-0.0536331	2.51877	780.78	0.24	0.250557	898.257	45.0116	61.3559	0.00406274
-0.0536	2.6065	780.78	0.24	0.249079	898.316	45.1436	61.1336	0.00435067
-0.0535659	2.68028	780.78	0.24	0.247317	898.376	45.2726	60.9237	0.00460047
-0.053531	2.73621	780.78	0.24	0.245452	898.438	45.3941	60.7164	0.00479448
-0.0534955	2.77552	780.78	0.24	0.243862	898.502	45.5008	60.5283	0.00493323
-0.0534597	2.80206	780.78	0.24	0.242239	898.566	45.5697	60.3786	0.005028
-0.0534237	2.81287	780.78	0.24	0.240501	898.63	45.6048	60.256	0.0050669
-0.0533877	2.80682	780.78	0.24	0.23886	898.695	45.5942	60.2035	0.00504512
-0.0533519	2.78901	780.78	0.24	0.237157	898.76	45.5792	60.1384	0.00498127
-0.0533165	2.75296	780.78	0.24	0.235684	898.824	45.5917	60.0395	0.00485334
-0.0532816	2.70697	780.78	0.24	0.234483	898.887	45.6124	59.941	0.00469254
-0.0532475	2.65577	780.78	0.24	0.234094	898.949	45.5885	59.8865	0.0045167
-0.053214	2.59675	780.78	0.24	0.233843	899.01	45.5604	59.8338	0.0043182
-0.0531813	2.54159	780.78	0.24	0.234001	899.069	45.5338	59.7851	0.00413667
-0.0531492	2.48672	780.78	0.24	0.234042	899.128	45.5265	59.7197	0.00395999
-0.0531179	2.43276	780.78	0.24	0.233929	899.185	45.5362	59.6383	0.00379
-0.0530873	2.37488	780.78	0.24	0.233407	899.24	45.5472	59.5575	0.00361182
-0.0530575	2.31168	780.78	0.24	0.232729	899.295	45.57	59.4609	0.00342215
-0.0530285	2.24276	780.78	0.24	0.231973	899.347	45.5759	59.3797	0.00322112
-0.0530005	2.16714	780.78	0.24	0.231251	899.399	45.563	59.3239	0.00300756
-0.0529735	2.08611	780.78	0.24	0.230998	899.448	45.5522	59.2586	0.00278687
-0.0529476	2.00419	780.78	0.24	0.23114	899.496	45.5236	59.2167	0.00257228
-0.0529227	1.92397	780.78	0.24	0.231639	899.542	45.498	59.176	0.00237048
-0.0528988	1.85026	780.78	0.24	0.232508	899.585	45.4688	59.1338	0.00219234
-0.0528757	1.7863	780.78	0.24	0.233254	899.628	45.4168	59.1171	0.0020434
-0.0528534	1.72724	780.78	0.24	0.233639	899.668	45.3506	59.119	0.00191051
-0.0528318	1.67253	780.78	0.24	0.234166	899.708	45.2911	59.115	0.00179138
-0.0528109	1.6207	780.78	0.24	0.234487	899.746	45.1996	59.1401	0.00168208
-0.0527906	1.57062	780.78	0.24	0.234776	899.783	45.0911	59.1824	0.00157973
-0.052771	1.52341	780.78	0.24	0.23502	899.819	44.9687	59.2418	0.0014862
-0.0527519	1.47951	780.78	0.24	0.235222	899.854	44.8276	59.3178	0.00140177
-0.0527333	1.43538	780.78	0.24	0.235022	899.888	44.6694	59.4109	0.0013194
-0.0527154	1.38965	780.78	0.24	0.235195	899.921	44.5363	59.4712	0.00123666
-0.052698	1.34834	780.78	0.24	0.235851	899.953	44.418	59.5306	0.00116423
-0.0526811	1.31499	780.78	0.24	0.23708	899.983	44.3228	59.5794	0.00110736
-0.0526644	1.29278	780.78	0.24	0.238163	900.014	44.262	59.5727	0.00107026
-0.052648	1.27769	780.78	0.24	0.238483	900.043	44.2104	59.5581	0.00104543
-0.0526318	1.26153	780.78	0.24	0.238055	900.073	44.1564	59.5443	0.00101914
-0.0526159	1.2384	780.78	0.24	0.237199	900.102	44.0965	59.5404	0.000982111
-0.0526003	1.2074	780.78	0.24	0.236189	900.13	44.0441	59.5267	0.000933557
-0.0525852	1.16627	780.78	0.24	0.235116	900.158	43.9864	59.5187	0.00087104
-0.0525707	1.11535	780.78	0.24	0.233779	900.184	43.9255	59.5151	0.000796638
-0.052557	1.05149	780.78	0.24	0.232129	900.21	43.871	59.5087	0.000708026
-0.0525443	0.969786	780.78	0.24	0.229852	900.234	43.8177	59.4983	0.000602272
-0.0525329	0.863824	780.78	0.24	0.226956	900.255	43.7894	59.4622	0.00047785
-0.052523	0.735139	780.78	0.24	0.224997	900.275	43.7765	59.415	0.000346083
-0.0525149	0.5928	780.78	0.24	0.223453	900.291	43.7874	59.3375	0.000225039
-0.0525088	0.43526	780.78	0.24	0.221552	900.304	43.809	59.2557	0.000121322
-0.0525049	0.257463	780.78	0.24	0.219657	900.313	43.8411	59.164	4.24493e-05
-0.0525034	0.065811	780.78	0.24	0.218061	900.318	43.8765	59.0691	2.77356e-06
-0.0525046	-0.139076	780.78	0.24	0.2166	900.318	43.9084	58.975	1.23864e-05
-0.0525084	-0.358344	780.78	0.24	0.215568	900.314	43.9249	58.8992	8.22324e-05
-0.0525151	-0.582783	780.78	0.24	0.214792	900.304	43.9235	58.8473	0.000217498
-0.0525248	-0.814039	780.78	0.24	0.214098	900.289	43.9092	58.8054	0.000424357
-0.0525375	-1.05106	780.78	0.24	0.213631	900.269	43.8723	58.7865	0.000707456
-0.0525533	-1.28996	780.78	0.24	0.213563	900.243	43.8076	58.8039	0.0010656
-0.0525721	-1.52938	780.78	0.24	0.213557	900.212	43.7397	58.8312	0.00149786
-0.052594	-1.76882	780.78	0.24	0.213738	900.176	43.6956	58.8288	0.00200359
-0.0526189	-2.00392	780.78	0.24	0.214321	900.134	43.6737	58.803	0.00257158
-0.0526468	-2.23416	780.78	0.24	0.21496	900.086	43.6366	58.7902	0.00319648
-0.0526775	-2.45881	780.78	0.24	0.215483	900.033	43.5754	58.8088	0.00387159
-0.0527112	-2.68094	780.78	0.24	0.215471	899.975	43.531	58.8099	0.00460274
-0.0527476	-2.90167	780.78	0.24	0.215639	899.912	43.5175	58.7766	0.00539183
-0.0527869	-3.12075	780.78	0.24	0.215796	899.844	43.5298	58.7177	0.00623675
-0.052829	-3.34011	780.78	0.24	0.215775	899.771	43.5613	58.6537	0.00714434
-0.0528738	-3.5597	780.78	0.24	0.215762	899.693	43.6199	58.555	0.00811461
-0.0529216	-3.7808	780.78	0.24	0.215794	899.609	43.686	58.4465	0.00915393
-0.0529721	-3.99897	780.78	0.24	0.216377	899.521	43.7241	58.3742	0.0102409
-0.0530253	-4.21008	780.78	0.24	0.21712	899.428	43.7505	58.3131	0.0113507
-0.0530812	-4.41349	780.78	0.24	0.218076	899.329	43.7733	58.2529	0.012474
-0.0531396	-4.60521	780.78	0.24	0.219396	899.227	43.7857	58.209	0.0135812
-0.0532003	-4.78697	780.78	0.24	0.220785	899.119	43.7889	58.177	0.0146745
-0.0532633	-4.95217	780.78	0.24	0.222916	899.008	43.7629	58.1764	0.0157048
-0.0533281	-5.09588	780.78	0.24	0.225406	898.893	43.7127	58.1954	0.0166295
-0.0533946	-5.21692	780.78	0.24	0.227851	898.775	43.6622	58.2121	0.0174289
-0.0534624	-5.31668	780.78	0.24	0.230151	898.655	43.6044	58.2397	0.0181018
-0.0535312	-5.39519	780.78	0.24	0.232591	898.532	43.4884	58.3345	0.0186404
-0.0536009	-5.45097	780.78	0.24	0.235276	898.407	43.3471	58.4456	0.0190278
-0.0536711	-5.48254	780.78	0.24	0.238043	898.281	43.1975	58.5653	0.0192488
-0.0537414	-5.48892	780.78	0.24	0.241042	898.155	43.0567	58.6764	0.0192937
-0.0538115	-5.46603	780.78	0.24	0.244336	898.029	42.9353	58.7774	0.0191331
-0.0538811	-5.41566	780.78	0.24	0.247236	897.903	42.8521	58.8323	0.0187821
-0.0539498	-5.34247	780.78	0.24	0.249908	897.779	42.7869	58.8786	0.0182779
-0.0540173	-5.24501	780.78	0.24	0.252278	897.657	42.7321	58.9027	0.0176171
-0.0540833	-5.12514	780.78	0.24	0.25469	897.537	42.6915	58.9124	0.016821
-0.0541477	-4.98434	780.78	0.24	0.257158	897.42	42.6773	58.8892	0.0159095
-0.05421	-4.82103	780.78	0.24	0.259927	897.306	42.6623	58.8758	0.014884
-0.0542699	-4.63129	780.78	0.24	0.262555	897.196	42.6611	58.8453	0.0137355
-0.0543272	-4.41944	780.78	0.24	0.265178	897.091	42.6694	58.808	0.0125076
-0.0543816	-4.18491	780.78	0.24	0.267498	896.991	42.6783	58.7651	0.0112154
-0.0544328	-3.92898	780.78	0.24	0.269789	896.896	42.6787	58.738	0.00988555
-0.0544805	-3.65095	780.78	0.24	0.272368	896.807	42.6876	58.7031	0.00853596
-0.0545244	-3.35797	780.78	0.24	0.279287	896.725	42.6635	63.3214	0.00722094
-0.054564	-2.99477	780.78	0.24	0.282583	896.65	42.6074	63.3246	0.0057434
-0.0545986	-2.60425	780.78	0.24	0.284995	896.584	42.5779	63.3048	0.00434317
-0.054628	-2.1939	780.78	0.24	0.286999	896.526	42.5608	63.2706	0.00308229
-0.0546521	-1.76647	780.78	0.24	0.288721	896.478	42.5385	63.2366	0.00199827
-0.0546704	-1.323	780.78	0.24	0.290715	896.44	42.4889	63.2224	0.00112088
-0.054683	-0.859087	780.78	0.24	0.292823	896.412	42.4215	63.2442	0.000472624
-0.0546894	-0.379765	780.78	0.24	0.294246	896.395	42.3793	63.2178	9.23574e-05
-0.0546896	0.108292	780.78	0.24	0.294918	896.389	42.3508	63.1751	7.50994e-06
-0.0546835	0.59782	780.78	0.24	0.294948	896.395	42.3208	63.1209	0.000228866
-0.0546711	1.08696	780.78	0.24	0.294595	896.411	42.2752	63.0818	0.000756599
-0.0546525	1.57433	780.78	0.24	0.29415	896.439	42.212	63.0642	0.0015872
-0.0546277	2.05231	780.78	0.24	0.293082	896.478	42.1635	63.0231	0.00269727
-0.0545969	2.51931	780.78	0.24	0.291577	896.528	42.1355	62.9593	0.00406447
-0.0545602	2.9738	780.78	0.24	0.290173	896.588	42.1234	62.8797	0.00566325
-0.0545179	3.4162	780.78	0.24	0.289053	896.659	42.1291	62.7798	0.00747359
-0.0544699	3.84998	780.78	0.24	0.287955	896.74	42.1458	62.6683	0.00949203
-0.0544166	4.26919	780.78	0.24	0.286986	896.831	42.1812	62.5258	0.0116716
-0.0543579	4.68794	780.78	0.24	0.286392	896.931	42.2068	62.3959	0.0140736
-0.0542939	5.09923	780.78	0.24	0.28554	897.042	42.2351	62.2613	0.0166514
-0.0542247	5.50093	780.78	0.24	0.28414	897.161	42.2628	62.126	0.0193782
-0.0541505	5.88781	780.78	0.24	0.282658	897.29	42.3007	61.977	0.0221998
-0.0540715	6.26061	780.78	0.24	0.281059	897.427	42.34	61.8273	0.0251
-0.0539878	6.62105	780.78	0.24	0.279436	897.573	42.388	61.6646	0.0280734
-0.0538996	6.96413	780.78	0.24	0.277504	897.728	42.4533	61.4803	0.0310581
-0.0538073	7.29035	780.78	0.24	0.275176	897.89	42.5352	61.2824	0.0340359
-0.053711	7.5945	780.78	0.24	0.272701	898.059	42.5894	61.1232	0.0369352
-0.0536109	7.87643	780.78	0.24	0.270295	898.236	42.6293	60.961	0.0397283
-0.0535075	8.13681	780.78	0.24	0.268096	898.418	42.6781	60.7791	0.0423985
-0.053401	8.37844	780.78	0.24	0.26582	898.607	42.7459	60.5859	0.044954
-0.0532915	8.5987	780.78	0.24	0.26363	898.801	42.8145	60.3962	0.0473485
-0.0531794	8.79999	780.78	0.24	0.261142	899.001	42.8829	60.2059	0.0495913
-0.0530649	8.9782	780.78	0.24	0.258433	899.204	42.9191	60.051	0.0516202
-0.0529484	9.12996	780.78	0.24	0.25533	899.412	42.9494	59.8981	0.0533801
-0.0528303	9.25048	780.78	0.24	0.251824	899.623	42.9675	59.7632	0.0547987
-0.0527109	9.34224	780.78	0.24	0.248543	899.837	42.9724	59.6428	0.0558912
-0.0525906	9.40517	780.78	0.24	0.245557	900.053	42.9667	59.5275	0.0566467
-0.0524698	9.43945	780.78	0.24	0.242179	900.27	42.9638	59.4144	0.0570604
-0.0523488	9.44222	780.78	0.24	0.238562	900.488	42.9589	59.3028	0.0570938
-0.0522281	9.40838	780.78	0.24	0.235351	900.706	42.9693	59.1679	0.0566853
-0.0521081	9.35499	780.78	0.24	0.23269	900.923	42.9458	59.0787	0.0560439
-0.051989	9.27629	780.78	0.24	0.230025	901.138	42.8948	59.0213	0.0551048
-0.0518711	9.17441	780.78	0.24	0.227394	901.352	42.8175	58.9901	0.0539011
-0.0517548	9.04846	780.78	0.24	0.224652	901.563	42.7306	58.9683	0.0524313
-0.0516403	8.89783	780.78	0.24	0.221954	901.771	42.6159	58.9788	0.0507001
-0.051528	8.72243	780.78	0.24	0.21925	901.976	42.4852	59.0058	0.048721
-0.0514182	8.52028	780.78	0.24	0.216509	902.176	42.356	59.0356	0.0464889
-0.0513112	8.29517	780.78	0.24	0.213658	902.372	42.234	59.055	0.0440648
-0.0512073	8.04242	780.78	0.24	0.2109	902.562	42.1037	59.0791	0.0414204
-0.0511069	7.76612	780.78	0.24	0.208128	902.747	41.9741	59.1076	0.0386234
-0.0510103	7.46579	780.78	0.24	0.205814	902.925	41.8422	59.1404	0.0356938
-0.0509177	7.15104	780.78	0.24	0.204495	903.095	41.6853	59.2038	0.0327477
-0.0508292	6.82256	780.78	0.24	0.20337	903.259	41.5203	59.2766	0.0298082
-0.050745	6.48892	780.78	0.24	0.203492	903.415	41.374	59.3339	0.0269642
-0.0506651	6.1569	780.78	0.24	0.203915	903.563	41.3039	59.3086	0.0242754
-0.0505894	5.83142	780.78	0.24	0.204763	903.704	41.2564	59.2655	0.0217766
-0.0505177	5.51542	780.78	0.24	0.205347	903.837	41.2449	59.1879	0.0194805
-0.0504501	5.20397	780.78	0.24	0.206155	903.963	41.238	59.1203	0.0173425
-0.0503864	4.9008	780.78	0.24	0.20695	904.082	41.2413	59.0292	0.0153807
-0.0503265	4.60573	780.78	0.24	0.207711	904.193	41.2544	58.9337	0.0135843
-0.0502703	4.31606	780.78	0.24	0.208905	904.298	41.2772	58.8325	0.0119293
-0.0502177	4.03981	780.78	0.24	0.210079	904.397	41.3201	58.717	0.0104511
-0.0501685	3.77101	780.78	0.24	0.210451	904.489	41.3766	58.583	0.0091066
-0.0501228	3.50376	780.78	0.24	0.210834	904.575	41.4217	58.4622	0.00786159
-0.0500804	3.24188	780.78	0.24	0.211477	904.654	41.4361	58.3722	0.00673032
-0.0500414	2.98697	780.78	0.24	0.212373	904.728	41.4104	58.3213	0.00571353
-0.0500055	2.73971	780.78	0.24	0.213413	904.796	41.3768	58.2898	0.00480674
-0.0499727	2.50256	780.78	0.24	0.214453	904.858	41.3844	58.2084	0.00401061
-0.0499429	2.26966	780.78	0.24	0.215239	904.915	41.3783	58.1406	0.00329886
-0.049916	2.0453	780.78	0.24	0.216017	904.966	41.3449	58.1042	0.00267889
-0.0498918	1.83005	780.78	0.24	0.216535	905.012	41.3043	58.0798	0.00214471
-0.0498704	1.61559	780.78	0.24	0.216286	905.053	41.2663	58.0524	0.00167148
-0.0498519	1.39388	780.78	0.24	0.216034	905.089	41.2347	58.0239	0.00124421
-0.0498361	1.17501	780.78	0.24	0.216135	905.12	41.2219	57.975	0.00088414
-0.0498231	0.957189	780.78	0.24	0.215749	905.146	41.2126	57.9226	0.000586728
-0.0498131	0.729378	780.78	0.24	0.215156	905.167	41.1926	57.884	0.00034068
-0.0498059	0.50274	780.78	0.24	0.215083	905.183	41.1846	57.8381	0.000161856
-0.0498016	0.274172	780.78	0.24	0.21455	905.193	41.1962	57.7688	4.8138e-05
-0.0498004	0.0385832	780.78	0.24	0.213866	905.198	41.1891	57.7204	9.5332e-07
-0.0498022	-0.200321	780.78	0.24	0.213482	905.198	41.1776	57.6711	2.56976e-05
-0.0498071	-0.44426	780.78	0.24	0.213169	905.192	41.156	57.6382	0.000126391
-0.0498151	-0.689602	780.78	0.24	0.212824	905.18	41.1308	57.6148	0.000304535
-0.0498263	-0.938394	780.78	0.24	0.21231	905.163	41.0901	57.6074	0.000563912
-0.0498408	-1.19245	780.78	0.24	0.211796	905.139	41.0313	57.6167	0.000910587
-0.0498585	-1.45089	780.78	0.24	0.21122	905.11	40.9515	57.6499	0.00134807
-0.0498796	-1.71802	780.78	0.24	0.210439	905.075	40.864	57.6834	0.00189016
-0.0499042	-1.98791	780.78	0.24	0.21045	905.034	40.7306	57.7678	0.00253067
-0.0499322	-2.25284	780.78	0.24	0.211151	904.986	40.5631	57.9045	0.00325014
-0.0499636	-2.51371	780.78	0.24	0.212232	904.932	40.3837	58.038	0.00404642
-0.0499982	-2.75922	780.78	0.24	0.214059	904.873	40.2148	58.1697	0.00487545
-0.0500357	-2.98567	780.78	0.24	0.216003	904.807	40.0881	58.255	0.00570853
-0.050076	-3.19536	780.78	0.24	0.217811	904.737	39.9801	58.3266	0.00653854
-0.0501188	-3.38852	780.78	0.24	0.21962	904.662	39.8904	58.3768	0.00735296
-0.050164	-3.56925	780.78	0.24	0.221391	904.582	39.8167	58.4135	0.00815822
-0.0502112	-3.73066	780.78	0.24	0.223132	904.498	39.7533	58.4387	0.00891278
-0.0502605	-3.87963	780.78	0.24	0.224795	904.411	39.6946	58.4583	0.00963877
-0.0503114	-4.01038	780.78	0.24	0.226627	904.32	39.6592	58.4585	0.0102994
-0.0503639	-4.12342	780.78	0.24	0.228568	904.227	39.6281	58.4534	0.0108882
-0.0504177	-4.21966	780.78	0.24	0.230253	904.131	39.5978	58.4495	0.0114024
-0.0504725	-4.30095	780.78	0.24	0.231917	904.033	39.5539	58.4619	0.0118459
-0.0505283	-4.36773	780.78	0.24	0.233531	903.933	39.5069	58.4734	0.0122167
-0.0505847	-4.41992	780.78	0.24	0.235091	903.831	39.4568	58.493	0.0125104
-0.0506417	-4.4585	780.78	0.24	0.236618	903.728	39.422	58.4965	0.0127297
-0.0506991	-4.48416	780.78	0.24	0.237909	903.625	39.408	58.4782	0.0128767
-0.0507567	-4.49837	780.78	0.24	0.239225	903.521	39.3965	58.4618	0.0129584
-0.0508143	-4.50179	780.78	0.24	0.240231	903.417	39.4012	58.4264	0.0129781
-0.050872	-4.49727	780.78	0.24	0.240918	903.313	39.4215	58.376	0.0129521
-0.0509296	-4.5005	780.78	0.24	0.24103	903.209	39.4718	58.265	0.0129707
-0.0509871	-4.49269	780.78	0.24	0.24205	903.105	39.5019	58.1931	0.0129257
-0.0510444	-4.4662	780.78	0.24	0.244036	903.001	39.5184	58.1491	0.0127737
-0.0511012	-4.42054	780.78	0.24	0.246202	902.898	39.5526	58.0878	0.0125139
-0.0511573	-4.36056	780.78	0.24	0.247375	902.796	39.6125	57.9955	0.0121766
-0.0512125	-4.29173	780.78	0.24	0.248316	902.696	39.6688	57.9105	0.0117952
-0.0512667	-4.2131	780.78	0.24	0.249195	902.597	39.7341	57.8091	0.011367
-0.0513199	-4.13114	780.78	0.24	0.249863	902.5	39.8073	57.6947	0.010929
-0.0513719	-4.04074	780.78	0.24	0.250521	902.405	39.8667	57.603	0.0104559
-0.0514227	-3.94345	780.78	0.24	0.251262	902.312	39.9275	57.5108	0.00995853
-0.0514723	-3.84114	780.78	0.24	0.251995	902.221	39.9813	57.4267	0.00944849
-0.0515204	-3.72852	780.78	0.24	0.253331	902.133	40.0275	57.3481	0.00890253
-0.051567	-3.60474	780.78	0.24	0.25447	902.048	40.0666	57.2732	0.00832128
-0.0516119	-3.47155	780.78	0.24	0.25524	901.965	40.1029	57.2021	0.00771768
-0.051655	-3.33268	780.78	0.24	0.255709	901.886	40.1411	57.1298	0.0071126
-0.0516963	-3.19105	780.78	0.24	0.256091	901.81	40.1638	57.0724	0.00652091
-0.0517358	-3.04523	780.78	0.24	0.256657	901.737	40.1963	57	0.00593858
-0.0517734	-2.89295	780.78	0.24	0.257179	901.667	40.2416	56.9161	0.0053595
-0.0518089	-2.73745	780.78	0.24	0.257412	901.601	40.2925	56.8265	0.00479881
-0.0518425	-2.58113	780.78	0.24	0.257332	901.539	40.354	56.7247	0.00426641
-0.051874	-2.42723	780.78	0.24	0.257146	901.48	40.4111	56.6295	0.00377281
-0.0519036	-2.27262	780.78	0.24	0.257344	901.425	40.4682	56.5316	0.00330746
-0.0519313	-2.11699	780.78	0.24	0.257691	901.374	40.5349	56.4187	0.00286999
-0.0519568	-1.95545	780.78	0.24	0.258444	901.326	40.5942	56.3176	0.00244868
-0.0519803	-1.78937	780.78	0.24	0.25902	901.282	40.6546	56.2175	0.00205042
-0.0520015	-1.61618	780.78	0.24	0.25953	901.241	40.7235	56.1051	0.00167271
-0.0520205	-1.44092	780.78	0.24	0.259532	901.205	40.7823	56.0044	0.00132959
-0.0520373	-1.26823	780.78	0.24	0.258979	901.173	40.841	55.9031	0.00103
-0.052052	-1.10573	780.78	0.24	0.258219	901.144	40.9221	55.7806	0.000782958
-0.0520646	-0.94567	780.78	0.24	0.2576	901.12	41.0201	55.6368	0.000572691
-0.0520752	-0.791736	780.78	0.24	0.256731	901.099	41.1112	55.4989	0.000401423
-0.0520839	-0.646242	780.78	0.24	0.256077	901.081	41.1887	55.3826	0.000267443
-0.0520909	-0.504708	780.78	0.24	0.255455	901.067	41.2731	55.2526	0.000163125
-0.052096	-0.371907	780.78	0.24	0.254807	901.057	41.3416	55.1399	8.85748e-05
-0.0520995	-0.243277	780.78	0.24	0.254196	901.049	41.4089	55.0172	3.79002e-05
-0.0521014	-0.11781	780.78	0.24	0.253764	901.044	41.4462	54.9359	8.88798e-06
-0.0521018	0.00203053	780.78	0.24	0.252894	901.042	41.5207	54.8099	2.64035e-09
-0.0521007	0.109646	780.78	0.24	0.251776	901.043	41.6159	54.6488	7.69885e-06
-0.0520983	0.210008	780.78	0.24	0.250975	901.046	41.6861	54.5233	2.82431e-05
-0.0520947	0.304568	780.78	0.24	0.250076	901.051	41.7236	54.4393	5.9403e-05
-0.05209	0.390393	780.78	0.24	0.249255	901.059	41.7376	54.3777	9.75992e-05
-0.0520842	0.471897	780.78	0.24	0.248935	901.068	41.7447	54.318	0.000142605
-0.0520773	0.554085	780.78	0.24	0.249342	901.08	41.7441	54.2705	0.000196605
-0.0520694	0.640652	780.78	0.24	0.250061	901.093	41.7141	54.3018	0.000262837
-0.0520604	0.729218	780.78	0.24	0.249853	901.108	41.8257	54.0991	0.00034053
-0.0520502	0.812232	780.78	0.24	0.248635	901.125	41.9747	53.8954	0.000422475
-0.0520391	0.887022	780.78	0.24	0.248039	901.145	42.0562	53.7606	0.000503861
-0.052027	0.961149	780.78	0.24	0.248729	901.166	42.0392	53.7331	0.000591593
-0.0520139	1.04202	780.78	0.24	0.249612	901.188	42.0025	53.7202	0.000695337
-0.0519997	1.13274	780.78	0.24	0.250474	901.213	41.9633	53.706	0.000821684
-0.0519843	1.22861	780.78	0.24	0.25091	901.239	41.9176	53.7006	0.000966649
-0.0519676	1.32751	780.78	0.24	0.251077	901.268	41.8651	53.7016	0.00112855
-0.0519497	1.42534	780.78	0.24	0.251008	901.3	41.8096	53.7065	0.001301
-0.0519305	1.52415	780.78	0.24	0.25088	901.333	41.7524	53.711	0.00148763
-0.05191	1.6202	780.78	0.24	0.250641	901.369	41.6785	53.7442	0.00168104
-0.0518884	1.7152	780.78	0.24	0.250637	901.407	41.5576	53.8123	0.00188397
-0.0518655	1.80967	780.78	0.24	0.250622	901.447	41.4202	53.8931	0.0020972
-0.0518414	1.90543	780.78	0.24	0.250568	901.489	41.2881	53.9712	0.00232503
-0.0518161	1.9993	780.78	0.24	0.25034	901.534	41.1624	54.0464	0.00255975
-0.0517896	2.08951	780.78	0.24	0.249937	901.581	41.0438	54.1086	0.00279595
-0.051762	2.17654	780.78	0.24	0.249424	901.629	40.9404	54.1559	0.00303371
-0.0517333	2.25675	780.78	0.24	0.24869	901.68	40.8526	54.1901	0.00326142
-0.0517037	2.33138	780.78	0.24	0.247934	901.733	40.7854	54.1936	0.00348071
-0.0516732	2.40032	780.78	0.24	0.247308	901.787	40.7308	54.1924	0.00368961
-0.0516418	2.46367	780.78	0.24	0.246705	901.843	40.6867	54.1819	0.00388691
-0.0516097	2.52134	780.78	0.24	0.246305	901.9	40.6523	54.1559	0.00407101
-0.0515768	2.57746	780.78	0.24	0.246148	901.959	40.6307	54.118	0.00425427
-0.0515433	2.63284	780.78	0.24	0.246155	902.018	40.611	54.082	0.00443904
-0.0515091	2.68803	780.78	0.24	0.246002	902.08	40.5894	54.0461	0.0046271
-0.0514741	2.74043	780.78	0.24	0.245651	902.142	40.5626	54.0132	0.00480925
-0.0514385	2.7893	780.78	0.24	0.245217	902.206	40.5266	53.9909	0.00498232
-0.0514024	2.83385	780.78	0.24	0.245014	902.27	40.4788	53.9805	0.00514275
-0.0513657	2.87971	780.78	0.24	0.245135	902.336	40.4188	53.9823	0.00531053
-0.0513283	2.92784	780.78	0.24	0.245431	902.403	40.3475	53.9915	0.00548954
-0.0512903	2.9782	780.78	0.24	0.245653	902.471	40.27	54.0082	0.00568001
-0.0512517	3.0286	780.78	0.24	0.245852	902.54	40.189	54.0272	0.00587389
-0.0512124	3.08227	780.78	0.24	0.246131	902.61	40.1038	54.0499	0.0060839
-0.0511724	3.13971	780.78	0.24	0.246528	902.682	40.0243	54.0667	0.00631278
-0.0511316	3.20036	780.78	0.24	0.246834	902.755	39.9412	54.0911	0.00655904
-0.05109	3.26198	780.78	0.24	0.246817	902.829	39.8581	54.1104	0.00681403
-0.0510477	3.32236	780.78	0.24	0.246557	902.905	39.7832	54.1202	0.0070686
-0.0510045	3.3809	780.78	0.24	0.246341	902.982	39.7037	54.138	0.00731992
-0.0509607	3.43651	780.78	0.24	0.245951	903.061	39.6265	54.1488	0.00756271
-0.0509162	3.48808	780.78	0.24	0.24538	903.141	39.5556	54.1546	0.00779136
-0.0508711	3.53185	780.78	0.24	0.24467	903.222	39.4882	54.1531	0.00798817
-0.0508254	3.57156	780.78	0.24	0.243989	903.304	39.4257	54.151	0.00816879
-0.0507794	3.60351	780.78	0.24	0.24301	903.386	39.364	54.1487	0.0083156
-0.050733	3.62646	780.78	0.24	0.242162	903.47	39.283	54.1701	0.00842182
-0.0506864	3.64216	780.78	0.24	0.241547	903.554	39.2081	54.1798	0.00849493
-0.0506396	3.65453	780.78	0.24	0.241337	903.638	39.1543	54.1655	0.0085527
-0.0505927	3.66756	780.78	0.24	0.241485	903.723	39.0945	54.1576	0.0086138
-0.0505456	3.68198	780.78	0.24	0.241675	903.808	39.0368	54.1489	0.0086817
-0.0504983	3.69733	780.78	0.24	0.241901	903.893	38.9833	54.1342	0.00875425
-0.0504508	3.714	780.78	0.24	0.241821	903.979	38.9265	54.1241	0.00883336
-0.050403	3.73048	780.78	0.24	0.241693	904.065	38.866	54.1185	0.0089119
-0.0503551	3.74517	780.78	0.24	0.241587	904.152	38.815	54.1001	0.00898224
-0.050307	3.75926	780.78	0.24	0.241774	904.238	38.7707	54.0768	0.00904995
-0.0502587	3.7767	780.78	0.24	0.242324	904.326	38.7366	54.0398	0.00913413
-0.0502101	3.80182	780.78	0.24	0.243214	904.413	38.7001	54.0086	0.009256
-0.0501611	3.83341	780.78	0.24	0.244003	904.501	38.6607	53.981	0.00941048
-0.0501116	3.87345	780.78	0.24	0.244712	904.591	38.6125	53.9643	0.00960811
-0.0500616	3.91914	780.78	0.24	0.245295	904.681	38.5698	53.9392	0.00983609
-0.0500109	3.97027	780.78	0.24	0.246357	904.772	38.5325	53.9119	0.0100944
-0.0499595	4.03276	780.78	0.24	0.247491	904.864	38.5343	53.8407	0.0104147
-0.0499072	4.1045	780.78	0.24	0.24845	904.958	38.5482	53.7604	0.0107885
-0.0498539	4.18343	780.78	0.24	0.249081	905.053	38.5728	53.6648	0.0112074
-0.0497995	4.26694	780.78	0.24	0.249438	905.151	38.5904	53.5791	0.0116594
-0.049744	4.3503	780.78	0.24	0.249666	905.25	38.6032	53.4895	0.0121194
-0.0496875	4.43956	780.78	0.24	0.249934	905.352	38.604	53.4191	0.0126218
-0.0496297	4.53054	780.78	0.24	0.250074	905.455	38.5877	53.3689	0.0131444
-0.0495708	4.62165	780.78	0.24	0.249944	905.561	38.5567	53.3282	0.0136784
-0.0495108	4.70939	780.78	0.24	0.249436	905.669	38.51	53.3019	0.0142027
-0.0494497	4.79186	780.78	0.24	0.248913	905.778	38.436	53.3054	0.0147045
-0.0493875	4.86899	780.78	0.24	0.248148	905.89	38.3374	53.332	0.0151817
-0.0493245	4.93886	780.78	0.24	0.247086	906.003	38.2215	53.3723	0.0156205
-0.0492607	4.99531	780.78	0.24	0.245624	906.118	38.09	53.4315	0.0159796
-0.0491962	5.03939	780.78	0.24	0.244079	906.235	37.9504	53.4925	0.0162629
-0.0491314	5.07105	780.78	0.24	0.242774	906.352	37.8127	53.5524	0.0164679
-0.0490662	5.08885	780.78	0.24	0.24108	906.47	37.598	53.688	0.0165836
-0.0490011	5.07488	780.78	0.24	0.238819	906.588	37.3503	53.9496	0.0164927
-0.0489362	5.06151	780.78	0.24	0.23838	906.706	37.2875	53.8942	0.016406
-0.0488716	5.03879	780.78	0.24	0.237803	906.823	37.2743	53.9495	0.016259
-0.0488073	5.0153	780.78	0.24	0.236916	906.94	37.2092	53.9632	0.0161078
-0.0487434	4.97889	780.78	0.24	0.235232	907.056	36.8486	54.2454	0.0158747
-0.0486801	4.92773	780.78	0.24	0.233398	907.172	36.5471	54.4066	0.0155502
-0.0486176	4.85986	780.78	0.24	0.231548	907.286	36.2867	54.596	0.0151248
-0.0485562	4.77263	780.78	0.24	0.229338	907.399	36.0488	54.7637	0.0145867
-0.048496	4.66543	780.78	0.24	0.228046	907.509	35.8856	54.8435	0.0139388
-0.0484373	4.55263	780.78	0.24	0.227235	907.617	35.7538	54.9063	0.0132729
-0.0483802	4.42776	780.78	0.24	0.226823	907.722	35.6593	54.9407	0.0125548
-0.0483246	4.30881	780.78	0.24	0.226942	907.824	35.5987	54.9306	0.0118893
-0.0482706	4.18907	780.78	0.24	0.226889	907.924	35.5585	54.897	0.0112377
-0.0482181	4.07111	780.78	0.24	0.227073	908.02	35.5257	54.8621	0.0106137
-0.0481671	3.95354	780.78	0.24	0.226978	908.114	35.4866	54.8315	0.0100095
-0.0481176	3.83336	780.78	0.24	0.226585	908.206	35.4388	54.8168	0.00941022
-0.0480697	3.70535	780.78	0.24	0.226168	908.294	35.406	54.7793	0.00879227
-0.0480235	3.57709	780.78	0.24	0.225731	908.38	35.3905	54.7318	0.00819411
-0.0479789	3.4445	780.78	0.24	0.22512	908.462	35.3969	54.6583	0.00759791
-0.0479361	3.30618	780.78	0.24	0.224479	908.542	35.4152	54.5705	0.00699995
-0.0478952	3.16106	780.78	0.24	0.223936	908.618	35.4452	54.4764	0.00639891
-0.0478561	3.01188	780.78	0.24	0.223149	908.69	35.4906	54.3664	0.0058092
-0.047819	2.85271	780.78	0.24	0.222205	908.76	35.5468	54.2459	0.00521142
-0.0477841	2.68723	780.78	0.24	0.221656	908.825	35.6024	54.123	0.00462434
-0.0477513	2.51871	780.78	0.24	0.221273	908.887	35.6345	54.0271	0.00406255
-0.0477207	2.34409	780.78	0.24	0.22061	908.944	35.6598	53.9434	0.00351877
-0.0476924	2.16333	780.78	0.24	0.220015	908.998	35.695	53.8485	0.00299699
-0.0476664	1.97801	780.78	0.24	0.219357	909.047	35.7422	53.7433	0.00250553
-0.047643	1.78506	780.78	0.24	0.218297	909.092	35.814	53.6163	0.00204056
-0.047622	1.58396	780.78	0.24	0.217633	909.133	35.9656	53.3889	0.00160667
-0.0476037	1.37601	780.78	0.24	0.216872	909.168	36.148	53.1545	0.00121251
-0.0475881	1.16071	780.78	0.24	0.215837	909.199	36.3203	52.9314	0.000862765
-0.0475754	0.934863	780.78	0.24	0.214613	909.225	36.4802	52.7215	0.000559677
-0.0475657	0.696924	780.78	0.24	0.213072	909.245	36.6343	52.5148	0.000311037
-0.0475592	0.443072	780.78	0.24	0.211449	909.26	36.7829	52.3216	0.000125716
-0.0475561	0.173352	780.78	0.24	0.209705	909.269	36.9232	52.1314	1.92442e-05
-0.0475565	-0.108686	780.78	0.24	0.208379	909.271	37.0966	51.903	7.56467e-06
-0.0475607	-0.401329	780.78	0.24	0.20775	909.267	37.2781	51.6842	0.000103144
-0.0475687	-0.696226	780.78	0.24	0.207611	909.256	37.4967	51.4258	0.000310414
-0.0475805	-0.993611	780.78	0.24	0.207236	909.238	37.7149	51.1656	0.000632228
-0.0475961	-1.29591	780.78	0.24	0.206629	909.213	37.901	50.9469	0.00107545
-0.0476156	-1.60276	780.78	0.24	0.206047	909.181	38.0557	50.7581	0.00164504
-0.0476392	-1.91704	780.78	0.24	0.205086	909.142	38.1828	50.6019	0.00235344
-0.0476668	-2.23926	780.78	0.24	0.204674	909.096	38.3143	50.4308	0.00321107
-0.0476985	-2.55979	780.78	0.24	0.204993	909.042	38.4564	50.2594	0.00419614
-0.0477344	-2.87835	780.78	0.24	0.205363	908.98	38.5889	50.0984	0.00530554
-0.0477743	-3.19243	780.78	0.24	0.205844	908.911	38.7053	49.9601	0.00652657
-0.0478181	-3.50263	780.78	0.24	0.206358	908.835	38.8074	49.8344	0.00785652
-0.0478659	-3.80704	780.78	0.24	0.207319	908.752	38.8899	49.7324	0.00928144
-0.0479175	-4.09922	780.78	0.24	0.208964	908.662	38.958	49.645	0.0107608
-0.0479727	-4.37456	780.78	0.24	0.210972	908.565	39.028	49.5597	0.0122549
-0.0480312	-4.63028	780.78	0.24	0.213081	908.461	39.1023	49.471	0.0137295
-0.0480928	-4.86797	780.78	0.24	0.215212	908.352	39.1631	49.3954	0.0151753
-0.0481573	-5.0846	780.78	0.24	0.217446	908.237	39.2083	49.3433	0.016556
-0.0482243	-5.28217	780.78	0.24	0.219712	908.118	39.2451	49.3035	0.0178676
-0.0482937	-5.45757	780.78	0.24	0.222068	907.994	39.2746	49.2692	0.0190739
-0.0483651	-5.61218	780.78	0.24	0.224296	907.866	39.2931	49.2472	0.0201699
-0.0484383	-5.74725	780.78	0.24	0.226322	907.735	39.2998	49.2377	0.0211525
-0.048513	-5.86425	780.78	0.24	0.228471	907.601	39.299	49.2365	0.0220225
-0.0485891	-5.96336	780.78	0.24	0.230501	907.464	39.2851	49.2544	0.0227731
-0.0486663	-6.04207	780.78	0.24	0.232638	907.324	39.2514	49.288	0.0233783
-0.0487443	-6.10231	780.78	0.24	0.234842	907.184	39.1777	49.3605	0.0238468
-0.0488228	-6.14427	780.78	0.24	0.237365	907.042	39.0531	49.4936	0.0241759
-0.0489017	-6.15822	780.78	0.24	0.240559	906.899	38.9221	49.6303	0.0242857
-0.0489804	-6.13985	780.78	0.24	0.243846	906.756	38.8077	49.7476	0.0241411
-0.0490587	-6.09225	780.78	0.24	0.247005	906.613	38.6792	49.8803	0.0237682
-0.049136	-6.01913	780.78	0.24	0.249703	906.472	38.5631	50.0015	0.0232011
-0.0492122	-5.92116	780.78	0.24	0.25225	906.333	38.4747	50.0893	0.022452
-0.0492869	-5.80388	780.78	0.24	0.254263	906.196	38.39	50.1759	0.0215714
-0.04936	-5.66953	780.78	0.24	0.255869	906.062	38.3063	50.2595	0.0205842
-0.0494312	-5.52447	780.78	0.24	0.257415	905.931	38.2125	50.353	0.0195444
-0.0495004	-5.35901	780.78	0.24	0.259678	905.804	38.133	50.4307	0.0183912
-0.0495673	-5.17752	780.78	0.24	0.261786	905.681	38.0693	50.5086	0.0171666
-0.0496317	-4.97349	780.78	0.24	0.263589	905.562	38.0169	50.5574	0.0158403
-0.0496933	-4.75572	780.78	0.24	0.26511	905.448	37.9573	50.6115	0.0144835
-0.049752	-4.52355	780.78	0.24	0.266691	905.339	37.8758	50.6908	0.0131039
-0.0498076	-4.2778	780.78	0.24	0.267899	905.235	37.7836	50.7756	0.0117188
-0.0498599	-4.0235	780.78	0.24	0.268649	905.138	37.6765	50.8762	0.0103669
-0.049909	-3.76434	780.78	0.24	0.268811	905.046	37.5675	50.9745	0.00907442
-0.0499547	-3.50689	780.78	0.24	0.268275	904.96	37.4551	51.0754	0.00787565
-0.0499972	-3.25717	780.78	0.24	0.267216	904.88	37.3528	51.1621	0.00679396
-0.0500366	-3.01646	780.78	0.24	0.266425	904.806	37.2563	51.2488	0.00582688
-0.050073	-2.78146	780.78	0.24	0.265655	904.738	37.1767	51.3088	0.00495437
-0.0501064	-2.55811	780.78	0.24	0.264217	904.675	37.1014	51.3551	0.00419063
-0.0501371	-2.34958	780.78	0.24	0.262088	904.616	37.017	51.4211	0.00353527
-0.0501654	-2.16102	780.78	0.24	0.259864	904.563	36.957	51.4535	0.00299061
-0.0501914	-1.98883	780.78	0.24	0.258555	904.514	36.8885	51.5039	0.002533
-0.0502153	-1.82975	780.78	0.24	0.256796	904.469	36.841	51.5205	0.00214399
-0.0502374	-1.6993	780.78	0.24	0.254066	904.428	36.795	51.55	0.0018492
-0.050258	-1.58356	780.78	0.24	0.252349	904.389	36.7475	51.5844	0.00160587
-0.0502773	-1.4769	780.78	0.24	0.251642	904.353	36.7114	51.5828	0.00139683
-0.0502953	-1.38347	780.78	0.24	0.249933	904.319	36.6278	51.6468	0.00122569
-0.0503122	-1.30514	780.78	0.24	0.247689	904.288	36.5835	51.6655	0.00109083
-0.0503283	-1.24486	780.78	0.24	0.245985	904.258	36.5829	51.6585	0.000992398
-0.0503438	-1.19611	780.78	0.24	0.244893	904.229	36.5631	51.6445	0.000916179
-0.0503587	-1.15873	780.78	0.24	0.243512	904.202	36.5501	51.6244	0.00085981
-0.0503733	-1.13474	780.78	0.24	0.241999	904.175	36.5297	51.6103	0.000824584
-0.0503877	-1.12151	780.78	0.24	0.241334	904.149	36.4967	51.6396	0.000805473
-0.050402	-1.11613	780.78	0.24	0.240547	904.123	36.533	51.564	0.000797753
-0.0504162	-1.11718	780.78	0.24	0.239291	904.097	36.5805	51.4833	0.000799261
-0.0504307	-1.1328	780.78	0.24	0.238051	904.071	36.6285	51.4036	0.000821764
-0.0504454	-1.15617	780.78	0.24	0.236939	904.045	36.6722	51.3288	0.000856018
-0.0504605	-1.18949	780.78	0.24	0.236105	904.018	36.7037	51.2692	0.000906074
-0.0504761	-1.22836	780.78	0.24	0.235377	903.99	36.7277	51.2143	0.000966264
-0.0504923	-1.2739	780.78	0.24	0.234818	903.962	36.7515	51.1525	0.00103923
-0.050509	-1.32211	780.78	0.24	0.234664	903.932	36.7517	51.1222	0.00111938
-0.0505264	-1.37203	780.78	0.24	0.234732	903.901	36.7329	51.109	0.0012055
-0.0505445	-1.41989	780.78	0.24	0.234757	903.869	36.71	51.1002	0.00129106
-0.0505631	-1.46955	780.78	0.24	0.23452	903.836	36.6845	51.0933	0.00138296
-0.0505824	-1.52168	780.78	0.24	0.23437	903.802	36.6572	51.0948	0.00148281
-0.0506024	-1.57475	780.78	0.24	0.234151	903.766	36.6532	51.0688	0.00158804
-0.0506231	-1.63311	780.78	0.24	0.233871	903.729	36.6584	51.0207	0.00170795
-0.0506446	-1.68986	780.78	0.24	0.23405	903.691	36.649	51.0027	0.00182869
-0.0506668	-1.74379	780.78	0.24	0.234186	903.652	36.6628	50.9585	0.00194729
-0.0506896	-1.79893	780.78	0.24	0.234037	903.611	36.6942	50.8987	0.00207238
-0.0507132	-1.85505	780.78	0.24	0.233653	903.569	36.7456	50.8213	0.0022037
-0.0507375	-1.91608	780.78	0.24	0.232979	903.526	36.8242	50.7126	0.00235109
-0.0507627	-1.98124	780.78	0.24	0.232887	903.481	36.92	50.5911	0.00251372
-0.0507887	-2.04519	780.78	0.24	0.233281	903.435	37.0041	50.4912	0.00267862
-0.0508154	-2.10328	780.78	0.24	0.234102	903.387	37.0504	50.42	0.00283292
-0.0508429	-2.15324	780.78	0.24	0.23515	903.338	37.1158	50.329	0.0029691
-0.0508709	-2.19338	780.78	0.24	0.236139	903.288	37.1998	50.2191	0.00308085
-0.0508993	-2.22428	780.78	0.24	0.237127	903.237	37.3019	50.0908	0.00316825
-0.050928	-2.24888	780.78	0.24	0.238113	903.186	37.4094	49.9558	0.00323873
-0.0509569	-2.2614	780.78	0.24	0.239273	903.134	37.5222	49.8207	0.00327488
-0.0509859	-2.26374	780.78	0.24	0.240369	903.081	37.6448	49.675	0.00328166
-0.0510149	-2.25822	780.78	0.24	0.241353	903.029	37.7753	49.5209	0.00326569
-0.0510436	-2.24151	780.78	0.24	0.242511	902.977	37.9068	49.3662	0.00321754
-0.0510721	-2.21439	780.78	0.24	0.243607	902.925	38.0415	49.2076	0.00314014
-0.0511001	-2.17886	780.78	0.24	0.244403	902.874	38.1759	49.0492	0.00304019
-0.0511276	-2.13701	780.78	0.24	0.245065	902.824	38.3111	48.8855	0.00292451
-0.0511546	-2.0877	780.78	0.24	0.246193	902.775	38.4324	48.7434	0.00279113
-0.0511807	-2.02807	780.78	0.24	0.247121	902.727	38.5377	48.6179	0.00263396
-0.0512061	-1.96213	780.78	0.24	0.247661	902.68	38.6353	48.4978	0.00246546
-0.0512305	-1.89077	780.78	0.24	0.248285	902.635	38.746	48.3914	0.00228937
-0.0512541	-1.81996	780.78	0.24	0.24867	902.592	38.8894	48.222	0.00212111
-0.0512766	-1.73757	780.78	0.24	0.249807	902.55	39.0376	48.0635	0.00193343
-0.051298	-1.6483	780.78	0.24	0.25044	902.511	39.1376	47.9369	0.00173985
-0.0513182	-1.55118	780.78	0.24	0.251684	902.473	39.1181	47.9365	0.00154088
-0.0513372	-1.47214	780.78	0.24	0.252632	902.438	39.1601	47.9312	0.00138785
-0.0513549	-1.35024	780.78	0.24	0.254474	902.404	39.3714	47.6674	0.00116751
-0.0513709	-1.21692	780.78	0.24	0.255228	902.374	39.3355	47.7066	0.000948341
-0.0513852	-1.07966	780.78	0.24	0.255257	902.347	39.3335	47.687	0.000746476
-0.0513977	-0.943813	780.78	0.24	0.255699	902.322	39.3472	47.6724	0.000570445
-0.0514085	-0.803375	780.78	0.24	0.255533	902.301	39.3563	47.6393	0.000413312
-0.0514174	-0.667534	780.78	0.24	0.254744	902.284	39.3344	47.6341	0.000285357
-0.0514247	-0.535305	780.78	0.24	0.254633	902.269	39.2877	47.6583	0.000183503
-0.0514303	-0.402496	780.78	0.24	0.254861	902.257	39.2533	47.6635	0.000103744
-0.0514342	-0.272185	780.78	0.24	0.254119	902.249	39.2281	47.6481	4.74427e-05
-0.0514365	-0.149947	780.78	0.24	0.253082	902.243	39.1947	47.6559	1.43984e-05
-0.0514375	-0.0716939	780.78	0.24	0.25322	902.241	39.2321	47.7043	3.29159e-06
-0.0514381	-0.0827211	780.78	0.24	0.250755	902.24	39.1159	48.1858	4.38202e-06
-0.0514384	-0.00785614	780.78	0.24	0.251871	902.238	39.0546	48.4199	3.95239e-08
-0.0514376	0.079301	780.78	0.24	0.251828	902.239	38.8233	48.8027	4.02715e-06
-0.0514356	0.182829	780.78	0.24	0.251234	902.241	38.7666	48.8597	2.14059e-05
-0.0514323	0.28375	780.78	0.24	0.251227	902.246	38.5942	48.9877	5.15599e-05
-0.0514277	0.383412	780.78	0.24	0.251026	902.253	38.4057	49.1463	9.41398e-05
-0.0514218	0.480706	780.78	0.24	0.2506	902.263	38.2051	49.3167	0.000147979
-0.0514148	0.571978	780.78	0.24	0.250301	902.274	37.9916	49.4929	0.000209508
-0.0514066	0.662939	780.78	0.24	0.250077	902.288	37.7864	49.6643	0.000281442
-0.0513972	0.750211	780.78	0.24	0.249688	902.304	37.6082	49.8046	0.000360419
-0.0513868	0.834944	780.78	0.24	0.249473	902.322	37.4483	49.9339	0.000446433
-0.0513753	0.917938	780.78	0.24	0.249433	902.341	37.3135	50.03	0.000539595
-0.0513627	1.00315	780.78	0.24	0.249592	902.363	37.1853	50.1285	0.000644428
-0.051349	1.08923	780.78	0.24	0.249977	902.387	37.0691	50.2061	0.000759768
-0.0513342	1.18247	780.78	0.24	0.250901	902.412	36.9877	50.2483	0.000895406
-0.0513181	1.28293	780.78	0.24	0.251409	902.44	36.9389	50.2539	0.00105402
-0.0513007	1.38582	780.78	0.24	0.251661	902.471	36.8949	50.2592	0.00122987
-0.0512819	1.49424	780.78	0.24	0.252773	902.503	36.7876	50.3804	0.00142983
-0.0512616	1.61622	780.78	0.24	0.255054	902.538	36.7359	50.387	0.00167279
-0.0512396	1.75994	780.78	0.24	0.256881	902.577	36.7522	50.3244	0.00198352
-0.0512155	1.91446	780.78	0.24	0.25756	902.618	36.7152	50.3139	0.00234711
-0.0511895	2.07243	780.78	0.24	0.257755	902.663	36.659	50.3346	0.00275044
-0.0511614	2.23672	780.78	0.24	0.259108	902.712	36.688	50.2534	0.00320378
-0.0511311	2.41479	780.78	0.24	0.260386	902.765	36.7026	50.1883	0.00373423
-0.0510983	2.60314	780.78	0.24	0.261374	902.822	36.6961	50.1433	0.00433948
-0.0510631	2.7981	780.78	0.24	0.261828	902.883	36.6811	50.1065	0.00501381
-0.0510254	2.9953	780.78	0.24	0.261937	902.949	36.6556	50.0774	0.00574542
-0.0509851	3.19129	780.78	0.24	0.261361	903.019	36.6273	50.0514	0.00652192
-0.0509424	3.38052	780.78	0.24	0.260544	903.094	36.5826	50.0442	0.00731827
-0.0508975	3.55107	780.78	0.24	0.259254	903.174	36.5548	50.007	0.00807532
-0.0508504	3.71683	780.78	0.24	0.257475	903.257	36.5385	49.9667	0.00884681
-0.0508013	3.86666	780.78	0.24	0.256227	903.344	36.5159	49.9773	0.00957443
-0.0507504	3.99943	780.78	0.24	0.253597	903.434	36.593	49.8356	0.0102432
-0.0506981	4.11663	780.78	0.24	0.25237	903.527	36.6167	49.7492	0.0108524
-0.0506443	4.23036	780.78	0.24	0.252878	903.623	36.5358	49.7756	0.0114603
-0.050589	4.34677	780.78	0.24	0.252889	903.722	36.4912	49.7542	0.0120997
-0.0505322	4.4606	780.78	0.24	0.252395	903.823	36.4486	49.7329	0.0127417
-0.050474	4.57046	780.78	0.24	0.25196	903.927	36.3993	49.7211	0.0133771
-0.0504145	4.67542	780.78	0.24	0.25139	904.034	36.351	49.7017	0.0139986
-0.0503536	4.77525	780.78	0.24	0.250676	904.142	36.2987	49.6946	0.0146027
-0.0502915	4.86761	780.78	0.24	0.249739	904.254	36.2459	49.6836	0.0151731
-0.0502284	4.9512	780.78	0.24	0.248633	904.367	36.1826	49.6827	0.0156986
-0.0501643	5.02342	780.78	0.24	0.247155	904.482	36.1125	49.6882	0.01616
-0.0500994	5.07988	780.78	0.24	0.245206	904.599	36.0391	49.6967	0.0165252
-0.0500339	5.11751	780.78	0.24	0.243288	904.717	35.974	49.6997	0.016771
-0.0499681	5.13924	780.78	0.24	0.241323	904.836	35.9204	49.6887	0.0169137
-0.0499022	5.14124	780.78	0.24	0.23902	904.955	35.8694	49.6754	0.0169269
-0.0498366	5.12193	780.78	0.24	0.236735	905.074	35.814	49.6642	0.0168
-0.0497713	5.08356	780.78	0.24	0.234676	905.192	35.761	49.6528	0.0165492
-0.0497067	5.0258	780.78	0.24	0.232461	905.31	35.7263	49.6255	0.0161753
-0.0496431	4.94724	780.78	0.24	0.22996	905.426	35.7144	49.5763	0.0156735
-0.0495807	4.83821	780.78	0.24	0.227154	905.54	35.7132	49.518	0.0149903
-0.0495199	4.71007	780.78	0.24	0.224512	905.652	35.7575	49.4026	0.0142068
-0.049461	4.55356	780.78	0.24	0.221268	905.76	35.7923	49.3006	0.0132783
-0.0494045	4.3675	780.78	0.24	0.217539	905.865	35.7793	49.2574	0.0122154
-0.0493506	4.13876	780.78	0.24	0.214445	905.965	35.7667	49.202	0.0109694
-0.0492999	3.89893	780.78	0.24	0.212872	906.06	35.7376	49.1792	0.0097349
-0.0492524	3.64476	780.78	0.24	0.211076	906.149	35.7303	49.1374	0.00850704
-0.0492083	3.37427	780.78	0.24	0.209313	906.232	35.7362	49.0823	0.00729123
-0.0491678	3.08858	780.78	0.24	0.207596	906.309	35.7627	49.0029	0.00610886
-0.0491311	2.78646	780.78	0.24	0.205665	906.379	35.8045	48.913	0.00497219
-0.0490985	2.46641	780.78	0.24	0.203872	906.442	35.8488	48.8236	0.00389557
-0.0490701	2.13033	780.78	0.24	0.202061	906.497	35.9031	48.7274	0.00290625
-0.0490461	1.77762	780.78	0.24	0.200151	906.545	35.9723	48.6151	0.00202358
-0.0490269	1.40655	780.78	0.24	0.198322	906.584	36.0459	48.5025	0.00126693
-0.0490126	1.01878	780.78	0.24	0.19674	906.614	36.1045	48.3908	0.00066467
-0.0490034	0.620474	780.78	0.24	0.195773	906.636	36.1477	48.3087	0.00024654
-0.0489993	0.215727	780.78	0.24	0.195191	906.648	36.1825	48.2388	2.98024e-05
-0.0490004	-0.1932	780.78	0.24	0.194674	906.65	36.2301	48.1592	2.39031e-05
-0.0490069	-0.611519	780.78	0.24	0.194297	906.643	36.2988	48.0626	0.000239476
-0.0490187	-1.02775	780.78	0.24	0.194134	906.627	36.371	47.96	0.000676423
-0.0490359	-1.44428	780.78	0.24	0.194266	906.601	36.4426	47.8633	0.00133581
-0.0490584	-1.85873	780.78	0.24	0.194626	906.565	36.5213	47.76	0.00221245
-0.0490861	-2.26984	780.78	0.24	0.195378	906.519	36.618	47.6459	0.00329939
-0.0491191	-2.67058	780.78	0.24	0.196426	906.464	36.7241	47.5201	0.00456724
-0.0491571	-3.06285	780.78	0.24	0.197554	906.4	36.8419	47.3809	0.00600749
-0.0492	-3.44384	780.78	0.24	0.199028	906.326	36.9497	47.2542	0.00759499
-0.0492476	-3.80762	780.78	0.24	0.201157	906.244	37.0204	47.1799	0.00928428
-0.0492997	-4.14997	780.78	0.24	0.203629	906.154	37.0836	47.1094	0.0110289
-0.0493559	-4.47062	780.78	0.24	0.205994	906.056	37.1431	47.0414	0.012799
-0.0494161	-4.76937	780.78	0.24	0.20838	905.95	37.1912	46.9882	0.0145668
-0.0494799	-5.04727	780.78	0.24	0.210639	905.838	37.2268	46.9466	0.0163137
-0.049547	-5.3052	780.78	0.24	0.212848	905.719	37.2428	46.9278	0.0180237
-0.0496173	-5.54282	780.78	0.24	0.215107	905.595	37.2431	46.9258	0.0196745
-0.0496904	-5.76131	780.78	0.24	0.21738	905.465	37.2292	46.9421	0.0212561
-0.0497661	-5.95705	780.78	0.24	0.219819	905.33	37.2023	46.9722	0.022725
-0.0498441	-6.13114	780.78	0.24	0.222344	905.191	37.1616	47.0207	0.0240726
-0.0499241	-6.28015	780.78	0.24	0.225267	905.048	37.1695	47.0179	0.025257
-0.0500057	-6.40333	780.78	0.24	0.22797	904.901	37.1853	47.0078	0.0262575
-0.0500887	-6.50285	780.78	0.24	0.230605	904.752	37.1942	47.0032	0.02708
-0.0501728	-6.57902	780.78	0.24	0.233189	904.601	37.1866	47.0178	0.0277181
-0.0502576	-6.63351	780.78	0.24	0.235742	904.448	37.1547	47.0588	0.0281792
-0.0503429	-6.66278	780.78	0.24	0.238517	904.294	37.0952	47.1259	0.0284284
-0.0504283	-6.66688	780.78	0.24	0.241134	904.14	37.0105	47.219	0.0284634
-0.0505135	-6.64964	780.78	0.24	0.243465	903.986	36.9088	47.3324	0.0283164
-0.0505983	-6.61098	780.78	0.24	0.245633	903.832	36.8027	47.4504	0.0279881
-0.0506825	-6.55536	780.78	0.24	0.247238	903.679	36.7292	47.5373	0.0275191
-0.0507657	-6.48076	780.78	0.24	0.249782	903.528	36.7806	47.4833	0.0268964
-0.0508479	-6.38514	780.78	0.24	0.251906	903.378	36.8424	47.4293	0.0261085
-0.0509286	-6.27257	780.78	0.24	0.253611	903.231	36.8788	47.4038	0.025196
-0.0510077	-6.14586	780.78	0.24	0.255125	903.087	36.88	47.413	0.0241884
-0.0510851	-6.00415	780.78	0.24	0.256715	902.945	36.8597	47.4387	0.0230858
-0.0511605	-5.84757	780.78	0.24	0.258505	902.807	36.8007	47.5078	0.0218974
-0.0512337	-5.67526	780.78	0.24	0.260381	902.673	36.7813	47.5161	0.0206259
-0.0513046	-5.48195	780.78	0.24	0.262885	902.543	36.83	47.4668	0.0192447
-0.0513728	-5.26841	780.78	0.24	0.265073	902.417	36.9103	47.3888	0.0177746
-0.051438	-5.03447	780.78	0.24	0.26712	902.297	36.9702	47.3324	0.0162311
-0.0515001	-4.78432	780.78	0.24	0.268912	902.182	37.0115	47.2927	0.0146583
-0.0515589	-4.51772	780.78	0.24	0.270692	902.073	37.0272	47.2791	0.0130701
-0.051614	-4.23534	780.78	0.24	0.272256	901.97	37.0323	47.2743	0.0114873
-0.0516655	-3.94025	780.78	0.24	0.273633	901.874	37.023	47.28	0.00994234
-0.051713	-3.63333	780.78	0.24	0.274729	901.785	37.0172	47.2825	0.00845377
-0.0517565	-3.32091	780.78	0.24	0.275646	901.703	37.0414	47.2582	0.00706247
-0.0517959	-2.99607	780.78	0.24	0.276854	901.628	37.0934	47.1948	0.00574838
-0.0518311	-2.65785	780.78	0.24	0.278593	901.561	37.1234	47.166	0.0045238
-0.0518617	-2.30465	780.78	0.24	0.280295	901.501	37.153	47.1234	0.00340135
-0.0518877	-1.93622	780.78	0.24	0.281821	901.45	37.2003	47.0679	0.00240077
-0.0519089	-1.55468	780.78	0.24	0.283005	901.407	37.2535	46.9993	0.00154783
-0.0519251	-1.16424	780.78	0.24	0.284135	901.374	37.2897	46.9426	0.000868016
-0.0519361	-0.762978	780.78	0.24	0.284971	901.349	37.3088	46.9036	0.000372791
-0.051942	-0.35569	780.78	0.24	0.285518	901.334	37.3069	46.8828	8.10185e-05
-0.0519426	0.0551644	780.78	0.24	0.285787	901.328	37.3048	46.855	1.94876e-06
-0.0519379	0.465992	780.78	0.24	0.285731	901.332	37.316	46.8182	0.000139059
-0.051928	0.876697	780.78	0.24	0.285567	901.345	37.3288	46.7819	0.000492199
-0.0519129	1.28476	780.78	0.24	0.285232	901.368	37.3334	46.7399	0.00105703
-0.0518925	1.69034	780.78	0.24	0.284768	901.4	37.338	46.6982	0.00182974
-0.051867	2.08972	780.78	0.24	0.284142	901.441	37.3411	46.6532	0.00279652
-0.0518365	2.48374	780.78	0.24	0.283356	901.491	37.342	46.6122	0.00395053
-0.0518009	2.8701	780.78	0.24	0.282371	901.551	37.3421	46.5655	0.00527517
-0.0517605	3.24703	780.78	0.24	0.28115	901.62	37.3358	46.5232	0.00675172
-0.0517154	3.61214	780.78	0.24	0.279822	901.697	37.3252	46.4826	0.00835544
-0.0516657	3.96451	780.78	0.24	0.278286	901.782	37.3185	46.4372	0.0100652
-0.0516117	4.30252	780.78	0.24	0.276532	901.876	37.3144	46.387	0.0118546
-0.0515535	4.62306	780.78	0.24	0.274318	901.977	37.305	46.3402	0.0136868
-0.0514914	4.92139	780.78	0.24	0.271615	902.086	37.2948	46.2941	0.0155102
-0.0514257	5.19633	780.78	0.24	0.269112	902.201	37.2693	46.2688	0.0172916
-0.0513567	5.44921	780.78	0.24	0.266571	902.323	37.253	46.2252	0.0190155
-0.0512846	5.67875	780.78	0.24	0.263968	902.45	37.2323	46.1934	0.0206513
-0.0512099	5.88428	780.78	0.24	0.261349	902.583	37.1981	46.1689	0.0221732
-0.0511327	6.06679	780.78	0.24	0.258712	902.72	37.1615	46.1398	0.02357
-0.0510535	6.22347	780.78	0.24	0.255952	902.861	37.1252	46.1123	0.0248031
-0.0509725	6.35543	780.78	0.24	0.253149	903.006	37.0824	46.0986	0.0258661
-0.05089	6.4627	780.78	0.24	0.250294	903.153	37.034	46.0858	0.0267466
-0.0508064	6.54386	780.78	0.24	0.247332	903.304	36.9679	46.0916	0.0274227
-0.050722	6.60054	780.78	0.24	0.244762	903.455	36.8913	46.1044	0.0278997
-0.0506372	6.63179	780.78	0.24	0.241855	903.608	36.8178	46.115	0.0281646
-0.0505521	6.63695	780.78	0.24	0.238931	903.762	36.7406	46.1318	0.0282084
-0.0504673	6.61387	780.78	0.24	0.235915	903.916	36.6695	46.1385	0.0280126
-0.050383	6.56468	780.78	0.24	0.233067	904.068	36.5958	46.1556	0.0275974
-0.0502996	6.48976	780.78	0.24	0.230461	904.22	36.5073	46.183	0.0269711
-0.0502174	6.39244	780.78	0.24	0.228079	904.37	36.4128	46.2157	0.0261683
-0.0501366	6.27585	780.78	0.24	0.225912	904.517	36.3108	46.2596	0.0252224
-0.0500575	6.13903	780.78	0.24	0.223745	904.662	36.2017	46.3123	0.0241346
-0.0499804	5.98485	780.78	0.24	0.221844	904.804	36.0799	46.3818	0.0229376
-0.0499053	5.81402	780.78	0.24	0.220186	904.941	35.9524	46.4534	0.0216468
-0.0498326	5.62843	780.78	0.24	0.218419	905.075	35.8227	46.5283	0.0202869
-0.0497625	5.42388	780.78	0.24	0.216291	905.204	35.6839	46.6145	0.0188392
-0.0496952	5.1985	780.78	0.24	0.213902	905.329	35.553	46.6934	0.017306
-0.0496309	4.95484	780.78	0.24	0.212132	905.448	35.4356	46.7594	0.0157217
-0.0495699	4.69519	780.78	0.24	0.21036	905.562	35.3277	46.8176	0.0141172
-0.0495124	4.41878	780.78	0.24	0.208632	905.669	35.2377	46.859	0.0125039
-0.0494586	4.12955	780.78	0.24	0.20726	905.77	35.1398	46.9147	0.0109206
-0.0494086	3.82713	780.78	0.24	0.205907	905.864	35.0504	46.9573	0.00937967
-0.0493625	3.51279	780.78	0.24	0.204614	905.951	34.961	47.002	0.00790216
-0.0493207	3.18724	780.78	0.24	0.203475	906.031	34.8613	47.0595	0.00650533
-0.0492831	2.85216	780.78	0.24	0.202481	906.103	34.7492	47.1326	0.00520941
-0.0492498	2.50749	780.78	0.24	0.201543	906.167	34.6328	47.2098	0.00402642
-0.0492211	2.15365	780.78	0.24	0.200629	906.223	34.5208	47.2849	0.00297024
-0.049197	1.79304	780.78	0.24	0.199882	906.271	34.422	47.3447	0.00205883
-0.0491775	1.42696	780.78	0.24	0.199266	906.311	34.3238	47.417	0.00130397
-0.0491628	1.05359	780.78	0.24	0.198595	906.342	34.2335	47.472	0.000710856
-0.0491529	0.67571	780.78	0.24	0.198086	906.364	34.1376	47.5387	0.00029239
-0.0491479	0.292712	780.78	0.24	0.19758	906.377	34.0426	47.6049	5.48684e-05
-0.0491479	-0.0922126	780.78	0.24	0.197643	906.382	33.9629	47.6622	5.4453e-06
-0.0491528	-0.47531	780.78	0.24	0.197938	906.377	33.8982	47.696	0.000144676
-0.0491625	-0.856193	780.78	0.24	0.19832	906.364	33.8408	47.7312	0.000469445
-0.0491771	-1.23282	780.78	0.24	0.198786	906.342	33.7832	47.7647	0.00097329
-0.0491965	-1.60532	780.78	0.24	0.19927	906.311	33.7391	47.7867	0.00165031
-0.0492206	-1.97522	780.78	0.24	0.199656	906.272	33.7115	47.7935	0.00249846
-0.0492494	-2.33911	780.78	0.24	0.200218	906.224	33.7006	47.7833	0.00350383
-0.0492828	-2.69906	780.78	0.24	0.200836	906.168	33.7033	47.7603	0.00466516
-0.0493208	-3.05098	780.78	0.24	0.202066	906.103	33.7168	47.7309	0.00596102
-0.0493631	-3.38958	780.78	0.24	0.203536	906.03	33.7545	47.678	0.00735755
-0.0494097	-3.71574	780.78	0.24	0.204892	905.949	33.8036	47.6145	0.00884161
-0.0494603	-4.0285	780.78	0.24	0.206397	905.861	33.8479	47.5578	0.0103927
-0.0495148	-4.32873	780.78	0.24	0.207677	905.766	33.8951	47.5019	0.0119995
-0.049573	-4.61807	780.78	0.24	0.208766	905.664	33.9378	47.4511	0.0136572
-0.0496348	-4.89767	780.78	0.24	0.209896	905.555	33.9691	47.4125	0.0153611
-0.0497002	-5.16783	780.78	0.24	0.210815	905.44	33.9995	47.3779	0.0171024
-0.0497689	-5.4313	780.78	0.24	0.211402	905.319	34.0342	47.3398	0.0188907
-0.0498409	-5.69063	780.78	0.24	0.212302	905.191	34.0807	47.2827	0.0207378
-0.0499162	-5.9388	780.78	0.24	0.213543	905.058	34.1491	47.2088	0.0225859
-0.0499946	-6.17507	780.78	0.24	0.214768	904.919	34.23	47.1288	0.0244188
-0.0500758	-6.40322	780.78	0.24	0.215844	904.774	34.3158	47.0402	0.0262566
-0.0501599	-6.61753	780.78	0.24	0.217337	904.625	34.3909	46.9675	0.0280435
-0.0502466	-6.8194	780.78	0.24	0.218689	904.47	34.4624	46.8981	0.0297806
-0.0503358	-7.00935	780.78	0.24	0.219769	904.311	34.5301	46.8364	0.0314627
-0.0504273	-7.19253	780.78	0.24	0.220474	904.148	34.6064	46.7664	0.0331287
-0.0505212	-7.36936	780.78	0.24	0.221024	903.98	34.7126	46.6676	0.0347777
-0.0506172	-7.54002	780.78	0.24	0.221874	903.808	34.8793	46.5044	0.0364071
-0.0507153	-7.70111	780.78	0.24	0.223367	903.633	35.0789	46.3187	0.0379794
-0.0508154	-7.84557	780.78	0.24	0.225283	903.454	35.2822	46.1304	0.0394176
-0.0509171	-7.97365	780.78	0.24	0.227319	903.272	35.474	45.9529	0.0407151
-0.0510203	-8.07851	780.78	0.24	0.230085	903.086	35.6239	45.8163	0.041793
-0.0511245	-8.16019	780.78	0.24	0.232532	902.899	35.7665	45.6891	0.0426424
-0.0512297	-8.22491	780.78	0.24	0.234739	902.71	35.9002	45.5784	0.0433215
-0.0513354	-8.26534	780.78	0.24	0.236849	902.52	36.0266	45.4706	0.0437484
-0.0514415	-8.28596	780.78	0.24	0.239154	902.328	36.1935	45.3158	0.0439671
-0.0515477	-8.28813	780.78	0.24	0.241089	902.137	36.394	45.1342	0.04399
-0.0516537	-8.27454	780.78	0.24	0.242543	901.945	36.6211	44.9252	0.0438459
-0.0517594	-8.24496	780.78	0.24	0.244677	901.754	36.8416	44.7488	0.043533
-0.0518646	-8.19425	780.78	0.24	0.247567	901.564	37.0017	44.6127	0.0429991
-0.0519688	-8.11595	780.78	0.24	0.250533	901.375	37.1154	44.5229	0.0421813
-0.0520718	-8.01177	780.78	0.24	0.253352	901.188	37.209	44.4538	0.0411053
-0.0521732	-7.88363	780.78	0.24	0.256118	901.004	37.2942	44.3917	0.039801
-0.0522727	-7.72648	780.78	0.24	0.259304	900.823	37.388	44.3206	0.0382301
-0.0523699	-7.54278	780.78	0.24	0.262107	900.646	37.4611	44.271	0.0364338
-0.0524645	-7.33476	780.78	0.24	0.26469	900.473	37.5202	44.2325	0.0344519
-0.0525563	-7.10331	780.78	0.24	0.267229	900.305	37.5576	44.2147	0.0323119
-0.0526449	-6.85053	780.78	0.24	0.269423	900.143	37.582	44.2129	0.0300531
-0.05273	-6.58237	780.78	0.24	0.270994	899.986	37.5988	44.203	0.0277464
-0.0528116	-6.29981	780.78	0.24	0.272453	899.836	37.5911	44.2323	0.0254153
-0.0528895	-6.00881	780.78	0.24	0.27405	899.693	37.5585	44.2838	0.0231217
-0.0529635	-5.70098	780.78	0.24	0.275566	899.556	37.5377	44.3234	0.0208133
-0.0530334	-5.37761	780.78	0.24	0.2771	899.426	37.5256	44.3623	0.0185191
-0.0530991	-5.03958	780.78	0.24	0.278697	899.304	37.5539	44.3374	0.0162641
-0.0531603	-4.68551	780.78	0.24	0.280582	899.19	37.5798	44.3316	0.014059
-0.0532167	-4.31489	780.78	0.24	0.282258	899.085	37.6063	44.3172	0.0119229
-0.0532683	-3.93366	780.78	0.24	0.283715	898.987	37.6034	44.3042	0.0099091
-0.0533149	-3.53607	780.78	0.24	0.285046	898.899	37.5651	44.3466	0.00800723
-0.0533563	-3.12758	780.78	0.24	0.286255	898.82	37.5194	44.3938	0.00626407
-0.0533923	-2.70858	780.78	0.24	0.287434	898.75	37.4707	44.4382	0.00469811
-0.0534229	-2.27984	780.78	0.24	0.288227	898.69	37.4087	44.4944	0.00332852
-0.053448	-1.84894	780.78	0.24	0.288001	898.64	37.3439	44.5549	0.00218921
-0.0534676	-1.42664	780.78	0.24	0.286098	898.6	37.4129	44.4852	0.00130337
-0.0534819	-1.02211	780.78	0.24	0.284459	898.57	37.6429	44.3801	0.000669015
-0.0534912	-0.623902	780.78	0.24	0.284482	898.549	37.7388	44.2653	0.000249272
-0.0534953	-0.227018	780.78	0.24	0.284081	898.537	37.7764	44.2098	3.30038e-05
-0.0534945	0.164692	780.78	0.24	0.283172	898.534	37.7756	44.1952	1.73695e-05
-0.0534887	0.543813	780.78	0.24	0.281768	898.54	37.7568	44.1728	0.000189383
-0.0534781	0.918282	780.78	0.24	0.28184	898.554	37.5926	44.3385	0.000539999
-0.0534628	1.28845	780.78	0.24	0.280727	898.578	37.5466	44.3476	0.00106311
-0.0534429	1.64033	780.78	0.24	0.277767	898.609	37.5415	44.3475	0.00172307
-0.0534187	1.96185	780.78	0.24	0.275149	898.649	37.6319	44.3058	0.00246475
-0.0533906	2.27709	780.78	0.24	0.2752	898.696	37.8172	44.0247	0.00332048
-0.0533584	2.58632	780.78	0.24	0.27373	898.75	37.8493	43.9711	0.00428357
-0.0533224	2.88027	780.78	0.24	0.271573	898.812	37.7201	44.0114	0.00531262
-0.0532831	3.11143	780.78	0.24	0.268394	898.88	37.53	44.0452	0.00619957
-0.0532408	3.37085	780.78	0.24	0.269172	898.953	37.4547	43.9696	0.00727647
-0.0531952	3.62192	780.78	0.24	0.266707	899.032	37.3966	44.0258	0.00840075
-0.0531465	3.85744	780.78	0.24	0.265496	899.117	37.3929	44.0496	0.00952883
-0.0530949	4.08498	780.78	0.24	0.264869	899.207	37.3554	44.0407	0.0106861
-0.0530405	4.30673	780.78	0.24	0.264166	899.302	37.2963	44.0573	0.0118778
-0.0529832	4.521	780.78	0.24	0.263497	899.403	37.2295	44.074	0.0130891
-0.0529233	4.72996	780.78	0.24	0.262633	899.508	37.1757	44.0778	0.014327
-0.0528608	4.92647	780.78	0.24	0.261795	899.618	37.1316	44.0562	0.0155422
-0.0527958	5.12398	780.78	0.24	0.261786	899.733	37.0678	44.0824	0.0168134
-0.0527283	5.3219	780.78	0.24	0.261775	899.852	37.0456	44.0598	0.0181374
-0.0526583	5.51565	780.78	0.24	0.261371	899.976	37.046	44.0095	0.019482
-0.0525858	5.7067	780.78	0.24	0.260736	900.104	37.055	43.9509	0.020855
-0.052511	5.88921	780.78	0.24	0.259721	900.237	37.0715	43.8834	0.0222104
-0.0524339	6.06234	780.78	0.24	0.258258	900.374	37.089	43.8115	0.0235354
-0.0523547	6.21964	780.78	0.24	0.256564	900.514	37.0902	43.7577	0.0247726
-0.0522736	6.36424	780.78	0.24	0.255239	900.659	37.0782	43.7154	0.0259379
-0.0521908	6.49659	780.78	0.24	0.25363	900.806	37.0702	43.6655	0.0270279
-0.0521065	6.61255	780.78	0.24	0.251926	900.957	37.0761	43.6045	0.0280014
-0.0520208	6.71349	780.78	0.24	0.250413	901.11	37.0776	43.5449	0.0288628
-0.0519339	6.80249	780.78	0.24	0.248818	901.266	37.0738	43.4924	0.0296331
-0.0518461	6.87712	780.78	0.24	0.247265	901.423	37.093	43.4121	0.0302868
-0.0517574	6.93671	780.78	0.24	0.245703	901.583	37.1165	43.3288	0.030814
-0.0516681	6.98232	780.78	0.24	0.24423	901.743	37.1315	43.2624	0.0312205
-0.0515783	7.01692	780.78	0.24	0.243133	901.905	37.1437	43.1948	0.0315308
-0.0514882	7.04319	780.78	0.24	0.242184	902.067	37.1497	43.1321	0.0317673
-0.0513978	7.05992	780.78	0.24	0.241169	902.23	37.1693	43.0592	0.0319184
-0.0513081	6.94597	780.78	0.24	0.240513	902.393	37.365	44.9609	0.0308963
-0.0512191	6.94454	780.78	0.24	0.238789	902.554	37.6024	44.9689	0.0308836
-0.0511303	6.9317	780.78	0.24	0.23817	902.714	37.6324	44.8789	0.0307696
-0.0510417	6.91411	780.78	0.24	0.237533	902.874	37.66	44.7911	0.0306136
-0.0509534	6.89147	780.78	0.24	0.236943	903.034	37.6766	44.7171	0.0304134
-0.0508654	6.86355	780.78	0.24	0.236375	903.193	37.6758	44.6641	0.0301675
-0.0507778	6.82972	780.78	0.24	0.235837	903.352	37.6732	44.612	0.0298708
-0.0506907	6.79063	780.78	0.24	0.235279	903.51	37.6722	44.5566	0.0295299
-0.0506041	6.74808	780.78	0.24	0.234801	903.667	37.672	44.4985	0.029161
-0.0505181	6.7007	780.78	0.24	0.234244	903.823	37.6711	44.445	0.0287529
-0.0504328	6.64772	780.78	0.24	0.233811	903.977	37.6817	44.3779	0.0283
-0.0503482	6.59366	780.78	0.24	0.233832	904.131	37.6841	44.3197	0.0278416
-0.0502643	6.53959	780.78	0.24	0.233821	904.284	37.6716	44.2779	0.0273869
-0.0501811	6.48603	780.78	0.24	0.233827	904.435	37.6654	44.2254	0.0269401
-0.0500985	6.43086	780.78	0.24	0.233503	904.585	37.6432	44.1928	0.0264837
-0.0500167	6.37062	780.78	0.24	0.232775	904.733	37.5949	44.185	0.0259899
-0.0499358	6.30042	780.78	0.24	0.232177	904.881	37.5028	44.2187	0.0254203
-0.0498558	6.22962	780.78	0.24	0.23176	905.026	37.3488	44.32	0.0248522
-0.0497767	6.1547	780.78	0.24	0.231201	905.17	37.2014	44.4114	0.024258
-0.0496987	6.07355	780.78	0.24	0.23046	905.312	37.0782	44.4653	0.0236225
-0.0496217	5.98583	780.78	0.24	0.229812	905.453	36.9784	44.5108	0.0229451
-0.0495459	5.89088	780.78	0.24	0.229161	905.591	36.8648	44.5724	0.0222229
-0.0494714	5.79214	780.78	0.24	0.228819	905.727	36.7385	44.6646	0.0214842
-0.0493982	5.69059	780.78	0.24	0.228484	905.861	36.6283	44.7201	0.0207375
-0.0493264	5.5803	780.78	0.24	0.228066	905.992	36.5269	44.7854	0.0199415
-0.049256	5.47095	780.78	0.24	0.227762	906.121	36.4392	44.8206	0.0191675
-0.049187	5.35821	780.78	0.24	0.227606	906.248	36.3276	44.8916	0.0183857
-0.0491194	5.24703	780.78	0.24	0.22766	906.371	36.2067	44.9653	0.0176307
-0.0490533	5.13719	780.78	0.24	0.227958	906.493	36.0751	45.0476	0.0169003
-0.0489885	5.03018	780.78	0.24	0.228261	906.611	35.919	45.155	0.0162035
-0.0489251	4.927	780.78	0.24	0.22861	906.728	35.7589	45.2662	0.0155455
-0.048863	4.82533	780.78	0.24	0.228715	906.841	35.5885	45.3887	0.0149106
-0.0488022	4.72337	780.78	0.24	0.228555	906.953	35.4033	45.5225	0.0142871
-0.0487427	4.61666	780.78	0.24	0.227824	907.062	35.1608	45.7083	0.0136489
-0.0486846	4.5017	780.78	0.24	0.226504	907.169	34.9531	45.868	0.0129776
-0.0486281	4.38191	780.78	0.24	0.226775	907.273	34.7962	45.9747	0.0122961
-0.0485732	4.25966	780.78	0.24	0.226126	907.374	34.6398	46.0833	0.0116196
-0.0485199	4.13028	780.78	0.24	0.225208	907.472	34.489	46.186	0.0109245
-0.0484683	3.99299	780.78	0.24	0.224659	907.567	34.3503	46.2827	0.0102103
-0.0484185	3.85207	780.78	0.24	0.224075	907.659	34.2219	46.3684	0.00950232
-0.0483705	3.70613	780.78	0.24	0.22353	907.748	34.0944	46.453	0.00879597
-0.0483245	3.55323	780.78	0.24	0.222811	907.833	33.9712	46.5362	0.00808513
-0.0482805	3.39444	780.78	0.24	0.222071	907.915	33.8548	46.6094	0.00737865
-0.0482387	3.22696	780.78	0.24	0.22113	907.993	33.7407	46.6789	0.00666852
-0.048199	3.05222	780.78	0.24	0.220218	908.067	33.6207	46.7601	0.00596585
-0.0481617	2.86787	780.78	0.24	0.219175	908.137	33.5046	46.8366	0.00526695
-0.0481268	2.67521	780.78	0.24	0.218277	908.203	33.3979	46.9025	0.00458308
-0.0480944	2.47349	780.78	0.24	0.217218	908.264	33.3037	46.9553	0.00391799
-0.0480648	2.26094	780.78	0.24	0.215864	908.32	33.2237	46.9946	0.00327356
-0.048038	2.03302	780.78	0.24	0.214319	908.371	33.1612	47.0182	0.00264683
-0.0480142	1.7926	780.78	0.24	0.212726	908.417	33.1184	47.0237	0.00205783
-0.0479937	1.53697	780.78	0.24	0.211131	908.458	33.1009	47.0015	0.00151277
-0.0479766	1.26764	780.78	0.24	0.209689	908.492	33.096	46.9701	0.00102904
-0.047963	0.984677	780.78	0.24	0.208193	908.52	33.1046	46.9261	0.000620911
-0.0479532	0.689917	780.78	0.24	0.20689	908.541	33.1241	46.8726	0.000304814
-0.0479474	0.378871	780.78	0.24	0.205479	908.555	33.1588	46.8171	9.19232e-05
-0.0479456	0.059229	780.78	0.24	0.20438	908.562	33.2031	46.7413	2.24652e-06
-0.047948	-0.270819	780.78	0.24	0.203455	908.562	33.2423	46.6653	4.69677e-05
-0.0479546	-0.606757	780.78	0.24	0.202801	908.553	33.2812	46.5947	0.000235761
-0.0479657	-0.948511	780.78	0.24	0.202122	908.537	33.3208	46.5295	0.000576137
-0.0479812	-1.29635	780.78	0.24	0.201499	908.513	33.3626	46.4617	0.00107618
-0.0480012	-1.65053	780.78	0.24	0.200841	908.481	33.4059	46.3955	0.00174456
-0.0480257	-2.01179	780.78	0.24	0.200008	908.441	33.4457	46.3326	0.00259183
-0.048055	-2.38052	780.78	0.24	0.199207	908.392	33.4721	46.2885	0.00362899
-0.0480891	-2.75638	780.78	0.24	0.198307	908.334	33.4994	46.2439	0.0048654
-0.0481281	-3.14664	780.78	0.24	0.197656	908.268	33.5407	46.1666	0.00634068
-0.0481721	-3.53305	780.78	0.24	0.197587	908.192	33.574	46.1185	0.00799356
-0.0482211	-3.92101	780.78	0.24	0.197405	908.108	33.6039	46.0769	0.00984551
-0.0482751	-4.30926	780.78	0.24	0.197482	908.015	33.6375	46.033	0.0118918
-0.048334	-4.69587	780.78	0.24	0.197698	907.912	33.6791	45.9808	0.0141213
-0.0483978	-5.0808	780.78	0.24	0.197942	907.801	33.7252	45.9279	0.0165313
-0.0484665	-5.46247	780.78	0.24	0.19833	907.68	33.7929	45.8515	0.0191082
-0.0485402	-5.84192	780.78	0.24	0.198907	907.551	33.8764	45.7671	0.0218551
-0.0486185	-6.21213	780.78	0.24	0.19996	907.413	33.9695	45.6732	0.0247128
-0.0487016	-6.57306	780.78	0.24	0.200997	907.267	34.0606	45.5821	0.0276679
-0.0487892	-6.92552	780.78	0.24	0.202264	907.112	34.1438	45.4948	0.0307147
-0.0488811	-7.26492	780.78	0.24	0.203734	906.949	34.2081	45.4388	0.033799
-0.0489773	-7.5895	780.78	0.24	0.205312	906.778	34.2719	45.3809	0.0368865
-0.0490775	-7.89966	780.78	0.24	0.206897	906.6	34.3423	45.3207	0.039963
-0.0491815	-8.19437	780.78	0.24	0.208886	906.415	34.4262	45.2456	0.0430004
-0.0492891	-8.47048	780.78	0.24	0.210851	906.223	34.5319	45.152	0.045947
-0.0494001	-8.72682	780.78	0.24	0.213351	906.025	34.6518	45.0477	0.04877
-0.0495142	-8.9591	780.78	0.24	0.216135	905.821	34.7837	44.9275	0.0514008
-0.0496309	-9.16667	780.78	0.24	0.218857	905.612	34.8984	44.8323	0.0538102
-0.0497501	-9.34819	780.78	0.24	0.221764	905.398	35.012	44.7383	0.0559625
-0.0498714	-9.50282	780.78	0.24	0.224758	905.18	35.119	44.6532	0.0578291
-0.0499943	-9.63203	780.78	0.24	0.227455	904.959	35.221	44.5767	0.0594124
-0.0501187	-9.73694	780.78	0.24	0.230018	904.735	35.32	44.5039	0.0607136
-0.0502443	-9.81921	780.78	0.24	0.232428	904.509	35.4094	44.4426	0.0617439
-0.0503706	-9.8815	780.78	0.24	0.234649	904.281	35.4963	44.3833	0.0625297
-0.0504976	-9.92099	780.78	0.24	0.237662	904.052	35.5386	44.3822	0.0630306
-0.0506248	-9.93172	780.78	0.24	0.240939	903.822	35.5652	44.3838	0.063167
-0.0507518	-9.91092	780.78	0.24	0.244554	903.593	35.5738	44.4089	0.0629027
-0.0508783	-9.85747	780.78	0.24	0.24831	903.363	35.5737	44.4397	0.0622261
-0.0510037	-9.76727	780.78	0.24	0.252486	903.136	35.5512	44.5111	0.0610924
-0.0511277	-9.64009	780.78	0.24	0.256558	902.91	35.5467	44.5504	0.0595119
-0.0512496	-9.47638	780.78	0.24	0.26063	902.688	35.5515	44.5814	0.0575078
-0.0513691	-9.2767	780.78	0.24	0.264269	902.47	35.5575	44.6074	0.0551098
-0.0514858	-9.04879	780.78	0.24	0.267372	902.257	35.5687	44.631	0.0524352
-0.0515992	-8.7902	780.78	0.24	0.270552	902.05	35.5924	44.634	0.0494811
-0.0517091	-8.50758	780.78	0.24	0.272896	901.848	35.5695	44.6872	0.0463504
-0.0518152	-8.20791	780.78	0.24	0.275237	901.653	35.5226	44.7689	0.0431426
-0.0519172	-7.88243	780.78	0.24	0.277622	901.466	35.4965	44.8183	0.0397889
-0.0520149	-7.53585	780.78	0.24	0.280052	901.286	35.5015	44.8358	0.0363668
-0.0521079	-7.16603	780.78	0.24	0.282511	901.114	35.4967	44.8685	0.0328851
-0.0521959	-6.7773	780.78	0.24	0.284496	900.95	35.4911	44.8924	0.0294141
-0.0522788	-6.37148	780.78	0.24	0.286195	900.796	35.4827	44.9169	0.0259969
-0.0523564	-5.95131	780.78	0.24	0.287574	900.652	35.4682	44.9471	0.0226812
-0.0524285	-5.51888	780.78	0.24	0.289	900.517	35.428	45.0075	0.0195049
-0.0524949	-5.07258	780.78	0.24	0.290604	900.392	35.3625	45.0842	0.0164778
-0.0525555	-4.61221	780.78	0.24	0.292209	900.278	35.2797	45.1742	0.0136226
-0.05261	-4.13664	780.78	0.24	0.293724	900.174	35.1799	45.2794	0.0109581
-0.0526583	-3.64847	780.78	0.24	0.29498	900.082	35.0878	45.3696	0.00852436
-0.0527003	-3.15068	780.78	0.24	0.296014	900	35.0064	45.4497	0.00635696
-0.0527357	-2.64287	780.78	0.24	0.297066	899.931	34.9266	45.5242	0.00447295
-0.0527647	-2.1301	780.78	0.24	0.297769	899.873	34.8517	45.5839	0.00290564
-0.0527869	-1.60766	780.78	0.24	0.298442	899.827	34.7763	45.6478	0.00165511
-0.0528025	-1.08095	780.78	0.24	0.298913	899.793	34.7113	45.6931	0.000748262
-0.0528112	-0.550798	780.78	0.24	0.29928	899.771	34.6535	45.7338	0.000194279
-0.0528132	-0.0172399	780.78	0.24	0.299499	899.761	34.6042	45.759	1.90331e-07
-0.0528082	0.517765	780.78	0.24	0.299458	899.764	34.5606	45.7733	0.000171675
-0.0527965	1.04958	780.78	0.24	0.299007	899.779	34.5272	45.7771	0.000705465
-0.052778	1.57771	780.78	0.24	0.298329	899.806	34.4942	45.7746	0.00159402
-0.0527527	2.09868	780.78	0.24	0.297311	899.845	34.4649	45.7637	0.00282055
-0.0527209	2.609	780.78	0.24	0.295928	899.897	34.4377	45.7475	0.00435904
-0.0526827	3.10357	780.78	0.24	0.294459	899.96	34.3905	45.7345	0.00616829
-0.0526383	3.58804	780.78	0.24	0.293079	900.034	34.3093	45.7664	0.00824433
-0.0525878	4.05873	780.78	0.24	0.291328	900.12	34.2257	45.7967	0.0105492
-0.0525314	4.51344	780.78	0.24	0.289478	900.216	34.142	45.8238	0.0130454
-0.0524694	4.94964	780.78	0.24	0.287247	900.323	34.0611	45.8466	0.0156888
-0.052402	5.3648	780.78	0.24	0.284894	900.439	33.9883	45.8607	0.018431
-0.0523295	5.75921	780.78	0.24	0.282503	900.565	33.93	45.8526	0.0212406
-0.0522521	6.13151	780.78	0.24	0.279825	900.7	33.8784	45.8369	0.0240755
-0.0521702	6.47888	780.78	0.24	0.276908	900.844	33.8291	45.8201	0.0268807
-0.0520841	6.79939	780.78	0.24	0.273967	900.995	33.7799	45.801	0.0296061
-0.0519942	7.09327	780.78	0.24	0.270814	901.154	33.74	45.769	0.0322206
-0.0519007	7.35541	780.78	0.24	0.267385	901.319	33.7001	45.7335	0.0346461
-0.0518043	7.58762	780.78	0.24	0.26385	901.491	33.6596	45.7008	0.0368682
-0.0517051	7.78748	780.78	0.24	0.260035	901.667	33.6249	45.6615	0.0388361
-0.0516037	7.95256	780.78	0.24	0.256109	901.848	33.5934	45.6196	0.0405
-0.0515006	8.08093	780.78	0.24	0.252034	902.033	33.575	45.5636	0.0418181
-0.0513962	8.17212	780.78	0.24	0.247838	902.22	33.5702	45.4986	0.0427672
-0.0512909	8.22409	780.78	0.24	0.24348	902.409	33.5821	45.4131	0.0433129
-0.0511854	8.24101	780.78	0.24	0.240071	902.599	33.6064	45.3134	0.0434913
-0.0510799	8.22809	780.78	0.24	0.236699	902.79	33.646	45.2004	0.043355
-0.0509749	8.18491	780.78	0.24	0.233245	902.98	33.6648	45.1115	0.0429012
-0.0508708	8.10957	780.78	0.24	0.229818	903.169	33.6918	45.0111	0.0421151
-0.0507679	8.00426	780.78	0.24	0.226447	903.356	33.703	44.9301	0.0410283
-0.0506666	7.86924	780.78	0.24	0.223238	903.541	33.6799	44.8897	0.0396558
-0.0505674	7.70441	780.78	0.24	0.219864	903.722	33.6308	44.8718	0.0380119
-0.0504705	7.50701	780.78	0.24	0.216226	903.899	33.5556	44.884	0.036089
-0.0503766	7.27633	780.78	0.24	0.212707	904.072	33.5345	44.8133	0.0339052
-0.0502858	7.01441	780.78	0.24	0.209668	904.239	33.5631	44.716	0.0315082
-0.0501987	6.72706	780.78	0.24	0.20659	904.4	33.5893	44.6338	0.0289796
-0.0501155	6.4133	780.78	0.24	0.203755	904.554	33.616	44.5626	0.0263393
-0.0500366	6.07421	780.78	0.24	0.201199	904.701	33.6485	44.474	0.0236276
-0.0499622	5.7148	780.78	0.24	0.199225	904.84	33.6928	44.378	0.0209143
-0.0498927	5.33616	780.78	0.24	0.197084	904.97	33.7374	44.2849	0.0182347
-0.0498281	4.9378	780.78	0.24	0.194915	905.091	33.7831	44.1897	0.0156138
-0.0497688	4.52108	780.78	0.24	0.19281	905.203	33.8281	44.0994	0.0130896
-0.0497151	4.08448	780.78	0.24	0.190607	905.306	33.8774	44.0075	0.0106835
-0.0496671	3.62813	780.78	0.24	0.188425	905.398	33.9298	43.9156	0.00842959
-0.0496252	3.15252	780.78	0.24	0.186358	905.479	33.9764	43.8379	0.00636438
-0.0495896	2.6575	780.78	0.24	0.184433	905.55	34.0148	43.7652	0.0045226
-0.0495604	2.14668	780.78	0.24	0.18264	905.608	34.0529	43.6953	0.00295106
-0.049538	1.61856	780.78	0.24	0.180684	905.655	34.0937	43.6235	0.00167763
-0.0495225	1.07158	780.78	0.24	0.178827	905.69	34.1397	43.549	0.00073535
-0.0495141	0.509989	780.78	0.24	0.17723	905.711	34.1981	43.4637	0.000166557
-0.0495131	-0.0649555	780.78	0.24	0.175832	905.72	34.2614	43.377	2.70193e-06
-0.0495195	-0.652987	780.78	0.24	0.174647	905.715	34.3243	43.294	0.000273055
-0.0495336	-1.25073	780.78	0.24	0.173926	905.696	34.3864	43.2122	0.00100177
-0.0495554	-1.8522	780.78	0.24	0.173513	905.664	34.4325	43.151	0.00219693
-0.0495849	-2.45667	780.78	0.24	0.173288	905.617	34.4572	43.1153	0.00386486
-0.0496222	-3.06343	780.78	0.24	0.173099	905.557	34.4663	43.0966	0.00600975
-0.0496673	-3.67352	780.78	0.24	0.172665	905.482	34.4703	43.0869	0.00864182
-0.0497202	-4.28533	780.78	0.24	0.172609	905.394	34.4699	43.0858	0.0117601
-0.049781	-4.89728	780.78	0.24	0.172783	905.291	34.4971	43.0549	0.0153586
-0.0498496	-5.50716	780.78	0.24	0.173712	905.174	34.5435	43.0122	0.0194221
-0.0499258	-6.09634	780.78	0.24	0.176629	905.042	34.5669	42.99	0.0238001
-0.0500093	-6.66276	780.78	0.24	0.178919	904.898	34.6384	42.9242	0.0284282
-0.0501	-7.21133	780.78	0.24	0.181114	904.74	34.6952	42.8796	0.0333021
-0.0501974	-7.73833	780.78	0.24	0.183147	904.57	34.7229	42.8616	0.0383474
-0.0503015	-8.25523	780.78	0.24	0.18406	904.388	34.6758	42.959	0.0436415
-0.050412	-8.74536	780.78	0.24	0.188298	904.194	34.7035	42.9293	0.0489775
-0.0505284	-9.19891	780.78	0.24	0.192248	903.988	34.8171	42.8324	0.0541894
-0.0506503	-9.62114	780.78	0.24	0.195288	903.773	34.8653	42.8106	0.0592781
-0.0507773	-10.0154	780.78	0.24	0.198472	903.548	34.8851	42.8167	0.064236
-0.0509091	-10.3797	780.78	0.24	0.202035	903.314	34.8994	42.8295	0.0689941
-0.0510453	-10.7099	780.78	0.24	0.206017	903.072	34.9403	42.8045	0.0734537
-0.0511853	-11.0027	780.78	0.24	0.21033	902.822	34.9841	42.7952	0.077524
-0.0513287	-11.2556	780.78	0.24	0.214956	902.566	35.011	42.8029	0.0811292
-0.0514749	-11.4655	780.78	0.24	0.219544	902.305	35.0288	42.8243	0.0841842
-0.0516234	-11.6352	780.78	0.24	0.223985	902.039	35.0413	42.8538	0.086694
-0.0517738	-11.7657	780.78	0.24	0.228714	901.769	35.0402	42.9043	0.0886493
-0.0519253	-11.8475	780.78	0.24	0.23418	901.497	35.0588	42.9258	0.0898858
-0.0520774	-11.8805	780.78	0.24	0.239528	901.223	35.0897	42.9412	0.0903878
-0.0522295	-11.8664	780.78	0.24	0.244633	900.949	35.1188	42.9612	0.0901739
-0.052381	-11.8065	780.78	0.24	0.249879	900.675	35.168	42.9614	0.0892654
-0.0525312	-11.6996	780.78	0.24	0.254859	900.403	35.216	42.9648	0.087656
-0.0526797	-11.5499	780.78	0.24	0.259553	900.134	35.2733	42.9598	0.0854276
-0.0528258	-11.3582	780.78	0.24	0.264293	899.869	35.3458	42.9427	0.082615
-0.0529691	-11.1241	780.78	0.24	0.268689	899.608	35.4209	42.9192	0.0792449
-0.053109	-10.8535	780.78	0.24	0.272677	899.354	35.4961	42.896	0.0754362
-0.0532451	-10.5482	780.78	0.24	0.276438	899.105	35.5762	42.8654	0.071252
-0.053377	-10.2089	780.78	0.24	0.279921	898.864	35.6493	42.8407	0.0667423
-0.0535042	-9.84058	780.78	0.24	0.282943	898.631	35.7102	42.8239	0.0620129
-0.0536265	-9.44607	780.78	0.24	0.285669	898.407	35.756	42.8261	0.0571405
-0.0537435	-9.02864	780.78	0.24	0.288033	898.192	35.792	42.831	0.0522019
-0.053855	-8.59271	780.78	0.24	0.290018	897.987	35.8153	42.8503	0.0472826
-0.0539607	-8.13842	780.78	0.24	0.291913	897.792	35.8192	42.8847	0.0424152
-0.0540604	-7.66948	780.78	0.24	0.293621	897.607	35.8095	42.9324	0.037668
-0.054154	-7.18273	780.78	0.24	0.295763	897.434	35.8116	42.9577	0.0330385
-0.0542411	-6.67755	780.78	0.24	0.297608	897.272	35.8169	42.9837	0.0285546
-0.0543217	-6.15746	780.78	0.24	0.298918	897.121	35.8204	43.005	0.0242797
-0.0543955	-5.62867	780.78	0.24	0.299688	896.983	35.8097	43.0332	0.0202887
-0.0544624	-5.09453	780.78	0.24	0.300361	896.856	35.7878	43.0756	0.0166207
-0.0545225	-4.55403	780.78	0.24	0.300738	896.742	35.7736	43.1079	0.0132811
-0.0545756	-4.00978	780.78	0.24	0.301176	896.641	35.7541	43.1381	0.0102963
-0.0546216	-3.45912	780.78	0.24	0.302145	896.552	35.7052	43.2038	0.00766254
-0.0546606	-2.90034	780.78	0.24	0.302905	896.476	35.6678	43.244	0.00538689
-0.0546923	-2.3368	780.78	0.24	0.303058	896.412	35.6183	43.2922	0.00349692
-0.0547168	-1.7765	780.78	0.24	0.302128	896.362	35.5449	43.3678	0.00202102
-0.0547343	-1.22672	780.78	0.24	0.301011	896.324	35.4913	43.3998	0.000963684
-0.0547448	-0.680426	780.78	0.24	0.301203	896.299	35.4363	43.4652	0.000296485
-0.0547482	-0.134657	780.78	0.24	0.300757	896.287	35.4035	43.4713	1.16119e-05
-0.0547448	0.396991	780.78	0.24	0.298512	896.287	35.3325	43.5579	0.000100926
-0.0547347	0.915242	780.78	0.24	0.297164	896.299	35.2689	43.5953	0.00053643
-0.0547181	1.42331	780.78	0.24	0.296107	896.323	35.2005	43.6543	0.00129729
-0.0546951	1.92032	780.78	0.24	0.294851	896.359	35.1296	43.6936	0.00236151
-0.0546658	2.40265	780.78	0.24	0.294264	896.405	35.1615	43.6848	0.00369678
-0.0546305	2.87411	780.78	0.24	0.290966	896.463	35.0338	43.8049	0.0052899
-0.0545894	3.31001	780.78	0.24	0.287256	896.532	34.9749	43.7857	0.00701615
-0.054543	3.71973	780.78	0.24	0.284075	896.611	34.9701	43.7498	0.00886064
-0.0544917	4.10253	780.78	0.24	0.280967	896.698	34.9863	43.702	0.0107781
-0.0544357	4.45727	780.78	0.24	0.277978	896.795	34.9853	43.6637	0.0127227
-0.0543753	4.79388	780.78	0.24	0.276739	896.899	34.9701	43.7732	0.0147169
-0.0543108	5.1147	780.78	0.24	0.274606	897.011	35.0471	43.6416	0.0167526
-0.0542424	5.40981	780.78	0.24	0.271825	897.13	35.0601	43.5746	0.0187416
-0.0541705	5.68366	780.78	0.24	0.269195	897.256	35.0539	43.5356	0.020687
-0.0540952	5.93544	780.78	0.24	0.266653	897.388	35.0363	43.5013	0.0225604
-0.054017	6.1645	780.78	0.24	0.263936	897.526	35.0116	43.4705	0.0243353
-0.0539361	6.36583	780.78	0.24	0.26065	897.669	35.018	43.4119	0.0259509
-0.0538528	6.53931	780.78	0.24	0.257658	897.817	35.0312	43.3684	0.0273845
-0.0537676	6.68785	780.78	0.24	0.255043	897.968	35.0036	43.3367	0.0286427
-0.0536807	6.81157	780.78	0.24	0.252412	898.123	34.9525	43.3255	0.0297123
-0.0535925	6.91282	780.78	0.24	0.249736	898.28	34.8749	43.3444	0.0306022
-0.0535032	6.99047	780.78	0.24	0.247171	898.44	34.7781	43.383	0.0312935
-0.0534131	7.04284	780.78	0.24	0.244881	898.601	34.6809	43.426	0.0317641
-0.0533225	7.07818	780.78	0.24	0.242535	898.763	34.6032	43.4456	0.0320837
-0.0532317	7.0886	780.78	0.24	0.240082	898.926	34.5395	43.4389	0.0321783
-0.053141	7.07975	780.78	0.24	0.237688	899.089	34.4665	43.4524	0.032098
-0.0530506	7.05177	780.78	0.24	0.235649	899.252	34.3927	43.4668	0.0318447
-0.0529607	7.00368	780.78	0.24	0.233369	899.415	34.3437	43.4551	0.0314119
-0.0528716	6.9358	780.78	0.24	0.231139	899.576	34.3159	43.4264	0.0308059
-0.0527836	6.8479	780.78	0.24	0.229137	899.735	34.3174	43.3653	0.03003
-0.0526969	6.74259	780.78	0.24	0.22738	899.892	34.3246	43.3002	0.0291135
-0.0526117	6.62386	780.78	0.24	0.225815	900.047	34.322	43.2483	0.0280972
-0.0525281	6.48951	780.78	0.24	0.224029	900.199	34.3208	43.1951	0.026969
-0.0524464	6.33868	780.78	0.24	0.222402	900.348	34.3176	43.1482	0.0257299
-0.0523668	6.17185	780.78	0.24	0.221023	900.493	34.3289	43.0942	0.0243934
-0.0522894	5.99717	780.78	0.24	0.219757	900.635	34.3412	43.0348	0.0230321
-0.0522144	5.80965	780.78	0.24	0.218143	900.772	34.3368	42.9912	0.0216143
-0.0521419	5.60425	780.78	0.24	0.216352	900.905	34.3161	42.9609	0.020113
-0.0520722	5.3849	780.78	0.24	0.21467	901.033	34.2782	42.9557	0.0185693
-0.0520055	5.15046	780.78	0.24	0.212934	901.156	34.2445	42.9432	0.0169877
-0.0519419	4.89594	780.78	0.24	0.211159	901.273	34.2066	42.9333	0.0153502
-0.0518818	4.63025	780.78	0.24	0.209616	901.385	34.1541	42.9447	0.0137293
-0.0518251	4.35274	780.78	0.24	0.208607	901.49	34.0678	43.0016	0.0121329
-0.0517721	4.06613	780.78	0.24	0.20759	901.589	33.9878	43.0426	0.0105877
-0.0517229	3.76962	780.78	0.24	0.20662	901.681	33.9266	43.0673	0.00909988
-0.0516775	3.46464	780.78	0.24	0.205586	901.767	33.884	43.0743	0.00768702
-0.0516362	3.14921	780.78	0.24	0.204547	901.845	33.8498	43.0721	0.00635103
-0.0515989	2.8252	780.78	0.24	0.203658	901.916	33.8296	43.0558	0.00511141
-0.0515659	2.49454	780.78	0.24	0.203243	901.979	33.827	43.0261	0.00398496
-0.0515371	2.16258	780.78	0.24	0.202983	902.035	33.8275	43.0003	0.00299491
-0.0515127	1.8278	780.78	0.24	0.202693	902.083	33.8367	42.9631	0.00213943
-0.0514925	1.49122	780.78	0.24	0.202573	902.123	33.8498	42.924	0.00142406
-0.0514766	1.15244	780.78	0.24	0.202256	902.156	33.8724	42.8773	0.000850507
-0.0514652	0.810007	780.78	0.24	0.202075	902.18	33.8963	42.8384	0.000420164
-0.0514581	0.467183	780.78	0.24	0.202062	902.197	33.9256	42.7847	0.00013977
-0.0514554	0.125298	780.78	0.24	0.202424	902.206	33.9456	42.7456	1.00538e-05
-0.051457	-0.214704	780.78	0.24	0.203026	902.207	33.9685	42.6974	2.95202e-05
-0.051463	-0.545867	780.78	0.24	0.203836	902.2	33.9932	42.6554	0.000190816
-0.0514731	-0.868073	780.78	0.24	0.204941	902.186	34.0244	42.6091	0.000482562
-0.0514872	-1.18048	780.78	0.24	0.20605	902.164	34.0558	42.5663	0.0008924
-0.0515052	-1.48241	780.78	0.24	0.207393	902.135	34.0905	42.5166	0.00140727
-0.051527	-1.77045	780.78	0.24	0.209034	902.099	34.1176	42.4809	0.00200729
-0.0515523	-2.0434	780.78	0.24	0.210707	902.056	34.1445	42.4455	0.00267392
-0.051581	-2.30254	780.78	0.24	0.212202	902.007	34.1683	42.4143	0.00339512
-0.0516129	-2.5476	780.78	0.24	0.213762	901.953	34.1802	42.4012	0.00415626
-0.0516477	-2.77859	780.78	0.24	0.21565	901.893	34.1851	42.3962	0.00494414
-0.0516854	-2.98983	780.78	0.24	0.217859	901.827	34.2204	42.3426	0.00572447
-0.0517255	-3.18099	780.78	0.24	0.220058	901.757	34.2641	42.2973	0.00647988
-0.051768	-3.35473	780.78	0.24	0.222146	901.682	34.2997	42.2613	0.00720702
-0.0518124	-3.50892	780.78	0.24	0.224189	901.604	34.3288	42.2333	0.00788476
-0.0518587	-3.64208	780.78	0.24	0.226618	901.522	34.3604	42.2059	0.00849455
-0.0519064	-3.754	780.78	0.24	0.228912	901.437	34.4077	42.1603	0.00902466
-0.0519554	-3.84647	780.78	0.24	0.230965	901.35	34.4655	42.1062	0.0094747
-0.0520054	-3.92184	780.78	0.24	0.232745	901.261	34.5234	42.052	0.00984964
-0.0520563	-3.98295	780.78	0.24	0.234713	901.17	34.5798	42.0071	0.010159
-0.0521077	-4.02362	780.78	0.24	0.236659	901.078	34.6411	41.9516	0.0103675
-0.0521595	-4.04872	780.78	0.24	0.238206	900.985	34.709	41.8895	0.0104973
-0.0522115	-4.06072	780.78	0.24	0.239628	900.891	34.7473	41.8627	0.0105596
-0.0522635	-4.06103	780.78	0.24	0.240868	900.797	34.7526	41.8642	0.0105612
-0.0523154	-4.05111	780.78	0.24	0.241746	900.704	34.7198	41.9048	0.0105097
-0.0523672	-4.03839	780.78	0.24	0.242214	900.61	34.6596	41.9897	0.0104438
-0.0524187	-4.01933	780.78	0.24	0.2424	900.517	34.6078	42.0509	0.0103455
-0.05247	-3.99827	780.78	0.24	0.242643	900.425	34.6027	42.0418	0.0102373
-0.052521	-3.97365	780.78	0.24	0.243178	900.333	34.6054	42.0491	0.0101116
-0.0525716	-3.94429	780.78	0.24	0.243734	900.241	34.622	42.0378	0.00996276
-0.0526218	-3.91093	780.78	0.24	0.244217	900.15	34.6635	42.0016	0.00979493
-0.0526715	-3.87485	780.78	0.24	0.244673	900.06	34.7015	41.9727	0.00961504
-0.0527207	-3.83274	780.78	0.24	0.245192	899.971	34.7475	41.9321	0.00940718
-0.0527694	-3.79009	780.78	0.24	0.245783	899.883	34.7912	41.8837	0.00919899
-0.0528174	-3.73535	780.78	0.24	0.246726	899.796	34.821	41.86	0.00893519
-0.0528647	-3.67319	780.78	0.24	0.247623	899.71	34.8427	41.8444	0.00864029
-0.0529111	-3.60445	780.78	0.24	0.248323	899.626	34.8665	41.8269	0.00831993
-0.0529565	-3.52814	780.78	0.24	0.249266	899.544	34.8956	41.8028	0.00797137
-0.0530009	-3.44375	780.78	0.24	0.250065	899.463	34.9428	41.7599	0.00759459
-0.0530441	-3.35206	780.78	0.24	0.250721	899.384	34.9857	41.7191	0.00719557
-0.0530861	-3.25573	780.78	0.24	0.251251	899.307	35.0214	41.6872	0.00678792
-0.0531268	-3.15411	780.78	0.24	0.25168	899.233	35.0447	41.6687	0.00637082
-0.0531662	-3.05228	780.78	0.24	0.252146	899.161	35.0547	41.6648	0.00596609
-0.0532043	-2.94189	780.78	0.24	0.252765	899.091	35.0521	41.6701	0.00554237
-0.0532408	-2.82628	780.78	0.24	0.253336	899.024	35.0301	41.6932	0.0051153
-0.0532759	-2.70704	780.78	0.24	0.25406	898.96	34.9922	41.7428	0.0046928
-0.0533093	-2.57932	780.78	0.24	0.254688	898.898	34.95	41.7854	0.00426042
-0.0533411	-2.44634	780.78	0.24	0.255142	898.839	34.9042	41.8298	0.00383244
-0.0533711	-2.30968	780.78	0.24	0.255516	898.784	34.8437	41.893	0.00341621
-0.0533994	-2.17118	780.78	0.24	0.255645	898.732	34.7744	41.9604	0.00301878
-0.0534258	-2.03162	780.78	0.24	0.255597	898.682	34.7044	42.0285	0.00264318
-0.0534505	-1.89484	780.78	0.24	0.255241	898.636	34.642	42.0877	0.00229925
-0.0534735	-1.76262	780.78	0.24	0.25457	898.594	34.5911	42.1354	0.00198957
-0.0534949	-1.63821	780.78	0.24	0.253973	898.554	34.5576	42.1658	0.00171862
-0.0535147	-1.51651	780.78	0.24	0.253591	898.517	34.5357	42.1831	0.00147276
-0.0535329	-1.39668	780.78	0.24	0.253501	898.483	34.5331	42.1823	0.00124921
-0.0535497	-1.27862	780.78	0.24	0.253312	898.451	34.5424	42.1659	0.00104695
-0.0535649	-1.1595	780.78	0.24	0.253506	898.422	34.555	42.1467	0.000860963
-0.0535786	-1.03791	780.78	0.24	0.253764	898.396	34.57	42.1243	0.000689861
-0.0535907	-0.914708	780.78	0.24	0.254072	898.373	34.5839	42.1036	0.000535804
-0.0536012	-0.78856	780.78	0.24	0.254142	898.353	34.6065	42.0705	0.000398208
-0.0536101	-0.662268	780.78	0.24	0.254202	898.335	34.6316	42.0359	0.000280872
-0.0536174	-0.535798	780.78	0.24	0.254448	898.321	34.6479	42.0045	0.000183842
-0.053623	-0.405201	780.78	0.24	0.254719	898.309	34.6542	41.985	0.000105144
-0.0536269	-0.272794	780.78	0.24	0.254846	898.301	34.6567	41.9703	4.76552e-05
-0.0536291	-0.139637	780.78	0.24	0.254834	898.295	34.6619	41.9521	1.24865e-05
-0.0536296	-0.00603703	780.78	0.24	0.254962	898.293	34.6689	41.9292	2.33393e-08
-0.0536284	0.128741	780.78	0.24	0.255079	898.293	34.6811	41.9006	1.06139e-05
-0.0536255	0.262955	780.78	0.24	0.255133	898.297	34.69	41.8761	4.42796e-05
-0.0536208	0.397772	780.78	0.24	0.255257	898.304	34.6883	41.8582	0.000101324
-0.0536144	0.535513	780.78	0.24	0.255505	898.314	34.6686	41.8622	0.000183646
-0.0536062	0.67508	780.78	0.24	0.255744	898.327	34.6347	41.8739	0.000291844
-0.0535962	0.818864	780.78	0.24	0.256241	898.343	34.6036	41.8874	0.000429403
-0.0535843	0.966117	780.78	0.24	0.256683	898.363	34.5749	41.8978	0.000597724
-0.0535704	1.11897	780.78	0.24	0.257251	898.386	34.5471	41.9056	0.000801829
-0.0535546	1.27509	780.78	0.24	0.257884	898.413	34.5161	41.9165	0.00104117
-0.0535367	1.43915	780.78	0.24	0.258811	898.443	34.4797	41.9334	0.00132634
-0.0535166	1.61175	780.78	0.24	0.259958	898.477	34.4514	41.9394	0.00166355
-0.0534942	1.79741	780.78	0.24	0.261414	898.515	34.4123	41.9537	0.00206888
-0.0534693	1.99596	780.78	0.24	0.262682	898.558	34.367	41.9708	0.0025512
-0.0534418	2.20468	780.78	0.24	0.263693	898.605	34.3171	41.993	0.00311266
-0.0534115	2.4204	780.78	0.24	0.264393	898.657	34.27	42.0122	0.00375158
-0.0533783	2.64121	780.78	0.24	0.264811	898.714	34.2257	42.0244	0.00446732
-0.0533424	2.86537	780.78	0.24	0.264908	898.776	34.1804	42.0366	0.00525779
-0.0533035	3.08914	780.78	0.24	0.264658	898.843	34.1381	42.0437	0.00611107
-0.0532618	3.31023	780.78	0.24	0.264238	898.916	34.083	42.0786	0.00701711
-0.0532173	3.52745	780.78	0.24	0.263767	898.993	34.0147	42.1112	0.00796827
-0.0531701	3.73849	780.78	0.24	0.263036	899.076	33.9525	42.1367	0.00895022
-0.0531203	3.94211	780.78	0.24	0.261899	899.163	33.8966	42.1542	0.00995176
-0.0530679	4.13282	780.78	0.24	0.260253	899.255	33.8487	42.1623	0.0109379
-0.0530133	4.3087	780.78	0.24	0.258479	899.351	33.798	42.1736	0.0118887
-0.0529566	4.46416	780.78	0.24	0.256534	899.451	33.7576	42.1708	0.0127621
-0.052898	4.6076	780.78	0.24	0.255039	899.555	33.7301	42.1511	0.0135954
-0.0528377	4.73673	780.78	0.24	0.253438	899.662	33.7118	42.1268	0.0143681
-0.0527759	4.85143	780.78	0.24	0.251662	899.772	33.6961	42.0987	0.0150724
-0.0527129	4.94877	780.78	0.24	0.249626	899.884	33.6821	42.0693	0.0156832
-0.0526487	5.02706	780.78	0.24	0.247379	899.999	33.6651	42.0432	0.0161834
-0.0525837	5.0845	780.78	0.24	0.245111	900.115	33.6375	42.0296	0.0165553
-0.0525182	5.12169	780.78	0.24	0.242729	900.233	33.6072	42.0158	0.0167984
-0.0524524	5.13811	780.78	0.24	0.240463	900.351	33.5828	41.9965	0.0169063
-0.0523867	5.13317	780.78	0.24	0.238262	900.469	33.5439	41.9896	0.0168738
-0.0523211	5.10968	780.78	0.24	0.236207	900.588	33.4879	42.0017	0.0167197
-0.052256	5.06696	780.78	0.24	0.234187	900.705	33.4187	42.0289	0.0164413
-0.0521917	5.00669	780.78	0.24	0.232043	900.822	33.3414	42.0642	0.0160525
-0.0521283	4.92526	780.78	0.24	0.229855	900.937	33.2664	42.0984	0.0155346
-0.0520662	4.82958	780.78	0.24	0.228608	901.05	33.2029	42.1184	0.0149369
-0.0520053	4.72181	780.78	0.24	0.227217	901.161	33.1547	42.125	0.0142777
-0.051946	4.60229	780.78	0.24	0.225983	901.27	33.1101	42.131	0.013564
-0.0518883	4.47193	780.78	0.24	0.224871	901.375	33.0792	42.1224	0.0128065
-0.0518323	4.33178	780.78	0.24	0.223735	901.478	33.0525	42.1105	0.0120164
-0.0517783	4.17895	780.78	0.24	0.222504	901.577	33.0291	42.094	0.0111835
-0.0517263	4.01611	780.78	0.24	0.221225	901.672	33.0066	42.0811	0.0103288
-0.0516766	3.84031	780.78	0.24	0.219774	901.764	32.987	42.0646	0.00944438
-0.0516292	3.65183	780.78	0.24	0.218222	901.852	32.972	42.0446	0.00854011
-0.0515843	3.44906	780.78	0.24	0.216515	901.935	32.9653	42.0176	0.00761805
-0.0515422	3.22933	780.78	0.24	0.214736	902.013	32.9742	41.9764	0.0066783
-0.0515031	2.99474	780.78	0.24	0.212995	902.087	32.9962	41.9239	0.00574326
-0.0514671	2.7438	780.78	0.24	0.211313	902.155	33.0199	41.8675	0.00482111
-0.0514345	2.47798	780.78	0.24	0.209593	902.216	33.0447	41.8154	0.00393221
-0.0514055	2.19619	780.78	0.24	0.208035	902.272	33.0603	41.7743	0.00308873
-0.0513802	1.90164	780.78	0.24	0.206713	902.321	33.0709	41.7418	0.00231579
-0.0513587	1.59633	780.78	0.24	0.205547	902.363	33.0782	41.712	0.00163187
-0.0513413	1.28042	780.78	0.24	0.204357	902.399	33.0847	41.6873	0.0010499
-0.051328	0.954521	780.78	0.24	0.203336	902.426	33.0938	41.6588	0.000583462
-0.051319	0.619449	780.78	0.24	0.202457	902.446	33.1112	41.6226	0.000245726
-0.0513143	0.276816	780.78	0.24	0.201789	902.459	33.13	41.5912	4.9071e-05
-0.0513141	-0.0696096	780.78	0.24	0.201453	902.463	33.1417	41.5688	3.10298e-06
-0.0513184	-0.420312	780.78	0.24	0.201121	902.46	33.1627	41.5355	0.000113132
-0.0513271	-0.773465	780.78	0.24	0.200944	902.448	33.2016	41.4809	0.00038311
-0.0513404	-1.12708	780.78	0.24	0.200795	902.428	33.2524	41.4208	0.00081349
-0.0513583	-1.48273	780.78	0.24	0.200572	902.4	33.3247	41.3368	0.00140789
-0.0513807	-1.841	780.78	0.24	0.200469	902.364	33.4207	41.234	0.00217044
-0.0514077	-2.19985	780.78	0.24	0.200579	902.319	33.5355	41.1169	0.00309904
-0.0514393	-2.55312	780.78	0.24	0.20148	902.266	33.6439	41.0104	0.00417429
-0.0514753	-2.89613	780.78	0.24	0.203021	902.205	33.7534	40.8949	0.00537126
-0.0515156	-3.22311	780.78	0.24	0.20523	902.136	33.8574	40.7976	0.0066526
-0.0515598	-3.52759	780.78	0.24	0.207624	902.06	33.9658	40.6915	0.0079689
-0.0516077	-3.8117	780.78	0.24	0.210002	901.977	34.0573	40.6046	0.00930421
-0.0516591	-4.07313	780.78	0.24	0.212441	901.887	34.1181	40.5515	0.0106243
-0.0517136	-4.31617	780.78	0.24	0.214619	901.791	34.1672	40.5143	0.01193
-0.051771	-4.5368	780.78	0.24	0.216876	901.69	34.2334	40.4575	0.0131807
-0.0518311	-4.73925	780.78	0.24	0.218782	901.584	34.3062	40.3927	0.0143833
-0.0518936	-4.9235	780.78	0.24	0.220811	901.474	34.3819	40.3307	0.0155235
-0.0519583	-5.08797	780.78	0.24	0.223274	901.359	34.4359	40.2917	0.0165779
-0.0520248	-5.23193	780.78	0.24	0.225432	901.241	34.5042	40.2371	0.0175293
-0.0520931	-5.35729	780.78	0.24	0.227265	901.119	34.5822	40.1745	0.0183794
-0.0521628	-5.46827	780.78	0.24	0.228749	900.995	34.6693	40.1015	0.0191488
-0.0522338	-5.56675	780.78	0.24	0.230289	900.868	34.743	40.0561	0.0198447
-0.0523059	-5.65048	780.78	0.24	0.231931	900.739	34.8072	40.0076	0.0204462
-0.0523789	-5.71888	780.78	0.24	0.233628	900.609	34.8543	39.9797	0.0209442
-0.0524527	-5.76968	780.78	0.24	0.236353	900.476	34.8625	39.9852	0.0213179
-0.0525268	-5.79171	780.78	0.24	0.239628	900.343	34.8745	39.9925	0.0214811
-0.052601	-5.78509	780.78	0.24	0.242439	900.209	34.8936	39.9912	0.021432
-0.0526748	-5.75717	780.78	0.24	0.244439	900.076	34.8594	40.0489	0.0212256
-0.0527482	-5.71884	780.78	0.24	0.245112	899.944	34.8035	40.1509	0.0209439
-0.0528209	-5.66348	780.78	0.24	0.247992	899.812	34.7487	40.242	0.0205404
-0.0528927	-5.57965	780.78	0.24	0.251249	899.682	34.7185	40.2899	0.0199368
-0.0529632	-5.48261	780.78	0.24	0.25328	899.554	34.6974	40.3375	0.0192493
-0.0530323	-5.36159	780.78	0.24	0.254409	899.428	34.6531	40.4071	0.018409
-0.0530997	-5.22949	780.78	0.24	0.255771	899.306	34.604	40.4866	0.017513
-0.0531653	-5.08575	780.78	0.24	0.256875	899.186	34.5352	40.5866	0.0165635
-0.053229	-4.94034	780.78	0.24	0.257984	899.07	34.6342	40.6574	0.0156299
-0.0532907	-4.778	780.78	0.24	0.258797	898.957	34.7668	40.6031	0.0146195
-0.0533505	-4.65009	780.78	0.24	0.258183	898.848	34.5092	40.9758	0.0138473
-0.0534085	-4.48927	780.78	0.24	0.25855	898.742	34.525	40.9032	0.012906
-0.0534645	-4.32989	780.78	0.24	0.260361	898.639	34.7313	41.0059	0.0120059
-0.0535182	-4.14759	780.78	0.24	0.261411	898.541	34.7948	41.0212	0.0110162
-0.0535695	-3.95771	780.78	0.24	0.262783	898.446	34.7928	41.0168	0.0100307
-0.0536182	-3.74623	780.78	0.24	0.264952	898.356	34.7279	41.0858	0.00898734
-0.053664	-3.51722	780.78	0.24	0.266441	898.272	34.7259	41.0764	0.00792212
-0.0537067	-3.27755	780.78	0.24	0.267285	898.192	34.6884	41.1237	0.00687924
-0.0537464	-3.03953	780.78	0.24	0.267585	898.118	34.577	41.2615	0.00591637
-0.053783	-2.79581	780.78	0.24	0.267068	898.049	34.4303	41.417	0.00500559
-0.0538165	-2.55926	780.78	0.24	0.266238	897.987	34.2176	41.6488	0.0041944
-0.053847	-2.32862	780.78	0.24	0.26567	897.929	34.1409	41.682	0.00347246
-0.0538747	-2.10405	780.78	0.24	0.26504	897.877	34.1276	41.7043	0.00283501
-0.0538995	-1.8832	780.78	0.24	0.264662	897.83	34.1377	41.6823	0.00227109
-0.0539215	-1.66224	780.78	0.24	0.264949	897.788	34.0796	41.7423	0.00176941
-0.0539406	-1.43868	780.78	0.24	0.265206	897.751	33.9958	41.8255	0.00132547
-0.0539569	-1.21349	780.78	0.24	0.26547	897.719	33.8937	41.9227	0.000943
-0.0539702	-0.985341	780.78	0.24	0.265561	897.692	33.7782	42.0392	0.000621748
-0.0539806	-0.757039	780.78	0.24	0.265428	897.671	33.6583	42.1511	0.00036701
-0.0539882	-0.53642	780.78	0.24	0.265402	897.655	33.5487	42.2575	0.000184269
-0.0539929	-0.310081	780.78	0.24	0.265336	897.644	33.4726	42.3226	6.15734e-05
-0.0539947	-0.0846367	780.78	0.24	0.265156	897.638	33.4212	42.3595	4.58732e-06
-0.0539936	0.138663	780.78	0.24	0.26458	897.637	33.3668	42.3989	1.23129e-05
-0.0539898	0.353028	780.78	0.24	0.263404	897.642	33.3062	42.4429	7.98105e-05
-0.0539833	0.555816	780.78	0.24	0.261811	897.651	33.2477	42.4833	0.000197835
-0.0539743	0.742614	780.78	0.24	0.260062	897.665	33.2029	42.5085	0.000353157
-0.0539631	0.913414	780.78	0.24	0.257968	897.683	33.1812	42.511	0.00053429
-0.05395	1.06456	780.78	0.24	0.255829	897.705	33.1847	42.4922	0.000725736
-0.053935	1.19711	780.78	0.24	0.253785	897.73	33.2205	42.4339	0.000917726
-0.0539186	1.31123	780.78	0.24	0.251802	897.759	33.2683	42.3606	0.00110104
-0.0539008	1.40788	780.78	0.24	0.250001	897.789	33.3045	42.3062	0.00126932
-0.053882	1.48896	780.78	0.24	0.248368	897.822	33.3413	42.2451	0.00141974
-0.0538622	1.55743	780.78	0.24	0.247274	897.857	33.3426	42.2222	0.00155331
-0.0538417	1.6193	780.78	0.24	0.246363	897.893	33.3523	42.1863	0.00167917
-0.0538204	1.67167	780.78	0.24	0.245293	897.931	33.3667	42.1473	0.00178953
-0.0537986	1.71352	780.78	0.24	0.244131	897.97	33.3959	42.0918	0.00188026
-0.0537763	1.74543	780.78	0.24	0.243073	898.009	33.4408	42.0251	0.00195095
-0.0537537	1.77048	780.78	0.24	0.242431	898.049	33.4787	41.9642	0.00200735
-0.0537309	1.78863	780.78	0.24	0.242038	898.09	33.5082	41.9007	0.00204873
-0.0537078	1.8071	780.78	0.24	0.241974	898.132	33.5158	41.873	0.00209126
-0.0536845	1.82433	780.78	0.24	0.241979	898.173	33.5402	41.8223	0.00213132
-0.0536609	1.84022	780.78	0.24	0.241851	898.215	33.5837	41.7508	0.00216861
-0.0536372	1.85613	780.78	0.24	0.241541	898.258	33.6353	41.672	0.00220626
-0.0536133	1.86699	780.78	0.24	0.241016	898.301	33.7088	41.5695	0.00223216
-0.0535893	1.8727	780.78	0.24	0.240484	898.344	33.7977	41.4559	0.00224584
-0.0535653	1.87368	780.78	0.24	0.239806	898.387	33.8991	41.3285	0.00224819
-0.0535414	1.8681	780.78	0.24	0.23889	898.43	34.0047	41.1952	0.0022348
-0.0535176	1.85315	780.78	0.24	0.237698	898.473	34.1087	41.0643	0.00219918
-0.0534941	1.82767	780.78	0.24	0.236532	898.515	34.2018	40.9484	0.00213912
-0.053471	1.78909	780.78	0.24	0.235174	898.557	34.2823	40.8341	0.00204978
-0.0534486	1.74106	780.78	0.24	0.234121	898.598	34.3382	40.7541	0.00194118
-0.0534268	1.68201	780.78	0.24	0.232792	898.638	34.4118	40.6552	0.00181176
-0.0534059	1.60994	780.78	0.24	0.231279	898.676	34.5055	40.5383	0.00165983
-0.0533861	1.52407	780.78	0.24	0.229522	898.713	34.6193	40.3998	0.00148747
-0.0533675	1.42197	780.78	0.24	0.227701	898.747	34.7341	40.2588	0.00129486
-0.0533504	1.30436	780.78	0.24	0.226223	898.779	34.8041	40.1654	0.00108952
-0.0533349	1.17645	780.78	0.24	0.225215	898.809	34.8296	40.1238	0.000886314
-0.0533212	1.03837	780.78	0.24	0.224229	898.835	34.8618	40.0725	0.000690468
-0.0533093	0.893493	780.78	0.24	0.223619	898.858	34.9035	40.0128	0.000511239
-0.0532993	0.743886	780.78	0.24	0.223255	898.878	34.9526	39.9481	0.000354368
-0.0532912	0.59085	780.78	0.24	0.222758	898.894	35.0104	39.874	0.000223561
-0.0532851	0.431575	780.78	0.24	0.22224	898.907	35.0601	39.8085	0.000119276
-0.0532812	0.269882	780.78	0.24	0.221762	898.916	35.1019	39.7527	4.66432e-05
-0.0532793	0.100703	780.78	0.24	0.221274	898.921	35.1447	39.698	6.49422e-06
-0.0532797	-0.0690469	780.78	0.24	0.221159	898.923	35.1769	39.6548	3.05302e-06
-0.0532822	-0.24049	780.78	0.24	0.221067	898.92	35.1978	39.6245	3.7037e-05
-0.0532869	-0.412166	780.78	0.24	0.221169	898.913	35.2168	39.6019	0.000108789
-0.0532938	-0.584337	780.78	0.24	0.221556	898.903	35.2272	39.5634	0.000218659
-0.0533029	-0.745762	780.78	0.24	0.222776	898.889	35.2117	39.5767	0.000356157
-0.0533139	-0.895376	780.78	0.24	0.224091	898.871	35.2027	39.5783	0.000513396
-0.0533267	-1.0335	780.78	0.24	0.225499	898.849	35.2008	39.5716	0.000684015
-0.0533411	-1.15896	780.78	0.24	0.226804	898.825	35.1936	39.5742	0.000860155
-0.0533571	-1.2741	780.78	0.24	0.228014	898.797	35.1887	39.5807	0.00103955
-0.0533745	-1.38021	780.78	0.24	0.229189	898.767	35.1848	39.5797	0.00121993
-0.053393	-1.47303	780.78	0.24	0.230394	898.735	35.1775	39.5854	0.00138951
-0.0534127	-1.55642	780.78	0.24	0.231245	898.7	35.1741	39.5873	0.00155129
-0.0534334	-1.63379	780.78	0.24	0.231824	898.664	35.1694	39.5971	0.00170936
-0.053455	-1.7071	780.78	0.24	0.232163	898.626	35.1722	39.5938	0.0018662
-0.0534776	-1.77687	780.78	0.24	0.232932	898.586	35.1676	39.5968	0.00202188
-0.0535009	-1.83705	780.78	0.24	0.233867	898.545	35.181	39.5852	0.00216115
-0.053525	-1.89205	780.78	0.24	0.234385	898.503	35.2158	39.5509	0.00229248
-0.0535497	-1.94359	780.78	0.24	0.23466	898.459	35.2597	39.5063	0.00241908
-0.053575	-1.9899	780.78	0.24	0.235327	898.414	35.2883	39.4862	0.00253574
-0.0536009	-2.03193	780.78	0.24	0.235795	898.368	35.3067	39.471	0.00264397
-0.0536273	-2.07039	780.78	0.24	0.23612	898.321	35.32	39.4607	0.00274502
-0.0536542	-2.10839	780.78	0.24	0.236407	898.273	35.3414	39.4497	0.00284672
-0.0536815	-2.13952	780.78	0.24	0.236921	898.224	35.3795	39.4151	0.00293138
-0.0537092	-2.16763	780.78	0.24	0.237127	898.175	35.4219	39.3773	0.00300893
-0.0537372	-2.19551	780.78	0.24	0.237299	898.125	35.4636	39.339	0.00308683
-0.0537655	-2.22003	780.78	0.24	0.237489	898.074	35.5022	39.3062	0.00315615
-0.0537942	-2.24469	780.78	0.24	0.237719	898.023	35.5241	39.2851	0.00322667
-0.0538231	-2.26489	780.78	0.24	0.23808	897.971	35.527	39.2901	0.003285
-0.0538523	-2.28186	780.78	0.24	0.2384	897.919	35.5266	39.2959	0.00333441
-0.0538817	-2.29744	780.78	0.24	0.238451	897.866	35.5246	39.3042	0.0033801
-0.0539113	-2.31374	780.78	0.24	0.238299	897.814	35.5162	39.3216	0.00342823
-0.0539411	-2.33239	780.78	0.24	0.238011	897.76	35.5014	39.3445	0.00348372
-0.0539711	-2.35379	780.78	0.24	0.237525	897.706	35.4947	39.3534	0.00354794
-0.0540015	-2.37981	780.78	0.24	0.237083	897.652	35.4889	39.3678	0.00362681
-0.0540323	-2.41024	780.78	0.24	0.236537	897.597	35.4897	39.3729	0.00372016
-0.0540635	-2.44579	780.78	0.24	0.23619	897.542	35.4911	39.3769	0.00383071
-0.0540951	-2.48287	780.78	0.24	0.236057	897.485	35.4788	39.3956	0.00394773
-0.0541273	-2.51935	780.78	0.24	0.236098	897.428	35.4515	39.4308	0.0040646
-0.0541599	-2.55526	780.78	0.24	0.236465	897.37	35.4175	39.473	0.00418131
-0.0541929	-2.58621	780.78	0.24	0.236992	897.311	35.3866	39.5119	0.00428322
-0.0542263	-2.61393	780.78	0.24	0.237347	897.251	35.3607	39.5467	0.00437553
-0.05426	-2.63928	780.78	0.24	0.23819	897.191	35.3368	39.5815	0.00446078
-0.054294	-2.65323	780.78	0.24	0.239092	897.13	35.3205	39.6015	0.00450808
-0.0543282	-2.68563	780.78	0.24	0.238492	897.069	35.2393	39.7163	0.00461884
-0.0544837	-21.5823	780.78	0.24	0.242232	897.008	35.2402	39.8921	0.298288
-0.0547597	-21.5416	780.78	0.24	0.249626	896.512	35.3168	39.9264	0.297164
-0.0550347	-21.4415	780.78	0.24	0.255277	896.018	35.3138	40.0523	0.294408
-0.0553079	-21.2895	780.78	0.24	0.261243	895.527	35.3428	40.1396	0.29025
-0.0555787	-21.085	780.78	0.24	0.266865	895.04	35.3971	40.2082	0.284701
-0.0558464	-20.8387	780.78	0.24	0.272027	894.558	35.4376	40.2937	0.278089
-0.0561105	-20.5421	780.78	0.24	0.276748	894.082	35.4659	40.39	0.270229
-0.0563704	-20.2072	780.78	0.24	0.281284	893.614	35.503	40.4821	0.261488
-0.0566255	-19.8258	780.78	0.24	0.286471	893.153	35.5721	40.5344	0.251711
-0.0568754	-19.4001	780.78	0.24	0.29125	892.702	35.6467	40.5788	0.241018
-0.0571194	-18.9337	780.78	0.24	0.295606	892.261	35.7175	40.6273	0.229568
-0.0573571	-18.43	780.78	0.24	0.299501	891.831	35.7877	40.6777	0.217517
-0.057588	-17.8934	780.78	0.24	0.302973	891.413	35.8629	40.7209	0.205035
-0.0578118	-17.3274	780.78	0.24	0.306089	891.008	35.9535	40.7416	0.192268
-0.058028	-16.7324	780.78	0.24	0.309748	890.616	36.0127	40.7932	0.17929
-0.0582363	-16.107	780.78	0.24	0.313411	890.238	36.0757	40.8348	0.166139
-0.0584363	-15.4453	780.78	0.24	0.31698	889.875	36.1602	40.851	0.152769
-0.0586275	-14.7562	780.78	0.24	0.320372	889.526	36.2656	40.8336	0.139441
-0.0588096	-14.0332	780.78	0.24	0.323795	889.194	36.3663	40.8243	0.126112
-0.0589821	-13.2845	780.78	0.24	0.32666	888.879	36.4622	40.8253	0.113013
-0.0591448	-12.5112	780.78	0.24	0.329069	888.581	36.5598	40.816	0.100239
-0.0592974	-11.7123	780.78	0.24	0.332136	888.301	36.6305	40.8367	0.0878474
-0.0594395	-10.8884	780.78	0.24	0.335047	888.039	36.7117	40.8331	0.0759221
-0.0595709	-10.0405	780.78	0.24	0.337414	887.796	36.823	40.7932	0.0645584
-0.0596911	-9.1669	780.78	0.24	0.340378	887.573	36.9235	40.7544	0.0538129
-0.0597999	-8.27124	780.78	0.24	0.342806	887.369	37.0312	40.6998	0.0438109
-0.0598971	-7.35473	780.78	0.24	0.344714	887.187	37.1292	40.6504	0.0346397
-0.0599823	-6.42171	780.78	0.24	0.346463	887.025	37.2169	40.6138	0.0264085
-0.0600555	-5.47443	780.78	0.24	0.347728	886.884	37.3019	40.5625	0.0191919
-0.0601164	-4.5185	780.78	0.24	0.348489	886.765	37.3747	40.5179	0.0130746
-0.060165	-3.5558	780.78	0.24	0.348998	886.668	37.4303	40.4842	0.00809686
-0.0602013	-2.59025	780.78	0.24	0.349193	886.593	37.464	40.4623	0.0042966
-0.0602252	-1.62325	780.78	0.24	0.349206	886.54	37.4735	40.4556	0.00168738
-0.0602367	-0.656048	780.78	0.24	0.34906	886.508	37.4792	40.4459	0.000275621
-0.0602358	0.307571	780.78	0.24	0.348464	886.499	37.4855	40.4257	6.05804e-05
-0.0602227	1.26497	780.78	0.24	0.348096	886.511	37.4827	40.413	0.00102471
-0.0601973	2.22152	780.78	0.24	0.347831	886.545	37.4766	40.3922	0.00316039
-0.0601596	3.17718	780.78	0.24	0.347582	886.601	37.4607	40.3699	0.00646433
-0.0601098	4.12866	780.78	0.24	0.346752	886.679	37.4313	40.3585	0.0109159
-0.0600478	5.07145	780.78	0.24	0.345377	886.778	37.3897	40.3515	0.0164705
-0.059974	5.99909	780.78	0.24	0.343512	886.898	37.3358	40.3467	0.0230469
-0.0598884	6.90868	780.78	0.24	0.341239	887.04	37.2709	40.3493	0.0305655
-0.0597913	7.7966	780.78	0.24	0.338639	887.202	37.199	40.3517	0.0389271
-0.0596831	8.66171	780.78	0.24	0.335634	887.384	37.1271	40.3489	0.0480451
-0.0595641	9.49835	780.78	0.24	0.332238	887.586	37.0602	40.3364	0.0577747
-0.0594347	10.3044	780.78	0.24	0.32832	887.807	37.0042	40.3025	0.0679962
-0.0592953	11.0722	780.78	0.24	0.323963	888.045	36.9563	40.2554	0.0785067
-0.0591464	11.8043	780.78	0.24	0.319837	888.302	36.9113	40.1992	0.089232
-0.0589885	12.4986	780.78	0.24	0.315502	888.574	36.8693	40.144	0.100037
-0.058822	13.1547	780.78	0.24	0.31096	888.863	36.8316	40.0777	0.110816
-0.0586476	13.7672	780.78	0.24	0.306163	889.166	36.787	40.0078	0.121377
-0.0584658	14.3391	780.78	0.24	0.301244	889.483	36.7356	39.9494	0.131669
-0.058277	14.8672	780.78	0.24	0.29612	889.813	36.6821	39.8924	0.141547
-0.0580819	15.349	780.78	0.24	0.290712	890.154	36.6273	39.8346	0.15087
-0.0578811	15.782	780.78	0.24	0.285119	890.507	36.5739	39.7729	0.159503
-0.0576752	16.1649	780.78	0.24	0.279316	890.869	36.5212	39.7116	0.167336
-0.0574649	16.4955	780.78	0.24	0.273262	891.24	36.4691	39.6517	0.174249
-0.0572509	16.7729	780.78	0.24	0.267428	891.619	36.428	39.5795	0.18016
-0.0570339	16.9995	780.78	0.24	0.261817	892.003	36.3709	39.5261	0.185061
-0.0568144	17.1776	780.78	0.24	0.256541	892.393	36.2972	39.4908	0.188959
-0.0565931	17.3099	780.78	0.24	0.251398	892.786	36.2283	39.4501	0.191881
-0.0563705	17.3956	780.78	0.24	0.246194	893.183	36.1523	39.4189	0.193784
-0.0561472	17.4364	780.78	0.24	0.241215	893.581	36.0697	39.3947	0.194695
-0.0559239	17.4331	780.78	0.24	0.236527	893.981	35.9844	39.3823	0.19462
-0.055701	17.3895	780.78	0.24	0.232293	894.38	35.9202	39.3434	0.193649
-0.055479	17.3088	780.78	0.24	0.228013	894.778	35.8512	39.3101	0.191855
-0.0552585	17.1881	780.78	0.24	0.223697	895.174	35.781	39.2846	0.189189
-0.0550398	17.0302	780.78	0.24	0.219736	895.567	35.7037	39.268	0.185729
-0.0548235	16.8385	780.78	0.24	0.215997	895.957	35.6119	39.2654	0.181572
-0.05461	16.6157	780.78	0.24	0.21256	896.342	35.4959	39.2923	0.176798
-0.0543996	16.3621	780.78	0.24	0.209259	896.723	35.3651	39.3348	0.171442
-0.0541927	16.0782	780.78	0.24	0.20594	897.097	35.2304	39.3866	0.165546
-0.0539898	15.7646	780.78	0.24	0.202771	897.465	35.0833	39.4568	0.15915
-0.0537911	15.4236	780.78	0.24	0.199719	897.825	34.9308	39.5283	0.152339
-0.0535971	15.0527	780.78	0.24	0.196674	898.178	34.7694	39.6139	0.1451
-0.0534081	14.6571	780.78	0.24	0.193734	898.522	34.6183	39.6895	0.137575
-0.0532244	14.2355	780.78	0.24	0.190958	898.857	34.4629	39.7759	0.129775
-0.0530463	13.7883	780.78	0.24	0.188167	899.182	34.322	39.8462	0.121747
-0.0528743	13.3129	780.78	0.24	0.185257	899.497	34.181	39.916	0.113497
-0.0527085	12.8155	780.78	0.24	0.182996	899.801	34.0568	39.9751	0.105175
-0.0525494	12.2984	780.78	0.24	0.180783	900.094	33.9497	40.0232	0.0968587
-0.052397	11.7606	780.78	0.24	0.17863	900.374	33.8536	40.064	0.088573
-0.0522517	11.2026	780.78	0.24	0.176753	900.642	33.772	40.0894	0.0803675
-0.0521137	10.63	780.78	0.24	0.175064	900.898	33.7022	40.1058	0.0723615
-0.0519832	10.0433	780.78	0.24	0.173652	901.14	33.6255	40.1345	0.0645942
-0.0518603	9.44255	780.78	0.24	0.172401	901.368	33.5442	40.1708	0.0570979
-0.0517452	8.8333	780.78	0.24	0.171573	901.583	33.4751	40.1959	0.0499674
-0.051638	8.21572	780.78	0.24	0.170798	901.783	33.4061	40.223	0.0432247
-0.0515388	7.59178	780.78	0.24	0.170241	901.969	33.3306	40.2601	0.0369087
-0.0514476	6.96284	780.78	0.24	0.169636	902.141	33.2613	40.2924	0.0310466
-0.0513646	6.32705	780.78	0.24	0.169284	902.298	33.1987	40.3218	0.0256357
-0.0512896	5.69379	780.78	0.24	0.169781	902.441	33.1327	40.3595	0.0207608
-0.0512227	5.06565	780.78	0.24	0.170587	902.569	33.0542	40.4175	0.0164328
-0.0511638	4.44533	780.78	0.24	0.171587	902.682	32.9668	40.4774	0.0126546
-0.0511128	3.833	780.78	0.24	0.172514	902.782	32.8878	40.5286	0.00940845
-0.0510696	3.22479	780.78	0.24	0.173586	902.867	32.8166	40.5688	0.00665955
-0.051034	2.63221	780.78	0.24	0.175219	902.938	32.7389	40.6269	0.00443692
-0.0510058	2.05586	780.78	0.24	0.17694	902.995	32.6652	40.6806	0.00270663
-0.0509849	1.49496	780.78	0.24	0.179048	903.04	32.5802	40.7488	0.0014312
-0.050971	0.954671	780.78	0.24	0.18134	903.071	32.487	40.8347	0.000583644
-0.0509638	0.436188	780.78	0.24	0.184014	903.09	32.4219	40.8754	0.00012184
-0.050963	-0.0596856	780.78	0.24	0.186271	903.097	32.3301	40.9621	2.28129e-06
-0.0509683	-0.535039	780.78	0.24	0.188599	903.093	32.2681	40.9794	0.000183321
-0.0509796	-0.989432	780.78	0.24	0.191325	903.078	32.2076	41.0221	0.000626922
-0.0509964	-1.41753	780.78	0.24	0.19432	903.052	32.152	41.0835	0.00128678
-0.0510185	-1.81946	780.78	0.24	0.197711	903.017	32.1077	41.1195	0.00211995
-0.0510454	-2.20055	780.78	0.24	0.199688	902.973	32.1409	41.1516	0.00310101
-0.051102	-6.45016	780.78	0.24	0.209258	902.92	32.1226	45.3384	0.0266429
-0.0511872	-6.71058	780.78	0.24	0.213775	902.769	32.1662	45.3017	0.0288377
-0.0512753	-6.93318	780.78	0.24	0.217697	902.613	32.2109	45.2809	0.0307827
-0.051366	-7.12403	780.78	0.24	0.221146	902.451	32.2804	45.2215	0.0325007
-0.0514588	-7.2829	780.78	0.24	0.224331	902.286	32.3681	45.1543	0.0339664
-0.0515533	-7.41502	780.78	0.24	0.2272	902.116	32.4764	45.0658	0.03521
-0.0516494	-7.52283	780.78	0.24	0.229936	901.944	32.6	44.9585	0.0362413
-0.0517465	-7.60296	780.78	0.24	0.233032	901.77	32.7195	44.8585	0.0370175
-0.0518444	-7.65611	780.78	0.24	0.236007	901.594	32.844	44.7559	0.0375369
-0.0519428	-7.68162	780.78	0.24	0.238914	901.417	32.9788	44.6377	0.0377874
-0.0520412	-7.68265	780.78	0.24	0.241455	901.24	33.1262	44.5095	0.0377975
-0.0521394	-7.66272	780.78	0.24	0.243558	901.062	33.2805	44.3742	0.0376017
-0.0522372	-7.62468	780.78	0.24	0.245519	900.886	33.4322	44.2441	0.0372292
-0.0523344	-7.56999	780.78	0.24	0.247322	900.71	33.587	44.1057	0.0366971
-0.0524307	-7.49888	780.78	0.24	0.249241	900.536	33.747	43.9622	0.036011
-0.0525259	-7.41026	780.78	0.24	0.250958	900.363	33.9064	43.8178	0.0351648
-0.0526198	-7.30658	780.78	0.24	0.252538	900.193	34.0526	43.6881	0.0341877
-0.0527123	-7.18938	780.78	0.24	0.254144	900.025	34.195	43.5601	0.0330997
-0.0528031	-7.05623	780.78	0.24	0.255963	899.86	34.3422	43.4235	0.0318851
-0.0528921	-6.90673	780.78	0.24	0.257833	899.698	34.4745	43.3069	0.0305483
-0.0529789	-6.74091	780.78	0.24	0.259463	899.54	34.6057	43.188	0.029099
-0.0530636	-6.56197	780.78	0.24	0.261061	899.386	34.7294	43.0786	0.0275746
-0.0531458	-6.36742	780.78	0.24	0.262679	899.236	34.84	42.9774	0.0259638
-0.0532253	-6.15763	780.78	0.24	0.264521	899.09	34.9159	42.9246	0.0242811
-0.053302	-5.93096	780.78	0.24	0.266595	898.95	34.9617	42.8839	0.0225264
-0.0533756	-5.68557	780.78	0.24	0.268909	898.815	34.9814	42.8621	0.0207009
-0.0534459	-5.41689	780.78	0.24	0.271283	898.685	34.9781	42.8693	0.0187907
-0.0535125	-5.12607	780.78	0.24	0.273799	898.562	34.9529	42.8996	0.0168271
-0.0535752	-4.81237	780.78	0.24	0.276289	898.446	34.9149	42.9403	0.0148306
-0.0536337	-4.47838	780.78	0.24	0.278601	898.337	34.8707	42.9837	0.0128435
-0.0536876	-4.12356	780.78	0.24	0.280914	898.236	34.8332	43.021	0.010889
-0.0537369	-3.74725	780.78	0.24	0.283065	898.143	34.8066	43.0415	0.0089922
-0.0537811	-3.35316	780.78	0.24	0.285056	898.059	34.7697	43.07	0.00720028
-0.0538201	-2.94268	780.78	0.24	0.286803	897.984	34.7301	43.1017	0.00554533
-0.0538537	-2.51484	780.78	0.24	0.288603	897.919	34.697	43.1196	0.00405006
-0.0538817	-2.07283	780.78	0.24	0.290083	897.864	34.6601	43.136	0.00275149
-0.0539039	-1.61984	780.78	0.24	0.291145	897.819	34.6087	43.167	0.0016803
-0.0539202	-1.15742	780.78	0.24	0.292194	897.784	34.5454	43.2021	0.000857878
-0.0539305	-0.686065	780.78	0.24	0.292852	897.76	34.4625	43.2555	0.00030142
-0.0539347	-0.209651	780.78	0.24	0.293407	897.747	34.4079	43.2511	2.81471e-05
-0.0539328	0.267897	780.78	0.24	0.294005	897.745	34.3616	43.2646	4.59597e-05
-0.0539247	0.752194	780.78	0.24	0.294194	897.754	34.2953	43.2932	0.000362327
-0.0539105	1.23638	780.78	0.24	0.293811	897.774	34.2178	43.3338	0.000978918
-0.05389	1.71586	780.78	0.24	0.29295	897.805	34.157	43.3501	0.00188541
-0.0538635	2.18462	780.78	0.24	0.291834	897.848	34.1027	43.3538	0.00305629
-0.0538311	2.64529	780.78	0.24	0.291172	897.9	34.0245	43.3941	0.00448112
-0.0537928	3.09861	780.78	0.24	0.290319	897.964	33.9908	43.3654	0.00614858
-0.0537488	3.54485	780.78	0.24	0.289165	898.038	34.0154	43.2834	0.00804708
-0.0536992	3.98293	780.78	0.24	0.288636	898.122	33.9757	43.2627	0.0101589
-0.053644	4.4156	780.78	0.24	0.287694	898.216	33.9384	43.2358	0.0124859
-0.0535834	4.83611	780.78	0.24	0.286461	898.32	33.8828	43.2142	0.0149773
-0.0535175	5.24837	780.78	0.24	0.28515	898.434	33.816	43.2115	0.0176396
-0.0534464	5.64544	780.78	0.24	0.283553	898.557	33.7532	43.2044	0.0204097
-0.0533704	6.02804	780.78	0.24	0.281661	898.689	33.6867	43.198	0.0232698
-0.0532897	6.39136	780.78	0.24	0.279213	898.83	33.6119	43.196	0.0261594
-0.0532045	6.73045	780.78	0.24	0.276529	898.979	33.5446	43.1909	0.0290088
-0.0531152	7.04945	780.78	0.24	0.274385	899.136	33.4898	43.192	0.0318238
-0.0530221	7.34723	780.78	0.24	0.271828	899.3	33.4542	43.1496	0.0345691
-0.0529253	7.62207	780.78	0.24	0.268959	899.471	33.4463	43.0743	0.0372038
-0.0528252	7.87162	780.78	0.24	0.266182	899.648	33.4448	42.9911	0.0396798
-0.0527222	8.09692	780.78	0.24	0.263626	899.831	33.4147	42.9398	0.0419837
-0.0526165	8.30139	780.78	0.24	0.261505	900.019	33.3638	42.9108	0.0441309
-0.0525084	8.48437	780.78	0.24	0.259189	900.212	33.3158	42.872	0.0460979
-0.0523982	8.64565	780.78	0.24	0.256584	900.408	33.2785	42.8231	0.047867
-0.0522861	8.78551	780.78	0.24	0.254496	900.608	33.2545	42.7622	0.0494283
-0.0521723	8.90595	780.78	0.24	0.252706	900.812	33.2755	42.6441	0.0507928
-0.0520572	9.01461	780.78	0.24	0.251125	901.018	33.3016	42.5324	0.0520397
-0.0519408	9.10712	780.78	0.24	0.249145	901.227	33.3135	42.4347	0.0531133
-0.0518235	9.1806	780.78	0.24	0.24696	901.438	33.3066	42.3636	0.0539739
-0.0517053	9.23468	780.78	0.24	0.244705	901.65	33.3022	42.2812	0.0546116
-0.0515867	9.26613	780.78	0.24	0.241949	901.863	33.3035	42.1972	0.0549843
-0.0514679	9.27374	780.78	0.24	0.23934	902.078	33.3089	42.1074	0.0550746
-0.0513493	9.25895	780.78	0.24	0.237086	902.292	33.345	41.9854	0.054899
-0.051231	9.22384	780.78	0.24	0.23485	902.506	33.3995	41.8491	0.0544835
-0.0511134	9.16755	780.78	0.24	0.232372	902.719	33.4587	41.7091	0.0538205
-0.0509967	9.08821	780.78	0.24	0.229837	902.93	33.5147	41.577	0.052893
-0.0508812	8.98633	780.78	0.24	0.227572	903.14	33.5652	41.4495	0.0517137
-0.0507673	8.86503	780.78	0.24	0.225383	903.347	33.6081	41.3326	0.0503271
-0.0506551	8.72464	780.78	0.24	0.223274	903.552	33.6455	41.2219	0.0487457
-0.0505448	8.56499	780.78	0.24	0.220944	903.753	33.6963	41.0894	0.0469781
-0.0504369	8.38345	780.78	0.24	0.218462	903.95	33.7592	40.9549	0.0450077
-0.0503314	8.1775	780.78	0.24	0.215779	904.143	33.8195	40.8254	0.0428235
-0.0502289	7.94822	780.78	0.24	0.21325	904.331	33.8717	40.7053	0.0404559
-0.0501294	7.69715	780.78	0.24	0.210901	904.514	33.9159	40.596	0.0379403
-0.0500334	7.42449	780.78	0.24	0.208491	904.691	33.953	40.4963	0.0353
-0.0499412	7.1298	780.78	0.24	0.205983	904.861	33.9785	40.4111	0.0325534
-0.0498529	6.81203	780.78	0.24	0.203539	905.025	33.9805	40.3502	0.0297163
-0.0497688	6.47611	780.78	0.24	0.202097	905.181	33.9589	40.3161	0.0268578
-0.0496892	6.12993	780.78	0.24	0.201035	905.329	33.9135	40.309	0.0240631
-0.0496141	5.7732	780.78	0.24	0.200237	905.469	33.8922	40.2754	0.0213439
-0.0495436	5.41252	780.78	0.24	0.200113	905.601	33.8684	40.2562	0.0187603
-0.0494778	5.05149	780.78	0.24	0.200131	905.724	33.8088	40.2697	0.016341
-0.0494166	4.68864	780.78	0.24	0.199957	905.839	33.7364	40.3022	0.0140778
-0.04936	4.32368	780.78	0.24	0.19957	905.946	33.6622	40.339	0.0119715
-0.0493081	3.95871	780.78	0.24	0.199614	906.044	33.6154	40.3402	0.0100357
-0.049261	3.59119	780.78	0.24	0.199204	906.134	33.5566	40.3654	0.00825881
-0.0492186	3.2115	780.78	0.24	0.19856	906.215	33.5045	40.3749	0.00660477
-0.049181	2.83807	780.78	0.24	0.198823	906.288	33.4637	40.3817	0.00515807
-0.0491483	2.46288	780.78	0.24	0.198583	906.351	33.4397	40.3764	0.00388444
-0.0491203	2.0887	780.78	0.24	0.198748	906.406	33.4433	40.3488	0.00279379
-0.0490972	1.71545	780.78	0.24	0.198847	906.453	33.4345	40.3312	0.0018845
-0.0490788	1.34244	780.78	0.24	0.198888	906.49	33.4219	40.3204	0.00115407
-0.0490652	0.970903	780.78	0.24	0.199193	906.519	33.4055	40.3097	0.00060366
-0.0490563	0.604273	780.78	0.24	0.20013	906.54	33.3701	40.321	0.000233834
-0.049052	0.248262	780.78	0.24	0.201464	906.552	33.3194	40.3539	3.94694e-05
-0.0490521	-0.0914001	780.78	0.24	0.203648	906.556	33.2531	40.4203	5.34976e-06
-0.0490564	-0.413215	780.78	0.24	0.205477	906.551	33.2241	40.4289	0.000109343
-0.0490646	-0.721417	780.78	0.24	0.20681	906.54	33.1718	40.4668	0.000333284
-0.0490768	-1.01941	780.78	0.24	0.207686	906.522	33.0901	40.5353	0.000665489
-0.0490926	-1.3119	780.78	0.24	0.207946	906.496	33.0138	40.6129	0.00110216
-0.0491122	-1.60091	780.78	0.24	0.208482	906.464	32.9772	40.6482	0.00164124
-0.0491354	-1.88335	780.78	0.24	0.209366	906.425	32.9391	40.6748	0.00227145
-0.0491622	-2.15643	780.78	0.24	0.21063	906.38	32.8704	40.7403	0.00297792
-0.0491923	-2.41697	780.78	0.24	0.212111	906.328	32.8065	40.8004	0.00374096
-0.0492257	-2.66165	780.78	0.24	0.214228	906.271	32.7474	40.8854	0.00453674
-0.049262	-2.88951	780.78	0.24	0.216064	906.208	32.728	40.9015	0.00534675
-0.049301	-3.10086	780.78	0.24	0.217642	906.139	32.6974	40.9357	0.00615752
-0.0493427	-3.29878	780.78	0.24	0.218967	906.066	32.6639	40.9712	0.00696865
-0.0493867	-3.4866	780.78	0.24	0.220114	905.988	32.6267	41.0038	0.00778478
-0.0494331	-3.66446	780.78	0.24	0.221092	905.906	32.5914	41.0445	0.00859925
-0.0494817	-3.83367	780.78	0.24	0.221981	905.82	32.5625	41.0773	0.00941175
-0.0495323	-3.99623	780.78	0.24	0.22269	905.731	32.5433	41.0993	0.0102269
-0.049585	-4.15225	780.78	0.24	0.223445	905.637	32.5314	41.1195	0.011041
-0.0496396	-4.30306	780.78	0.24	0.223982	905.54	32.5337	41.1228	0.0118576
-0.0496961	-4.44843	780.78	0.24	0.224505	905.439	32.5353	41.1352	0.0126723
-0.0497545	-4.58958	780.78	0.24	0.224914	905.335	32.536	41.1412	0.0134892
-0.0498146	-4.72678	780.78	0.24	0.225194	905.228	32.5384	41.149	0.0143078
-0.0498764	-4.86189	780.78	0.24	0.225438	905.117	32.5407	41.1582	0.0151374
-0.0499399	-4.99525	780.78	0.24	0.225874	905.004	32.5576	41.1523	0.0159792
-0.0500051	-5.12256	780.78	0.24	0.226509	904.887	32.5837	41.1353	0.0168041
-0.0500719	-5.24524	780.78	0.24	0.226849	904.768	32.616	41.1161	0.0176186
-0.0501403	-5.36798	780.78	0.24	0.226985	904.646	32.6508	41.0815	0.0184528
-0.0502102	-5.48828	780.78	0.24	0.227212	904.521	32.676	41.066	0.0192892
-0.0502816	-5.60605	780.78	0.24	0.2274	904.393	32.7169	41.0367	0.0201259
-0.0503545	-5.72195	780.78	0.24	0.227635	904.262	32.7721	40.9937	0.0209667
-0.0504288	-5.83234	780.78	0.24	0.228687	904.129	32.795	41.0007	0.0217835
-0.0505045	-5.93333	780.78	0.24	0.230034	903.994	32.7976	41.0213	0.0225444
-0.0505813	-6.01862	780.78	0.24	0.231753	903.856	32.8492	40.9808	0.0231972
-0.0506591	-6.08977	780.78	0.24	0.233525	903.716	32.8922	40.9572	0.0237489
-0.0507377	-6.14323	780.78	0.24	0.235268	903.575	32.9153	40.9552	0.0241677
-0.0508167	-6.18367	780.78	0.24	0.23684	903.432	32.9348	40.9638	0.0244869
-0.0508962	-6.20811	780.78	0.24	0.238401	903.289	32.9749	40.9436	0.0246809
-0.0509758	-6.22155	780.78	0.24	0.23985	903.145	33.0036	40.9162	0.0247879
-0.0510555	-6.21878	780.78	0.24	0.241365	903.001	33.0154	40.9252	0.0247657
-0.051135	-6.20456	780.78	0.24	0.242483	902.857	33.0313	40.9288	0.0246526
-0.0512143	-6.18844	780.78	0.24	0.243332	902.714	33.078	40.9228	0.0245247
-0.0512933	-6.15742	780.78	0.24	0.24457	902.571	33.1605	40.8564	0.0242794
-0.0513717	-6.11375	780.78	0.24	0.245954	902.429	33.2292	40.8111	0.0239363
-0.0514495	-6.05795	780.78	0.24	0.247178	902.288	33.2954	40.7629	0.0235013
-0.0515264	-5.98995	780.78	0.24	0.248544	902.148	33.3621	40.7155	0.0229767
-0.0516024	-5.91084	780.78	0.24	0.249625	902.011	33.4251	40.6753	0.0223738
-0.0516773	-5.82432	780.78	0.24	0.250518	901.874	33.4833	40.6353	0.0217236
-0.051751	-5.72973	780.78	0.24	0.251392	901.74	33.5298	40.6065	0.0210237
-0.0518234	-5.62758	780.78	0.24	0.252139	901.609	33.5637	40.5888	0.0202808
-0.0518944	-5.51754	780.78	0.24	0.252858	901.479	33.6015	40.5639	0.0194954
-0.0519639	-5.40184	780.78	0.24	0.253429	901.353	33.6244	40.5586	0.0186864
-0.052032	-5.28107	780.78	0.24	0.254065	901.229	33.6153	40.5787	0.0178602
-0.0520984	-5.15597	780.78	0.24	0.254784	901.107	33.5749	40.633	0.017024
-0.0521631	-5.02171	780.78	0.24	0.255757	900.989	33.5245	40.7014	0.0161489
-0.0522261	-4.87899	780.78	0.24	0.256525	900.874	33.4788	40.7631	0.0152441
-0.0522871	-4.72921	780.78	0.24	0.257359	900.762	33.4311	40.8471	0.0143225
-0.0523462	-4.5747	780.78	0.24	0.25757	900.654	33.4397	40.8534	0.0134019
-0.0524033	-4.42062	780.78	0.24	0.257176	900.55	33.4983	40.8037	0.0125143
-0.0524585	-4.26926	780.78	0.24	0.257306	900.449	33.5356	40.7668	0.011672
-0.0525116	-4.11067	780.78	0.24	0.258369	900.351	33.4918	40.8247	0.010821
-0.0525627	-3.94205	780.78	0.24	0.259557	900.257	33.416	40.9135	0.00995142
-0.0526115	-3.7636	780.78	0.24	0.260443	900.167	33.3414	40.9976	0.00907086
-0.0526579	-3.57962	780.78	0.24	0.260773	900.082	33.2779	41.0695	0.00820571
-0.052702	-3.39452	780.78	0.24	0.260938	900	33.2194	41.1346	0.007379
-0.0527436	-3.20668	780.78	0.24	0.26111	899.923	33.1549	41.2052	0.00658494
-0.0527829	-3.01852	780.78	0.24	0.261374	899.85	33.0942	41.2718	0.00583484
-0.0528197	-2.82497	780.78	0.24	0.262231	899.782	33.0422	41.3339	0.00511056
-0.052854	-2.62424	780.78	0.24	0.262908	899.718	33.0214	41.3568	0.0044101
-0.0528856	-2.41611	780.78	0.24	0.263618	899.658	33.0317	41.346	0.0037383
-0.0529145	-2.20247	780.78	0.24	0.264246	899.604	33.0515	41.3257	0.00310643
-0.0529406	-1.98383	780.78	0.24	0.26472	899.554	33.0812	41.2933	0.00252028
-0.0529638	-1.76127	780.78	0.24	0.265142	899.51	33.1114	41.2609	0.00198652
-0.0529842	-1.53395	780.78	0.24	0.265743	899.471	33.1211	41.2529	0.00150682
-0.0530016	-1.30237	780.78	0.24	0.266201	899.437	33.1305	41.2394	0.0010862
-0.0530161	-1.06486	780.78	0.24	0.266738	899.408	33.1485	41.2136	0.000726147
-0.0530274	-0.824112	780.78	0.24	0.266918	899.385	33.1604	41.1927	0.000434925
-0.0530356	-0.582295	780.78	0.24	0.267022	899.367	33.1611	41.1826	0.000217134
-0.0530407	-0.339285	780.78	0.24	0.267175	899.355	33.1471	41.1855	7.37173e-05
-0.0530427	-0.0932701	780.78	0.24	0.267625	899.349	33.1127	41.2044	5.57091e-06
-0.0530415	0.156865	780.78	0.24	0.268069	899.348	33.0463	41.2555	1.57578e-05
-0.0530371	0.409235	780.78	0.24	0.268217	899.353	32.969	41.3186	0.000107247
-0.0530294	0.660793	780.78	0.24	0.268216	899.364	32.8948	41.3759	0.000279623
-0.0530185	0.915309	780.78	0.24	0.268626	899.381	32.8001	41.4658	0.000536509
-0.0530043	1.16995	780.78	0.24	0.268783	899.403	32.7333	41.5109	0.000876545
-0.0529869	1.42835	780.78	0.24	0.268733	899.432	32.6957	41.5242	0.00130651
-0.0529661	1.68326	780.78	0.24	0.268217	899.466	32.6757	41.5166	0.00181444
-0.0529421	1.93295	780.78	0.24	0.267431	899.506	32.6715	41.4947	0.00239268
-0.0529151	2.17409	780.78	0.24	0.266282	899.552	32.6909	41.4448	0.0030269
-0.052885	2.40763	780.78	0.24	0.265825	899.604	32.6847	41.4288	0.00371211
-0.0528519	2.63706	780.78	0.24	0.265653	899.661	32.6683	41.4152	0.00445331
-0.0528159	2.86798	780.78	0.24	0.265656	899.723	32.6655	41.3849	0.00526735
-0.052777	3.09789	780.78	0.24	0.265582	899.79	32.6686	41.3428	0.00614574
-0.0527351	3.32971	780.78	0.24	0.265934	899.863	32.6548	41.3259	0.00709992
-0.0526902	3.56529	780.78	0.24	0.266284	899.941	32.6398	41.3063	0.00814015
-0.0526422	3.80287	780.78	0.24	0.266406	900.025	32.6333	41.2737	0.00926113
-0.0525912	4.04187	780.78	0.24	0.266359	900.114	32.6239	41.2436	0.0104618
-0.0525372	4.27867	780.78	0.24	0.266612	900.208	32.6226	41.2136	0.0117235
-0.0524801	4.52107	780.78	0.24	0.266955	900.308	32.6504	41.1386	0.0130895
-0.0524198	4.76667	780.78	0.24	0.267489	900.414	32.7072	41.0322	0.0145503
-0.0523564	5.01716	780.78	0.24	0.267708	900.525	32.7497	40.944	0.0161197
-0.0522897	5.26606	780.78	0.24	0.267287	900.642	32.7765	40.8668	0.0177588
-0.0522199	5.5105	780.78	0.24	0.266619	900.765	32.7854	40.8078	0.0194457
-0.0521471	5.74447	780.78	0.24	0.265877	900.894	32.8019	40.7652	0.0211321
-0.0520713	5.97359	780.78	0.24	0.264837	901.028	32.8335	40.6809	0.0228514
-0.0519927	6.1925	780.78	0.24	0.263544	901.167	32.8473	40.6166	0.0245569
-0.0519114	6.39844	780.78	0.24	0.261897	901.311	32.8582	40.5528	0.0262174
-0.0518275	6.58978	780.78	0.24	0.26012	901.46	32.8833	40.4709	0.0278088
-0.0517414	6.76428	780.78	0.24	0.258138	901.613	32.9055	40.3924	0.0293012
-0.0516533	6.92103	780.78	0.24	0.256189	901.771	32.9077	40.3399	0.0306749
-0.0515633	7.05702	780.78	0.24	0.254056	901.931	32.9058	40.2782	0.0318922
-0.0514718	7.17463	780.78	0.24	0.251809	902.095	32.8984	40.2327	0.032964
-0.0513789	7.27132	780.78	0.24	0.249721	902.261	32.8881	40.1874	0.0338585
-0.051285	7.35116	780.78	0.24	0.247614	902.43	32.8813	40.1366	0.0346061
-0.0511902	7.41556	780.78	0.24	0.24607	902.6	32.8565	40.1055	0.0352152
-0.0510947	7.46666	780.78	0.24	0.244693	902.772	32.8264	40.0817	0.0357021
-0.0509987	7.50426	780.78	0.24	0.24327	902.945	32.8174	40.0358	0.0360626
-0.0509024	7.52915	780.78	0.24	0.241638	903.119	32.8386	39.9557	0.0363022
-0.0508058	7.5384	780.78	0.24	0.239778	903.293	32.873	39.8669	0.0363915
-0.0507093	7.52849	780.78	0.24	0.23756	903.468	32.9115	39.7716	0.0362959
-0.0506132	7.49806	780.78	0.24	0.235282	903.642	32.9471	39.6805	0.036003
-0.0505176	7.44797	780.78	0.24	0.232998	903.815	32.9724	39.6011	0.0355236
-0.0504229	7.37711	780.78	0.24	0.230702	903.987	32.9624	39.559	0.0348508
-0.0503292	7.28552	780.78	0.24	0.22846	904.157	32.9252	39.5459	0.0339909
-0.050237	7.17247	780.78	0.24	0.226425	904.326	32.8941	39.5189	0.0329442
-0.0501463	7.04448	780.78	0.24	0.2248	904.491	32.8653	39.4963	0.0317789
-0.0500575	6.8998	780.78	0.24	0.223145	904.653	32.8376	39.4726	0.030487
-0.0499706	6.74372	780.78	0.24	0.222026	904.812	32.8073	39.4587	0.0291233
-0.0498858	6.57415	780.78	0.24	0.220824	904.968	32.7779	39.4351	0.0276771
-0.0498033	6.39672	780.78	0.24	0.219639	905.119	32.7446	39.4226	0.0262033
-0.0497232	6.20758	780.78	0.24	0.217986	905.266	32.7487	39.3767	0.0246767
-0.0496456	6.0048	780.78	0.24	0.216656	905.409	32.7486	39.3471	0.0230908
-0.0495708	5.78785	780.78	0.24	0.215441	905.547	32.7935	39.2547	0.0214524
-0.0494988	5.5617	780.78	0.24	0.214253	905.68	32.8396	39.1703	0.0198087
-0.0494299	5.32397	780.78	0.24	0.212737	905.808	32.8657	39.1119	0.0181515
-0.0493641	5.06905	780.78	0.24	0.21079	905.93	32.9018	39.0372	0.0164549
-0.0493018	4.79798	780.78	0.24	0.208885	906.046	32.9239	38.995	0.0147421
-0.0492431	4.50459	780.78	0.24	0.20696	906.156	32.9277	38.9557	0.0129942
-0.0491883	4.20093	780.78	0.24	0.205806	906.259	32.8771	38.9835	0.0113014
-0.0491375	3.88947	780.78	0.24	0.20537	906.354	32.8255	39.0124	0.00968774
-0.049091	3.52748	780.78	0.24	0.202359	906.443	32.7947	39.1353	0.00796838
-0.0490491	3.18255	780.78	0.24	0.201618	906.523	32.7986	39.3186	0.00648623
-0.0490118	2.82533	780.78	0.24	0.199829	906.595	32.8492	39.2815	0.00511188
-0.0489791	2.45717	780.78	0.24	0.198743	906.658	32.8272	39.286	0.00386645
-0.0489513	2.0754	780.78	0.24	0.19751	906.713	32.8022	39.2896	0.00275831
-0.0489284	1.68694	780.78	0.24	0.196901	906.759	32.7569	39.3143	0.00182238
-0.0489106	1.29382	780.78	0.24	0.196395	906.796	32.7053	39.3512	0.00107198
-0.0488978	0.895424	780.78	0.24	0.196168	906.824	32.6422	39.4129	0.000513451
-0.0488902	0.49598	780.78	0.24	0.196009	906.842	32.5841	39.4643	0.000157532
-0.0488877	0.095879	780.78	0.24	0.195846	906.852	32.5462	39.4963	5.88692e-06
-0.0488903	-0.306436	780.78	0.24	0.195545	906.851	32.5158	39.5202	6.0134e-05
-0.0488981	-0.710911	780.78	0.24	0.195425	906.842	32.5084	39.5163	0.000323647
-0.0489111	-1.11495	780.78	0.24	0.196116	906.823	32.4808	39.5388	0.000796077
-0.0489292	-1.51004	780.78	0.24	0.197284	906.795	32.4532	39.5648	0.00146022
-0.0489522	-1.89563	780.78	0.24	0.198584	906.758	32.4531	39.5728	0.00230117
-0.0489801	-2.26696	780.78	0.24	0.199866	906.711	32.4754	39.5523	0.00329101
-0.0490126	-2.62736	780.78	0.24	0.200989	906.657	32.5032	39.5302	0.00442058
-0.0490496	-2.97864	780.78	0.24	0.202043	906.594	32.5263	39.5124	0.0056817
-0.0490911	-3.32042	780.78	0.24	0.203068	906.522	32.5398	39.5049	0.00706035
-0.0491368	-3.65324	780.78	0.24	0.204365	906.443	32.5483	39.5183	0.00854667
-0.0491867	-3.97202	780.78	0.24	0.205921	906.357	32.5694	39.5064	0.0101033
-0.0492405	-4.27492	780.78	0.24	0.207999	906.263	32.5961	39.4922	0.011703
-0.049298	-4.55849	780.78	0.24	0.210164	906.162	32.6232	39.4803	0.0133071
-0.0493589	-4.82269	780.78	0.24	0.212295	906.054	32.6542	39.4673	0.0148943
-0.049423	-5.06697	780.78	0.24	0.214437	905.941	32.693	39.4462	0.0164414
-0.0494901	-5.29151	780.78	0.24	0.21671	905.822	32.7233	39.4358	0.0179308
-0.0495599	-5.49432	780.78	0.24	0.219128	905.698	32.7325	39.458	0.0193316
-0.049632	-5.67567	780.78	0.24	0.221453	905.569	32.7272	39.486	0.0206289
-0.0497063	-5.83758	780.78	0.24	0.223769	905.437	32.7269	39.5083	0.0218226
-0.0497824	-5.97651	780.78	0.24	0.2263	905.301	32.7321	39.5283	0.0228737
-0.0498601	-6.09431	780.78	0.24	0.229102	905.161	32.7453	39.5431	0.0237843
-0.049939	-6.18229	780.78	0.24	0.232327	905.019	32.7812	39.5323	0.024476
-0.0500188	-6.24103	780.78	0.24	0.235393	904.876	32.8302	39.5102	0.0249433
-0.0500991	-6.27368	780.78	0.24	0.238124	904.731	32.8863	39.4815	0.025205
-0.0501795	-6.28359	780.78	0.24	0.240735	904.585	32.9408	39.4545	0.0252847
-0.0502599	-6.26745	780.78	0.24	0.243682	904.44	32.9879	39.444	0.025155
-0.0503398	-6.22374	780.78	0.24	0.246757	904.295	33.0394	39.4212	0.0248053
-0.0504188	-6.1525	780.78	0.24	0.249768	904.151	33.0919	39.4014	0.0242407
-0.0504967	-6.05529	780.78	0.24	0.252882	904.009	33.1452	39.3739	0.0234807
-0.0505731	-5.92812	780.78	0.24	0.255927	903.87	33.2048	39.3431	0.0225048
-0.0506476	-5.77543	780.78	0.24	0.258551	903.733	33.2662	39.3102	0.0213604
-0.0507199	-5.60177	780.78	0.24	0.260701	903.6	33.3303	39.2774	0.0200952
-0.0507898	-5.41107	780.78	0.24	0.262436	903.472	33.3965	39.2388	0.0187502
-0.0508572	-5.20499	780.78	0.24	0.263916	903.348	33.4605	39.202	0.0173492
-0.0509217	-4.9863	780.78	0.24	0.265175	903.229	33.5281	39.1589	0.015922
-0.0509834	-4.75401	780.78	0.24	0.2668	903.115	33.6002	39.1137	0.0144731
-0.0510419	-4.50723	780.78	0.24	0.268361	903.006	33.6626	39.0769	0.0130095
-0.0510972	-4.24757	780.78	0.24	0.26973	902.903	33.7224	39.0374	0.0115537
-0.051149	-3.97508	780.78	0.24	0.271084	902.807	33.7912	38.9879	0.0101189
-0.0511972	-3.69206	780.78	0.24	0.272181	902.716	33.8613	38.9367	0.00872931
-0.0512416	-3.39876	780.78	0.24	0.273263	902.633	33.9296	38.8852	0.00739746
-0.0512823	-3.09472	780.78	0.24	0.274469	902.556	33.9822	38.8524	0.00613316
-0.0513189	-2.78139	780.78	0.24	0.275365	902.486	34.0167	38.8312	0.0049541
-0.0513514	-2.45951	780.78	0.24	0.27644	902.423	34.0339	38.8225	0.00387382
-0.0513798	-2.1293	780.78	0.24	0.277171	902.369	34.0379	38.8292	0.00290345
-0.0514038	-1.79313	780.78	0.24	0.277577	902.321	34.036	38.8384	0.00205903
-0.0514236	-1.45787	780.78	0.24	0.277706	902.282	34.0302	38.8485	0.00136106
-0.051439	-1.11822	780.78	0.24	0.2779	902.25	34.0158	38.8722	0.000800747
-0.05145	-0.776711	780.78	0.24	0.277892	902.226	34.0053	38.884	0.000386331
-0.0514567	-0.436348	780.78	0.24	0.277646	902.21	33.9886	38.9032	0.000121929
-0.051459	-0.0987826	780.78	0.24	0.277314	902.202	33.9669	38.9212	6.24888e-06
-0.0514571	0.234538	780.78	0.24	0.276785	902.202	33.9427	38.9417	3.52265e-05
-0.0514509	0.563505	780.78	0.24	0.276191	902.209	33.9223	38.9549	0.000203346
-0.0514406	0.884751	780.78	0.24	0.275397	902.224	33.8905	38.9744	0.000501284
-0.0514262	1.19893	780.78	0.24	0.274391	902.246	33.8489	39.0056	0.000920512
-0.0514079	1.50348	780.78	0.24	0.273371	902.276	33.8018	39.0381	0.00144756
-0.0513858	1.80113	780.78	0.24	0.272477	902.312	33.7447	39.0815	0.00207745
-0.0513599	2.0896	780.78	0.24	0.271262	902.356	33.6828	39.1268	0.0027962
-0.0513305	2.36623	780.78	0.24	0.26983	902.406	33.61	39.188	0.00358555
-0.0512976	2.62803	780.78	0.24	0.268144	902.462	33.5306	39.2471	0.00442284
-0.0512616	2.87493	780.78	0.24	0.266653	902.524	33.441	39.3161	0.00529291
-0.0512225	3.11037	780.78	0.24	0.265192	902.592	33.3438	39.3913	0.00619534
-0.0511805	3.33256	780.78	0.24	0.263641	902.665	33.2501	39.4579	0.00711208
-0.0511358	3.54035	780.78	0.24	0.261974	902.743	33.152	39.5315	0.00802664
-0.0510886	3.73092	780.78	0.24	0.260127	902.826	33.0441	39.6125	0.008914
-0.0510391	3.90552	780.78	0.24	0.258278	902.914	32.9411	39.6843	0.00976784
-0.0509876	4.06206	780.78	0.24	0.256246	903.005	32.8411	39.7559	0.0105666
-0.0509342	4.20391	780.78	0.24	0.254852	903.1	32.7316	39.8403	0.0113174
-0.0508791	4.3337	780.78	0.24	0.253445	903.198	32.6433	39.8997	0.012027
-0.0508224	4.44913	780.78	0.24	0.252003	903.299	32.5624	39.947	0.0126763
-0.0507645	4.55009	780.78	0.24	0.250585	903.402	32.4932	39.983	0.0132581
-0.0507053	4.64351	780.78	0.24	0.249705	903.508	32.4185	40.0252	0.0138081
-0.050645	4.72623	780.78	0.24	0.248613	903.616	32.3561	40.0556	0.0143044
-0.0505837	4.80107	780.78	0.24	0.247393	903.726	32.2912	40.0887	0.014761
-0.0505216	4.86369	780.78	0.24	0.245965	903.838	32.2324	40.1148	0.0151486
-0.0504589	4.91058	780.78	0.24	0.244203	903.951	32.1819	40.1315	0.0154421
-0.0503956	4.9413	780.78	0.24	0.242082	904.064	32.1423	40.138	0.0156359
-0.0503322	4.95194	780.78	0.24	0.240045	904.179	32.1162	40.1285	0.0157033
-0.0502688	4.94579	780.78	0.24	0.238214	904.294	32.0887	40.1211	0.0156644
-0.0502057	4.92267	780.78	0.24	0.2364	904.408	32.0505	40.1256	0.0155183
-0.050143	4.88368	780.78	0.24	0.234704	904.522	32.0033	40.1407	0.0152734
-0.050081	4.83007	780.78	0.24	0.233048	904.635	31.9527	40.1614	0.0149399
-0.0500197	4.76158	780.78	0.24	0.231428	904.747	31.9022	40.1804	0.0145192
-0.0499595	4.67845	780.78	0.24	0.229897	904.856	31.8282	40.2311	0.0140167
-0.0499005	4.57807	780.78	0.24	0.228615	904.964	31.7406	40.2951	0.0134216
-0.0498429	4.47239	780.78	0.24	0.227589	905.07	31.6634	40.343	0.0128091
-0.0497867	4.35579	780.78	0.24	0.226466	905.173	31.5901	40.3888	0.01215
-0.0497322	4.22888	780.78	0.24	0.225213	905.273	31.5174	40.4322	0.0114523
-0.0496793	4.09023	780.78	0.24	0.223826	905.371	31.4419	40.4793	0.0107136
-0.0496284	3.93701	780.78	0.24	0.221998	905.465	31.3751	40.5178	0.00992602
-0.0495796	3.76793	780.78	0.24	0.220337	905.555	31.3169	40.5498	0.00909174
-0.0495331	3.58278	780.78	0.24	0.218532	905.641	31.2803	40.5572	0.00822016
-0.0494891	3.38093	780.78	0.24	0.216607	905.723	31.2715	40.5398	0.00732004
-0.0494479	3.16022	780.78	0.24	0.214397	905.8	31.2859	40.5029	0.00639553
-0.0494097	2.91763	780.78	0.24	0.211781	905.872	31.3229	40.4422	0.00545131
-0.0493749	2.64906	780.78	0.24	0.209455	905.939	31.3933	40.3471	0.00449392
-0.0493437	2.3638	780.78	0.24	0.207528	905.999	31.462	40.2572	0.00357818
-0.0493163	2.0617	780.78	0.24	0.205773	906.052	31.5365	40.1631	0.00272202
-0.0492929	1.74542	780.78	0.24	0.204234	906.098	31.6112	40.072	0.00195092
-0.0492737	1.41435	780.78	0.24	0.202725	906.136	31.6804	39.9875	0.00128102
-0.0492588	1.06908	780.78	0.24	0.201354	906.167	31.7458	39.9076	0.000731915
-0.0492486	0.712827	780.78	0.24	0.200423	906.19	31.803	39.8411	0.000325394
-0.0492429	0.350798	780.78	0.24	0.200016	906.204	31.8603	39.7696	7.88054e-05
-0.0492419	-0.0116372	780.78	0.24	0.200001	906.211	31.9067	39.7153	8.67233e-08
-0.0492455	-0.375642	780.78	0.24	0.199904	906.208	31.9574	39.6573	9.03626e-05
-0.0492538	-0.738967	780.78	0.24	0.200121	906.197	32.0007	39.6084	0.000349697
-0.0492668	-1.09965	780.78	0.24	0.200438	906.178	32.0411	39.5641	0.00077438
-0.0492843	-1.4573	780.78	0.24	0.201143	906.15	32.0756	39.5234	0.00136
-0.0493063	-1.80757	780.78	0.24	0.201776	906.115	32.1142	39.4843	0.00209233
-0.0493328	-2.15358	780.78	0.24	0.202141	906.071	32.1614	39.4377	0.00297003
-0.0493637	-2.49706	780.78	0.24	0.202351	906.019	32.2248	39.3774	0.003993
-0.0493989	-2.8385	780.78	0.24	0.2027	905.959	32.3137	39.2863	0.00515964
-0.0494385	-3.17767	780.78	0.24	0.203369	905.891	32.4118	39.1903	0.00646634
-0.0494824	-3.50747	780.78	0.24	0.204634	905.815	32.4948	39.1275	0.00787826
-0.0495304	-3.82537	780.78	0.24	0.206015	905.732	32.5748	39.0606	0.00937106
-0.0495823	-4.12866	780.78	0.24	0.207474	905.641	32.667	38.9791	0.0109159
-0.049638	-4.42052	780.78	0.24	0.208782	905.544	32.7647	38.8935	0.0125138
-0.0496973	-4.69989	780.78	0.24	0.210064	905.44	32.8579	38.8163	0.0141455
-0.0497601	-4.96751	780.78	0.24	0.211404	905.329	32.933	38.7567	0.0158023
-0.0498262	-5.22403	780.78	0.24	0.212695	905.213	32.992	38.7135	0.0174764
-0.0498955	-5.46805	780.78	0.24	0.214168	905.09	33.0317	38.6938	0.0191472
-0.0499677	-5.69759	780.78	0.24	0.215797	904.962	33.0664	38.6803	0.0207885
-0.0500428	-5.91385	780.78	0.24	0.217328	904.829	33.115	38.6519	0.0223966
-0.0501205	-6.11486	780.78	0.24	0.219016	904.69	33.1888	38.6004	0.023945
-0.0502006	-6.30064	780.78	0.24	0.220711	904.548	33.2784	38.5337	0.0254221
-0.0502829	-6.47228	780.78	0.24	0.222478	904.401	33.3653	38.4716	0.026826
-0.0503673	-6.62532	780.78	0.24	0.224471	904.25	33.4486	38.4141	0.0281096
-0.0504535	-6.76093	780.78	0.24	0.226345	904.095	33.524	38.3664	0.0292721
-0.0505412	-6.88083	780.78	0.24	0.227945	903.938	33.5959	38.324	0.0303196
-0.0506304	-6.98669	780.78	0.24	0.229468	903.778	33.6524	38.3038	0.0312597
-0.0507208	-7.07996	780.78	0.24	0.230716	903.616	33.6968	38.2921	0.0320998
-0.0508123	-7.16345	780.78	0.24	0.231634	903.452	33.7392	38.2843	0.0328614
-0.0509047	-7.23843	780.78	0.24	0.23259	903.285	33.8048	38.2469	0.0335529
-0.0509981	-7.30508	780.78	0.24	0.233539	903.118	33.8739	38.2124	0.0341737
-0.0510922	-7.36426	780.78	0.24	0.234251	902.948	33.9406	38.1796	0.0347296
-0.051187	-7.41766	780.78	0.24	0.234779	902.778	34.0017	38.1546	0.035235
-0.0512825	-7.468	780.78	0.24	0.235028	902.606	34.0589	38.133	0.0357149
-0.0513786	-7.5163	780.78	0.24	0.235209	902.433	34.1131	38.1155	0.0361784
-0.0514753	-7.56591	780.78	0.24	0.235301	902.259	34.1695	38.0947	0.0366576
-0.0515727	-7.61384	780.78	0.24	0.235432	902.084	34.2297	38.0771	0.0371235
-0.0516706	-7.65831	780.78	0.24	0.235637	901.908	34.3044	38.04	0.0375584
-0.0517691	-7.70075	780.78	0.24	0.236075	901.731	34.3948	37.9823	0.0379759
-0.0518681	-7.73863	780.78	0.24	0.236568	901.552	34.4949	37.9231	0.0383503
-0.0519675	-7.77198	780.78	0.24	0.237197	901.374	34.5748	37.8863	0.0386816
-0.0520673	-7.79832	780.78	0.24	0.237975	901.194	34.6354	37.8661	0.0389443
-0.0521674	-7.81687	780.78	0.24	0.238864	901.014	34.6915	37.8446	0.0391298
-0.0522676	-7.82887	780.78	0.24	0.239647	900.833	34.7473	37.8296	0.03925
-0.0523679	-7.83375	780.78	0.24	0.240496	900.653	34.792	37.824	0.0392989
-0.0524682	-7.82792	780.78	0.24	0.241786	900.472	34.815	37.8416	0.0392405
-0.0525683	-7.80858	780.78	0.24	0.243862	900.292	34.7944	37.9062	0.0390468
-0.0526679	-7.76703	780.78	0.24	0.246465	900.112	34.7441	37.9994	0.0386323
-0.0527668	-7.70104	780.78	0.24	0.249251	899.933	34.6895	38.0951	0.0379787
-0.0528645	-7.61021	780.78	0.24	0.252105	899.756	34.6348	38.1914	0.0370881
-0.0529609	-7.49372	780.78	0.24	0.255072	899.581	34.5892	38.2809	0.0359614
-0.0530555	-7.34993	780.78	0.24	0.257976	899.409	34.564	38.3472	0.0345945
-0.0531481	-7.18071	780.78	0.24	0.260592	899.241	34.5469	38.4066	0.03302
-0.0532382	-6.99112	780.78	0.24	0.26278	899.077	34.5334	38.46	0.0312993
-0.0533258	-6.78232	780.78	0.24	0.264642	898.917	34.5197	38.5154	0.0294576
-0.0534105	-6.55938	780.78	0.24	0.266143	898.762	34.5101	38.5654	0.0275529
-0.0534923	-6.32305	780.78	0.24	0.267309	898.612	34.4969	38.6186	0.0256032
-0.0535709	-6.07751	780.78	0.24	0.268194	898.468	34.476	38.6785	0.0236534
-0.0536463	-5.82416	780.78	0.24	0.26922	898.33	34.4442	38.7427	0.0217224
-0.0537184	-5.56206	780.78	0.24	0.270081	898.197	34.4076	38.814	0.0198113
-0.053787	-5.29234	780.78	0.24	0.27077	898.071	34.3724	38.8833	0.0179365
-0.0538521	-5.01703	780.78	0.24	0.271196	897.951	34.3428	38.9441	0.0161189
-0.0539137	-4.74148	780.78	0.24	0.271412	897.837	34.3234	39.0043	0.0143969
-0.0539718	-4.46148	780.78	0.24	0.27164	897.73	34.3204	39.0372	0.0127467
-0.0540262	-4.18035	780.78	0.24	0.271686	897.629	34.3255	39.056	0.0111909
-0.054077	-3.90013	780.78	0.24	0.271476	897.534	34.3397	39.0652	0.00974089
-0.0541243	-3.62027	780.78	0.24	0.271356	897.446	34.3659	39.0554	0.00839313
-0.054168	-3.34274	780.78	0.24	0.271095	897.365	34.4127	39.0317	0.0071556
-0.0542081	-3.06783	780.78	0.24	0.270734	897.289	34.4681	38.9968	0.00602704
-0.0542448	-2.79699	780.78	0.24	0.270518	897.22	34.5215	38.9577	0.00500983
-0.054278	-2.52521	780.78	0.24	0.27055	897.158	34.5694	38.925	0.00408354
-0.0543077	-2.25457	780.78	0.24	0.270513	897.101	34.6165	38.8921	0.00325514
-0.054334	-1.98215	780.78	0.24	0.270588	897.051	34.6701	38.8516	0.00251602
-0.0543568	-1.70932	780.78	0.24	0.270605	897.007	34.7368	38.7961	0.00187107
-0.054376	-1.43791	780.78	0.24	0.27025	896.969	34.8134	38.7263	0.00132405
-0.0543919	-1.17159	780.78	0.24	0.269692	896.938	34.8872	38.66	0.000879012
-0.0544044	-0.909175	780.78	0.24	0.269162	896.912	34.9445	38.6099	0.000529342
-0.0544135	-0.652354	780.78	0.24	0.268529	896.893	34.9854	38.5731	0.000272526
-0.0544194	-0.399145	780.78	0.24	0.267996	896.88	35.0127	38.5497	0.000102024
-0.0544222	-0.152371	780.78	0.24	0.267054	896.872	35.0452	38.5207	1.48678e-05
-0.0544218	0.0850194	780.78	0.24	0.266171	896.87	35.0858	38.4784	4.62889e-06
-0.0544185	0.314396	780.78	0.24	0.265429	896.873	35.1226	38.4349	6.32988e-05
-0.0544123	0.539303	780.78	0.24	0.264812	896.882	35.1561	38.3971	0.000186255
-0.0544033	0.759446	780.78	0.24	0.264265	896.895	35.1828	38.3677	0.000369348
-0.0543915	0.975681	780.78	0.24	0.263947	896.914	35.1882	38.3589	0.000609617
-0.0543769	1.18964	780.78	0.24	0.26394	896.938	35.1821	38.3595	0.000906308
-0.0543596	1.40485	780.78	0.24	0.264072	896.966	35.1679	38.3668	0.00126386
-0.0543395	1.62169	780.78	0.24	0.264177	897	35.1703	38.3509	0.00168413
-0.0543167	1.83839	780.78	0.24	0.264512	897.038	35.1874	38.3244	0.0021643
-0.054291	2.05868	780.78	0.24	0.264598	897.082	35.2241	38.279	0.00271406
-0.0542625	2.27896	780.78	0.24	0.264299	897.13	35.2505	38.2379	0.00332594
-0.0542313	2.49583	780.78	0.24	0.263712	897.184	35.2526	38.2225	0.00398907
-0.0541973	2.70595	780.78	0.24	0.262762	897.242	35.2268	38.2374	0.004689
-0.0541607	2.90541	780.78	0.24	0.261307	897.306	35.1811	38.2678	0.00540577
-0.0541217	3.08897	780.78	0.24	0.259705	897.374	35.147	38.2925	0.0061104
-0.0540805	3.25921	780.78	0.24	0.258018	897.446	35.1391	38.2807	0.00680247
-0.0540372	3.41632	780.78	0.24	0.256546	897.522	35.1155	38.2871	0.00747409
-0.0539921	3.55954	780.78	0.24	0.254916	897.601	35.0622	38.3244	0.0081139
-0.0539452	3.68614	780.78	0.24	0.253103	897.684	34.988	38.3775	0.00870129
-0.0538969	3.79946	780.78	0.24	0.251668	897.769	34.9193	38.4216	0.00924452
-0.0538473	3.90068	780.78	0.24	0.250398	897.857	34.8473	38.476	0.00974367
-0.0537964	3.98994	780.78	0.24	0.249165	897.947	34.7666	38.5354	0.0101947
-0.0537446	4.06693	780.78	0.24	0.247802	898.039	34.677	38.6047	0.0105919
-0.0536918	4.13441	780.78	0.24	0.246822	898.133	34.5808	38.6815	0.0109463
-0.0536383	4.19271	780.78	0.24	0.245874	898.229	34.4815	38.7544	0.0112572
-0.0535841	4.24369	780.78	0.24	0.244941	898.326	34.3802	38.8346	0.0115327
-0.0535294	4.28375	780.78	0.24	0.243731	898.424	34.2768	38.9137	0.0117514
-0.0534742	4.31516	780.78	0.24	0.242664	898.522	34.167	39.0024	0.0119244
-0.0534187	4.33567	780.78	0.24	0.241347	898.622	34.053	39.0956	0.012038
-0.0533631	4.3426	780.78	0.24	0.239665	898.722	33.938	39.1891	0.0120765
-0.0533076	4.33159	780.78	0.24	0.238148	898.822	33.8241	39.2914	0.0120153
-0.0532523	4.31048	780.78	0.24	0.236677	898.921	33.7239	39.3694	0.0118985
-0.0531974	4.27423	780.78	0.24	0.234724	899.02	33.6223	39.4521	0.0116993
-0.0531431	4.22178	780.78	0.24	0.233163	899.119	33.5529	39.4998	0.0114139
-0.0530897	4.15509	780.78	0.24	0.231513	899.215	33.4614	39.5703	0.0110561
-0.0530373	4.07081	780.78	0.24	0.22951	899.311	33.3477	39.6658	0.0106122
-0.0529861	3.96934	780.78	0.24	0.227654	899.404	33.2572	39.7252	0.0100897
-0.0529363	3.85219	780.78	0.24	0.225984	899.495	33.1958	39.7697	0.00950293
-0.0528882	3.72263	780.78	0.24	0.224777	899.583	33.1547	39.7886	0.00887446
-0.0528419	3.58122	780.78	0.24	0.223488	899.668	33.1185	39.806	0.00821304
-0.0527975	3.42933	780.78	0.24	0.222472	899.75	33.0701	39.8374	0.00753114
-0.0527551	3.26788	780.78	0.24	0.221278	899.828	33.0203	39.8711	0.00683869
-0.0527149	3.09471	780.78	0.24	0.219907	899.902	32.9728	39.9039	0.0061331
-0.052677	2.90687	780.78	0.24	0.218362	899.972	32.9276	39.9356	0.00541119
-0.0526417	2.70578	780.78	0.24	0.217057	900.038	32.8774	39.9694	0.00468842
-0.0526091	2.49471	780.78	0.24	0.216013	900.099	32.8086	40.0251	0.0039855
-0.0525792	2.27629	780.78	0.24	0.215396	900.156	32.7249	40.0983	0.00331814
-0.0525522	2.05351	780.78	0.24	0.214942	900.207	32.6395	40.1736	0.00270043
-0.0525281	1.8272	780.78	0.24	0.214573	900.253	32.5537	40.2494	0.00213802
-0.0525069	1.59526	780.78	0.24	0.214208	900.294	32.4802	40.3139	0.00162968
-0.0524887	1.36413	780.78	0.24	0.214353	900.329	32.4201	40.3683	0.00119166
-0.0524734	1.13321	780.78	0.24	0.214256	900.359	32.3664	40.4147	0.000822359
-0.0524611	0.900049	780.78	0.24	0.21388	900.384	32.3213	40.4545	0.000518768
-0.0524519	0.662407	780.78	0.24	0.21336	900.404	32.2859	40.4852	0.00028099
-0.0524457	0.419243	780.78	0.24	0.212794	900.417	32.2717	40.4865	0.000112557
-0.0524427	0.171722	780.78	0.24	0.212593	900.426	32.2773	40.4831	1.88839e-05
-0.0524429	-0.0763818	780.78	0.24	0.212509	900.428	32.3021	40.4578	3.73612e-06
-0.0524463	-0.323933	780.78	0.24	0.212721	900.425	32.3343	40.4206	6.71975e-05
-0.0524528	-0.569429	780.78	0.24	0.213106	900.416	32.3692	40.3863	0.000207645
-0.0524624	-0.810316	780.78	0.24	0.213511	900.402	32.4042	40.3552	0.000420485
-0.0524751	-1.04762	780.78	0.24	0.214035	900.382	32.4391	40.3188	0.000702831
-0.0524907	-1.27998	780.78	0.24	0.214617	900.356	32.477	40.2824	0.00104918
-0.0525093	-1.50781	780.78	0.24	0.215162	900.325	32.5157	40.2438	0.0014559
-0.0525307	-1.72794	780.78	0.24	0.216187	900.289	32.5545	40.2084	0.00191205
-0.0525549	-1.93869	780.78	0.24	0.217267	900.248	32.5967	40.1714	0.00240691
-0.0525817	-2.13998	780.78	0.24	0.218307	900.202	32.6407	40.1334	0.00293265
-0.0526109	-2.33016	780.78	0.24	0.219904	900.152	32.6639	40.1176	0.00347706
-0.0526425	-2.50583	780.78	0.24	0.221461	900.097	32.6879	40.1007	0.00402108
-0.0526761	-2.66771	780.78	0.24	0.222936	900.038	32.7204	40.0779	0.00455741
-0.0527117	-2.81599	780.78	0.24	0.224564	899.976	32.7683	40.0377	0.00507814
-0.0527491	-2.94997	780.78	0.24	0.226124	899.91	32.8285	39.9864	0.00557282
-0.0527881	-3.06927	780.78	0.24	0.227856	899.841	32.8963	39.9262	0.00603268
-0.0528284	-3.17152	780.78	0.24	0.23	899.77	32.9572	39.8759	0.00644135
-0.0528698	-3.25351	780.78	0.24	0.232258	899.696	33.0204	39.8241	0.0067787
-0.0529121	-3.31574	780.78	0.24	0.234412	899.621	33.0891	39.7664	0.00704047
-0.052955	-3.35931	780.78	0.24	0.236357	899.544	33.1603	39.708	0.00722671
-0.0529983	-3.3865	780.78	0.24	0.238042	899.467	33.2333	39.6443	0.00734417
-0.0530418	-3.39963	780.78	0.24	0.239683	899.389	33.3071	39.5813	0.00740123
-0.0530854	-3.39663	780.78	0.24	0.241449	899.31	33.3892	39.5074	0.0073882
-0.0531287	-3.37668	780.78	0.24	0.243562	899.232	33.4538	39.4577	0.00730166
-0.0531716	-3.33528	780.78	0.24	0.246058	899.154	33.5094	39.4146	0.00712372
-0.0532137	-3.27321	780.78	0.24	0.248213	899.078	33.5859	39.3484	0.00686102
-0.0532549	-3.19361	780.78	0.24	0.250108	899.003	33.672	39.2673	0.00653137
-0.0532949	-3.09733	780.78	0.24	0.251702	898.93	33.7402	39.2062	0.00614351
-0.0533337	-3.00936	780.78	0.24	0.251796	898.859	33.7526	39.2043	0.00579949
-0.0533714	-2.94227	780.78	0.24	0.251992	898.791	33.772	39.2578	0.00554379
-0.0534082	-2.84737	780.78	0.24	0.253741	898.724	33.7764	39.248	0.00519193
-0.0534434	-2.72171	780.78	0.24	0.254535	898.659	33.8144	39.219	0.0047438
-0.053477	-2.59206	780.78	0.24	0.254928	898.597	33.8508	39.192	0.00430261
-0.053509	-2.46112	780.78	0.24	0.254971	898.538	33.889	39.156	0.0038789
-0.0535392	-2.33048	780.78	0.24	0.255173	898.482	33.9309	39.129	0.00347803
-0.0535678	-2.19413	780.78	0.24	0.25583	898.429	33.9781	39.083	0.00308294
-0.0535945	-2.05015	780.78	0.24	0.256503	898.379	34.0062	39.0601	0.00269162
-0.0536193	-1.90156	780.78	0.24	0.257028	898.333	34.0246	39.044	0.00231559
-0.0536422	-1.74813	780.78	0.24	0.257387	898.29	34.032	39.041	0.001957
-0.0536631	-1.59401	780.78	0.24	0.257259	898.251	34.0725	39	0.00162713
-0.0536821	-1.44485	780.78	0.24	0.256995	898.215	34.1212	38.9647	0.00133686
-0.0536991	-1.2943	780.78	0.24	0.256736	898.183	34.1772	38.9	0.00107278
-0.0537143	-1.14763	780.78	0.24	0.25613	898.154	34.2225	38.8464	0.000843416
-0.0537276	-1.00763	780.78	0.24	0.255328	898.128	34.2548	38.8124	0.0006502
-0.0537392	-0.875438	780.78	0.24	0.254654	898.106	34.2727	38.7903	0.000490786
-0.0537492	-0.745251	780.78	0.24	0.254652	898.087	34.2817	38.7773	0.000355669
-0.0537575	-0.613038	780.78	0.24	0.25512	898.07	34.2598	38.8011	0.000240667
-0.053764	-0.476044	780.78	0.24	0.255651	898.057	34.2214	38.8343	0.000145123
-0.0537687	-0.333384	780.78	0.24	0.256154	898.047	34.1668	38.8839	7.11756e-05
-0.0537716	-0.187978	780.78	0.24	0.256429	898.04	34.0922	38.9494	2.26284e-05
-0.0537726	-0.0414577	780.78	0.24	0.256518	898.036	34.013	39.02	1.10066e-06
-0.0537717	0.10828	780.78	0.24	0.257002	898.036	33.9369	39.0876	7.50825e-06
-0.0537689	0.259898	780.78	0.24	0.257421	898.04	33.8504	39.1678	4.32559e-05
-0.053764	0.418157	780.78	0.24	0.258004	898.047	33.763	39.245	0.000111975
-0.0537571	0.582314	780.78	0.24	0.258649	898.057	33.6803	39.3174	0.000217148
-0.053748	0.751733	780.78	0.24	0.258999	898.071	33.6145	39.3694	0.000361883
-0.0537367	0.92198	780.78	0.24	0.259077	898.09	33.5594	39.4126	0.000544357
-0.0537233	1.09224	780.78	0.24	0.258919	898.112	33.5099	39.447	0.000763979
-0.0537077	1.26067	780.78	0.24	0.258552	898.138	33.4581	39.4826	0.00101776
-0.05369	1.42556	780.78	0.24	0.258044	898.168	33.4059	39.5198	0.0013014
-0.0536702	1.58352	780.78	0.24	0.25725	898.202	33.3524	39.5523	0.00160578
-0.0536484	1.73511	780.78	0.24	0.256353	898.239	33.3006	39.5828	0.00192794
-0.0536248	1.87796	780.78	0.24	0.25546	898.28	33.2458	39.619	0.00225846
-0.0535995	2.01263	780.78	0.24	0.254638	898.324	33.185	39.6614	0.00259399
-0.0535724	2.14164	780.78	0.24	0.253961	898.371	33.1165	39.7104	0.0029372
-0.0535438	2.26398	780.78	0.24	0.253093	898.421	33.0542	39.7492	0.00328237
-0.0535137	2.37692	780.78	0.24	0.25188	898.474	32.9985	39.7831	0.00361802
-0.0534823	2.4769	780.78	0.24	0.250416	898.529	32.9548	39.807	0.00392878
-0.0534497	2.56355	780.78	0.24	0.248776	898.587	32.9217	39.8137	0.00420847
-0.0534162	2.63264	780.78	0.24	0.247258	898.646	32.9071	39.7996	0.00443838
-0.0533819	2.69472	780.78	0.24	0.24629	898.707	32.9069	39.7689	0.00465017
-0.0533468	2.74832	780.78	0.24	0.245403	898.769	32.8935	39.7615	0.00483701
-0.0533112	2.79423	780.78	0.24	0.244676	898.833	32.863	39.7654	0.00499995
-0.053275	2.83166	780.78	0.24	0.243873	898.897	32.82	39.791	0.0051348
-0.0532385	2.86011	780.78	0.24	0.243236	898.963	32.8075	39.7827	0.00523851
-0.0532016	2.88667	780.78	0.24	0.242488	899.029	32.815	39.7485	0.00533624
-0.0531644	2.90587	780.78	0.24	0.241539	899.096	32.8339	39.7016	0.00540746
-0.0531271	2.91417	780.78	0.24	0.240234	899.163	32.8549	39.6516	0.00543839
-0.0530898	2.90997	780.78	0.24	0.238735	899.23	32.866	39.6134	0.00542273
-0.0530527	2.89078	780.78	0.24	0.237151	899.297	32.8677	39.5885	0.00535143
-0.0530159	2.85839	780.78	0.24	0.235521	899.363	32.8729	39.5598	0.00523221
-0.0529798	2.81087	780.78	0.24	0.233832	899.429	32.8755	39.5306	0.00505969
-0.0529443	2.74543	780.78	0.24	0.232008	899.493	32.8976	39.4777	0.00482684
-0.0529099	2.66894	780.78	0.24	0.230917	899.556	32.9387	39.4211	0.00456162
-0.0528765	2.58643	780.78	0.24	0.230503	899.617	32.9723	39.3603	0.00428394
-0.0528442	2.49825	780.78	0.24	0.229786	899.676	33.0212	39.2841	0.00399681
-0.0528131	2.40151	780.78	0.24	0.228678	899.733	33.0864	39.1922	0.00369325
-0.0527834	2.29512	780.78	0.24	0.227655	899.788	33.1607	39.0944	0.00337328
-0.0527551	2.17911	780.78	0.24	0.226597	899.84	33.2377	38.9903	0.0030409
-0.0527284	2.05581	780.78	0.24	0.225814	899.89	33.2862	38.9155	0.0027065
-0.0527033	1.92521	780.78	0.24	0.225194	899.936	33.305	38.8754	0.00237355
-0.0526799	1.78832	780.78	0.24	0.224584	899.98	33.3354	38.8227	0.002048
-0.0526584	1.64601	780.78	0.24	0.223878	900.02	33.3851	38.7505	0.00173503
-0.0526387	1.50563	780.78	0.24	0.224812	900.058	33.4176	38.6671	0.00145171
-0.0526207	1.3627	780.78	0.24	0.224589	900.091	33.4866	38.5913	0.00118916
-0.0526046	1.22094	780.78	0.24	0.223805	900.122	33.5312	38.5278	0.000954612
-0.0525904	1.06957	780.78	0.24	0.222545	900.149	33.5539	38.4851	0.000732593
-0.0525783	0.905623	780.78	0.24	0.221092	900.173	33.5615	38.4608	0.000525214
-0.0525684	0.726994	780.78	0.24	0.219472	900.193	33.5622	38.4404	0.000338456
-0.0525609	0.533715	780.78	0.24	0.217802	900.209	33.5526	38.4339	0.000182415
-0.052556	0.324098	780.78	0.24	0.21586	900.22	33.5371	38.4358	6.72657e-05
-0.052554	0.0974778	780.78	0.24	0.214141	900.226	33.5242	38.4341	6.08489e-06
-0.0525551	-0.145292	780.78	0.24	0.212024	900.227	33.5547	38.3937	1.35184e-05
-0.0525594	-0.40619	780.78	0.24	0.210386	900.222	33.6158	38.3469	0.000105658
-0.0525672	-0.677847	780.78	0.24	0.209334	900.211	33.6797	38.2722	0.000294242
-0.0525786	-0.960693	780.78	0.24	0.208383	900.194	33.747	38.1862	0.000591031
-0.0525937	-1.24978	780.78	0.24	0.207735	900.17	33.7891	38.1365	0.00100026
-0.0526125	-1.54518	780.78	0.24	0.207009	900.14	33.8178	38.1003	0.00152897
-0.0526352	-1.8453	780.78	0.24	0.206909	900.102	33.8206	38.0963	0.00218061
-0.0526617	-2.14353	780.78	0.24	0.207101	900.058	33.8307	38.0839	0.00294239
-0.0526919	-2.43913	780.78	0.24	0.207658	900.007	33.8426	38.068	0.00380989
-0.052726	-2.72687	780.78	0.24	0.208661	899.949	33.8244	38.0901	0.00476178
-0.0527636	-3.01475	780.78	0.24	0.209766	899.885	33.7963	38.1291	0.0058203
-0.0528048	-3.28401	780.78	0.24	0.210979	899.814	33.7936	38.1344	0.00690637
-0.0528494	-3.54152	780.78	0.24	0.212381	899.736	33.7875	38.1417	0.00803196
-0.0528971	-3.78534	780.78	0.24	0.214071	899.653	33.7727	38.1629	0.00917593
-0.0529478	-4.01246	780.78	0.24	0.21596	899.565	33.7842	38.1615	0.0103101
-0.0530012	-4.22384	780.78	0.24	0.217486	899.471	33.7786	38.1748	0.011425
-0.0530573	-4.42789	780.78	0.24	0.218867	899.373	33.7577	38.2054	0.0125555
-0.0531158	-4.60989	780.78	0.24	0.221276	899.27	33.7153	38.2816	0.0136089
-0.0531764	-4.77054	780.78	0.24	0.223527	899.162	33.6871	38.3189	0.0145739
-0.0532388	-4.91086	780.78	0.24	0.225734	899.052	33.6593	38.3624	0.0154439
-0.0533029	-5.03183	780.78	0.24	0.227841	898.938	33.6332	38.4029	0.0162141
-0.0533684	-5.13581	780.78	0.24	0.22961	898.821	33.6129	38.4388	0.0168912
-0.053435	-5.22465	780.78	0.24	0.231242	898.703	33.5872	38.4814	0.0174806
-0.0535027	-5.29869	780.78	0.24	0.23305	898.582	33.5581	38.5266	0.0179795
-0.0535711	-5.35594	780.78	0.24	0.23496	898.46	33.5173	38.5821	0.0183702
-0.0536401	-5.39492	780.78	0.24	0.236964	898.336	33.4677	38.6505	0.0186385
-0.0537094	-5.41737	780.78	0.24	0.238821	898.212	33.4166	38.7224	0.018794
-0.0537789	-5.42351	780.78	0.24	0.240545	898.087	33.3647	38.7929	0.0188366
-0.0538483	-5.4145	780.78	0.24	0.242178	897.962	33.3078	38.8683	0.0187741
-0.0539174	-5.39088	780.78	0.24	0.243797	897.838	33.2505	38.9421	0.0186106
-0.0539861	-5.3532	780.78	0.24	0.245221	897.714	33.1923	39.0178	0.0183513
-0.0540542	-5.3038	780.78	0.24	0.246389	897.591	33.1287	39.1014	0.0180142
-0.0541216	-5.24392	780.78	0.24	0.2476	897.47	33.0605	39.1895	0.0176098
-0.0541881	-5.17604	780.78	0.24	0.248876	897.35	32.9973	39.2708	0.0171568
-0.0542536	-5.09279	780.78	0.24	0.250235	897.231	32.9387	39.3472	0.0166093
-0.0543179	-5.00098	780.78	0.24	0.251338	897.114	32.8783	39.4205	0.0160159
-0.054381	-4.89845	780.78	0.24	0.252415	897	32.8193	39.4978	0.0153659
-0.0544426	-4.78493	780.78	0.24	0.253392	896.888	32.7699	39.5618	0.014662
-0.0545028	-4.66361	780.78	0.24	0.254237	896.779	32.718	39.6288	0.0139279
-0.0545613	-4.53598	780.78	0.24	0.254989	896.673	32.6666	39.6967	0.013176
-0.0546181	-4.40092	780.78	0.24	0.255574	896.569	32.6322	39.7445	0.012403
-0.0546731	-4.25914	780.78	0.24	0.256582	896.469	32.6138	39.7876	0.0116168
-0.0547262	-4.10841	780.78	0.24	0.257506	896.372	32.6471	39.7587	0.0108091
-0.0547773	-3.95395	780.78	0.24	0.257487	896.279	32.6324	39.7723	0.0100116
-0.0548265	-3.81027	780.78	0.24	0.257399	896.189	32.6694	39.7929	0.00929719
-0.0548738	-3.65147	780.78	0.24	0.258387	896.102	32.7721	39.7536	0.00853839
-0.0549193	-3.53194	780.78	0.24	0.258176	896.019	32.6156	40.0345	0.00798854
-0.0549629	-3.36352	780.78	0.24	0.259727	895.939	32.6407	39.9928	0.00724484
-0.0550043	-3.18408	780.78	0.24	0.260675	895.863	32.6624	39.9796	0.00649247
-0.0550433	-2.99627	780.78	0.24	0.261849	895.791	32.6649	39.9855	0.00574916
-0.0550798	-2.79739	780.78	0.24	0.263248	895.723	32.6603	39.9895	0.00501125
-0.0551136	-2.58326	780.78	0.24	0.264895	895.66	32.6413	40.0092	0.00427344
-0.0551445	-2.35381	780.78	0.24	0.2666	895.602	32.6198	40.0296	0.00354799
-0.0551723	-2.10946	780.78	0.24	0.268169	895.55	32.6098	40.0371	0.00284961
-0.0551968	-1.85305	780.78	0.24	0.269238	895.503	32.6103	40.0339	0.00219895
-0.055218	-1.58748	780.78	0.24	0.27055	895.462	32.6326	40.0249	0.00161382
-0.0552357	-1.30936	780.78	0.24	0.271685	895.427	32.6676	39.9799	0.00109789
-0.0552497	-1.0237	780.78	0.24	0.272434	895.399	32.6872	39.9496	0.000671102
-0.0552601	-0.731791	780.78	0.24	0.272824	895.377	32.7086	39.913	0.000342938
-0.0552666	-0.439478	780.78	0.24	0.272569	895.362	32.735	39.8691	0.000123685
-0.0552695	-0.152542	780.78	0.24	0.271823	895.353	32.7818	39.8042	1.49011e-05
-0.0552687	0.130758	780.78	0.24	0.27163	895.351	32.8409	39.7238	1.09491e-05
-0.0552643	0.417317	780.78	0.24	0.272397	895.356	32.9115	39.6214	0.000111525
-0.0552561	0.708733	780.78	0.24	0.272812	895.367	33.0053	39.5005	0.000321667
-0.0552443	1.00153	780.78	0.24	0.272803	895.385	33.0877	39.3852	0.000642351
-0.0552286	1.29361	780.78	0.24	0.272529	895.41	33.1561	39.2882	0.00107164
-0.0552093	1.58103	780.78	0.24	0.272113	895.441	33.2228	39.1955	0.00160074
-0.0551863	1.86487	780.78	0.24	0.271705	895.479	33.2895	39.094	0.00222709
-0.0551597	2.14727	780.78	0.24	0.271289	895.523	33.3444	39.0019	0.00295265
-0.0551295	2.42596	780.78	0.24	0.271022	895.574	33.3767	38.935	0.00376884
-0.0550958	2.70203	780.78	0.24	0.270662	895.632	33.3785	38.8915	0.00467543
-0.0550585	2.97596	780.78	0.24	0.270656	895.695	33.4021	38.8235	0.00567145
-0.0550178	3.25086	780.78	0.24	0.270524	895.765	33.4398	38.7448	0.00676767
-0.0549735	3.52071	780.78	0.24	0.270237	895.841	33.4757	38.6549	0.00793781
-0.0549258	3.79268	780.78	0.24	0.270279	895.923	33.4918	38.5951	0.00921155
-0.0548747	4.06285	780.78	0.24	0.27004	896.012	33.5022	38.5353	0.0105707
-0.05482	4.33072	780.78	0.24	0.269597	896.107	33.5004	38.488	0.0120105
-0.054762	4.59504	780.78	0.24	0.269159	896.208	33.4981	38.4393	0.0135213
-0.0547007	4.85396	780.78	0.24	0.268663	896.315	33.4935	38.3924	0.0150881
-0.0546361	5.11172	780.78	0.24	0.26858	896.428	33.4669	38.3688	0.0167331
-0.0545681	5.36717	780.78	0.24	0.268718	896.547	33.4403	38.3395	0.0184473
-0.0544969	5.63035	780.78	0.24	0.269675	896.671	33.387	38.3401	0.0203007
-0.0544222	5.90211	780.78	0.24	0.270563	896.802	33.3169	38.3506	0.0223077
-0.0543439	6.17994	780.78	0.24	0.271238	896.939	33.2352	38.3748	0.0244574
-0.0542621	6.46329	780.78	0.24	0.271502	897.083	33.162	38.3881	0.0267515
-0.0541766	6.7458	780.78	0.24	0.271426	897.233	33.1173	38.3632	0.0291413
-0.0540875	7.02826	780.78	0.24	0.271246	897.39	33.0792	38.3327	0.0316327
-0.0539947	7.30976	780.78	0.24	0.271124	897.553	33.0209	38.3235	0.0342174
-0.0538984	7.58965	780.78	0.24	0.270841	897.723	32.9489	38.33	0.036888
-0.0537986	7.86739	780.78	0.24	0.270571	897.899	32.8752	38.3324	0.0396372
-0.0536952	8.14025	780.78	0.24	0.269735	898.081	32.8021	38.3333	0.0424343
-0.0535884	8.40288	780.78	0.24	0.268312	898.27	32.7096	38.3512	0.0452166
-0.0534784	8.6487	780.78	0.24	0.265944	898.465	32.5908	38.4023	0.0479008
-0.0533654	8.86891	780.78	0.24	0.262741	898.665	32.5337	38.3166	0.0503711
-0.0532499	9.06874	780.78	0.24	0.261496	898.871	32.4212	38.4278	0.0526666
-0.053132	9.25495	780.78	0.24	0.259628	899.081	32.4155	38.3533	0.0548517
-0.0530118	9.42334	780.78	0.24	0.257292	899.295	32.3826	38.311	0.0568657
-0.0528897	9.56797	780.78	0.24	0.254312	899.513	32.3341	38.2829	0.0586247
-0.052766	9.68364	780.78	0.24	0.250758	899.734	32.2783	38.2605	0.0600508
-0.0526411	9.76483	780.78	0.24	0.24682	899.958	32.2134	38.247	0.061062
-0.0525156	9.8102	780.78	0.24	0.242853	900.183	32.1431	38.2388	0.0616306
-0.0523897	9.82477	780.78	0.24	0.239746	900.41	32.0824	38.2175	0.0618139
-0.052264	9.81417	780.78	0.24	0.237521	900.636	31.9894	38.2399	0.0616806
-0.0521385	9.78702	780.78	0.24	0.235797	900.863	31.8875	38.2673	0.0613398
-0.0520136	9.74315	780.78	0.24	0.233834	901.088	31.7933	38.2878	0.0607912
-0.0518894	9.68084	780.78	0.24	0.231735	901.313	31.6969	38.3101	0.0600161
-0.0517662	9.59695	780.78	0.24	0.22943	901.536	31.6032	38.3313	0.0589804
-0.0516442	9.4918	780.78	0.24	0.227069	901.757	31.5173	38.3449	0.0576951
-0.0515238	9.36674	780.78	0.24	0.224992	901.976	31.4518	38.3434	0.0561847
-0.0514052	9.2239	780.78	0.24	0.223114	902.191	31.3937	38.3374	0.0544842
-0.0512886	9.06485	780.78	0.24	0.221196	902.404	31.3174	38.3468	0.0526214
-0.0511742	8.88766	780.78	0.24	0.219046	902.612	31.2297	38.3667	0.0505844
-0.0510622	8.69005	780.78	0.24	0.216941	902.817	31.1471	38.382	0.04836
-0.050953	8.47401	780.78	0.24	0.214671	903.016	31.0714	38.3941	0.0459853
-0.0508467	8.23434	780.78	0.24	0.212269	903.211	30.9949	38.4047	0.0434209
-0.0507437	7.97605	780.78	0.24	0.210174	903.4	30.9105	38.4298	0.0407396
-0.0506442	7.69923	780.78	0.24	0.20813	903.583	30.8415	38.4385	0.0379609
-0.0505484	7.40505	780.78	0.24	0.206325	903.76	30.7666	38.4648	0.0351154
-0.0504565	7.09386	780.78	0.24	0.204448	903.93	30.6929	38.4822	0.032226
-0.0503688	6.76609	780.78	0.24	0.202586	904.092	30.6139	38.5134	0.0293168
-0.0502854	6.41979	780.78	0.24	0.200544	904.247	30.5411	38.5357	0.0263927
-0.0502067	6.05609	780.78	0.24	0.198758	904.393	30.4655	38.5695	0.0234869
-0.0501327	5.67592	780.78	0.24	0.196844	904.532	30.408	38.5794	0.0206307
-0.0500638	5.27667	780.78	0.24	0.194895	904.661	30.3758	38.5661	0.0178304
-0.0500002	4.86543	780.78	0.24	0.193892	904.781	30.3466	38.5567	0.0151595
-0.0499419	4.44301	780.78	0.24	0.192552	904.891	30.3527	38.5082	0.0126414
-0.0498892	4.00683	780.78	0.24	0.190878	904.992	30.3806	38.4396	0.0102812
-0.0498422	3.55288	780.78	0.24	0.189122	905.082	30.4099	38.3758	0.00808357
-0.0498012	3.0853	780.78	0.24	0.187459	905.162	30.447	38.3029	0.00609589
-0.0497663	2.60326	780.78	0.24	0.18611	905.23	30.4682	38.2481	0.00433986
-0.0497376	2.11128	780.78	0.24	0.185122	905.288	30.478	38.2078	0.00285453
-0.0497154	1.60975	780.78	0.24	0.184134	905.334	30.4896	38.1652	0.00165943
-0.0496996	1.10073	780.78	0.24	0.183513	905.368	30.4761	38.156	0.000775898
-0.0496905	0.587788	780.78	0.24	0.183172	905.391	30.4583	38.1501	0.00022125
-0.0496879	0.0698119	780.78	0.24	0.183048	905.402	30.4392	38.1453	3.12104e-06
-0.049692	-0.444814	780.78	0.24	0.18351	905.4	30.4134	38.1548	0.000126707
-0.0497026	-0.955737	780.78	0.24	0.183793	905.387	30.4004	38.1512	0.000584949
-0.0497197	-1.46485	780.78	0.24	0.183925	905.362	30.4043	38.1329	0.00137413
-0.0497433	-1.97156	780.78	0.24	0.184428	905.325	30.4052	38.1271	0.00248922
-0.0497734	-2.47341	780.78	0.24	0.184974	905.276	30.4152	38.1068	0.00391772
-0.0498099	-2.97172	780.78	0.24	0.185307	905.216	30.4374	38.0755	0.0056553
-0.0498527	-3.46758	780.78	0.24	0.185641	905.144	30.4667	38.0382	0.00770005
-0.0499018	-3.95835	780.78	0.24	0.186217	905.061	30.4894	38.0146	0.0100339
-0.0499572	-4.44447	780.78	0.24	0.186946	904.966	30.5158	37.987	0.0126497
-0.0500187	-4.92335	780.78	0.24	0.18776	904.861	30.5514	37.9542	0.0155225
-0.0500863	-5.39413	780.78	0.24	0.188919	904.744	30.5896	37.9228	0.018633
-0.0501598	-5.85347	780.78	0.24	0.190241	904.616	30.6225	37.8924	0.0219416
-0.0502391	-6.29878	780.78	0.24	0.191945	904.478	30.6467	37.8788	0.025407
-0.0503239	-6.72797	780.78	0.24	0.193883	904.329	30.674	37.8668	0.0289874
-0.050414	-7.13892	780.78	0.24	0.195994	904.171	30.7179	37.8372	0.0326367
-0.0505092	-7.53009	780.78	0.24	0.198224	904.004	30.7761	37.7956	0.0363113
-0.0506093	-7.90112	780.78	0.24	0.200559	903.827	30.8365	37.7519	0.0399777
-0.0507138	-8.24843	780.78	0.24	0.203284	903.642	30.8813	37.7278	0.0435696
-0.0508226	-8.57212	780.78	0.24	0.206081	903.449	30.9303	37.7001	0.0470563
-0.0509353	-8.86885	780.78	0.24	0.20897	903.249	30.9817	37.6736	0.0503704
-0.0510515	-9.14041	780.78	0.24	0.211818	903.042	31.0396	37.6408	0.0535023
-0.051171	-9.38688	780.78	0.24	0.214769	902.829	31.0973	37.6175	0.0564266
-0.0512933	-9.60463	780.78	0.24	0.21777	902.611	31.1583	37.5896	0.0590748
-0.0514182	-9.79541	780.78	0.24	0.220875	902.388	31.2164	37.5639	0.061445
-0.0515453	-9.95863	780.78	0.24	0.223961	902.16	31.2761	37.543	0.0635097
-0.0516741	-10.0955	780.78	0.24	0.227017	901.929	31.3422	37.5094	0.0652669
-0.0518045	-10.2029	780.78	0.24	0.230147	901.696	31.4092	37.4828	0.0666635
-0.051936	-10.282	780.78	0.24	0.23329	901.459	31.4832	37.448	0.067701
-0.0520682	-10.3333	780.78	0.24	0.236274	901.222	31.5638	37.4093	0.0683786
-0.0522008	-10.3589	780.78	0.24	0.238984	900.983	31.652	37.3643	0.0687173
-0.0523335	-10.3608	780.78	0.24	0.242008	900.744	31.7355	37.321	0.0687427
-0.052466	-10.334	780.78	0.24	0.245043	900.505	31.8104	37.2908	0.0683877
-0.0525979	-10.281	780.78	0.24	0.247855	900.267	31.889	37.254	0.0676879
-0.0527288	-10.204	780.78	0.24	0.250371	900.03	31.9528	37.2384	0.0666782
-0.0528586	-10.1105	780.78	0.24	0.252656	899.796	32.0125	37.2293	0.0654616
-0.052987	-9.98955	780.78	0.24	0.255145	899.563	32.068	37.2196	0.0639047
-0.0531136	-9.84927	780.78	0.24	0.257013	899.334	32.1319	37.2009	0.0621225
-0.0532382	-9.69445	780.78	0.24	0.258461	899.108	32.2085	37.1656	0.0601849
-0.0533608	-9.52426	780.78	0.24	0.260328	898.886	32.2619	37.1539	0.0580904
-0.053481	-9.3361	780.78	0.24	0.262477	898.667	32.2734	37.1895	0.0558177
-0.0535986	-9.12992	780.78	0.24	0.264643	898.454	32.2807	37.2249	0.0533796
-0.0537133	-8.90115	780.78	0.24	0.267281	898.245	32.2957	37.2554	0.050738
-0.0538249	-8.64881	780.78	0.24	0.270066	898.041	32.3152	37.2804	0.0479021
-0.0539331	-8.37182	780.78	0.24	0.272596	897.844	32.342	37.2963	0.0448829
-0.0540374	-8.07199	780.78	0.24	0.275325	897.653	32.3714	37.2985	0.0417256
-0.0541377	-7.74656	780.78	0.24	0.278131	897.469	32.3904	37.3175	0.038429
-0.0542336	-7.39586	780.78	0.24	0.281022	897.293	32.408	37.338	0.0350283
-0.0543247	-7.02193	780.78	0.24	0.283839	897.125	32.4231	37.3551	0.0315758
-0.0544108	-6.62008	780.78	0.24	0.286623	896.966	32.4321	37.3762	0.0280652
-0.0544916	-6.1957	780.78	0.24	0.289044	896.817	32.4474	37.3993	0.0245823
-0.0545667	-5.74978	780.78	0.24	0.291261	896.677	32.4624	37.4132	0.0211711
-0.0546358	-5.28155	780.78	0.24	0.293796	896.547	32.4452	37.4806	0.0178634
-0.0546989	-4.8053	780.78	0.24	0.296994	896.429	32.432	37.5289	0.0147871
-0.0547555	-4.2826	780.78	0.24	0.300422	896.322	32.4939	37.4852	0.0117451
-0.054805	-3.73275	780.78	0.24	0.302718	896.226	32.4905	37.509	0.00892276
-0.0548474	-3.16588	780.78	0.24	0.304225	896.144	32.4581	37.5419	0.00641846
-0.0548825	-2.60474	780.78	0.24	0.304304	896.075	32.4432	37.5766	0.0043448
-0.0549104	-2.03641	780.78	0.24	0.305013	896.018	32.4626	37.5607	0.00265565
-0.0549309	-1.44925	780.78	0.24	0.30634	895.975	32.4728	37.5559	0.00134501
-0.0549437	-0.856372	780.78	0.24	0.306791	895.945	32.4496	37.5765	0.000469641
-0.0549489	-0.257534	780.78	0.24	0.307423	895.929	32.4816	37.5389	4.24727e-05
-0.0549464	0.347405	780.78	0.24	0.307591	895.926	32.4825	37.5312	7.72882e-05
-0.0549362	0.950845	780.78	0.24	0.307291	895.938	32.4576	37.5432	0.000578976
-0.0549182	1.55459	780.78	0.24	0.307301	895.963	32.4874	37.4929	0.00154765
-0.0548925	2.15595	780.78	0.24	0.306748	896.002	32.4717	37.4874	0.00297658
-0.0548592	2.7517	780.78	0.24	0.306225	896.055	32.4827	37.4456	0.00484891
-0.0548182	3.34253	780.78	0.24	0.305405	896.121	32.4724	37.4285	0.00715471
-0.0547698	3.92481	780.78	0.24	0.304118	896.202	32.4363	37.4341	0.00986458
-0.0547141	4.49383	780.78	0.24	0.302589	896.295	32.4068	37.4132	0.0129323
-0.0546512	5.04901	780.78	0.24	0.301022	896.401	32.3489	37.4429	0.0163251
-0.0545813	5.59116	780.78	0.24	0.299406	896.52	32.2973	37.4512	0.0200191
-0.0545046	6.11866	780.78	0.24	0.297646	896.652	32.2406	37.4614	0.0239748
-0.0544213	6.63156	780.78	0.24	0.296038	896.795	32.1721	37.4834	0.0281626
-0.0543315	7.13104	780.78	0.24	0.294512	896.951	32.0884	37.5174	0.0325647
-0.0542355	7.61709	780.78	0.24	0.29304	897.117	32.0087	37.5452	0.0371552
-0.0541334	8.08838	780.78	0.24	0.2915	897.295	31.9231	37.5745	0.0418952
-0.0540254	8.54616	780.78	0.24	0.289757	897.484	31.8288	37.6135	0.0467718
-0.0539117	8.98774	780.78	0.24	0.287713	897.683	31.7366	37.6416	0.05173
-0.0537925	9.40982	780.78	0.24	0.28538	897.892	31.6408	37.672	0.0567027
-0.0536681	9.81032	780.78	0.24	0.282754	898.111	31.5448	37.7033	0.0616322
-0.0535389	10.1848	780.78	0.24	0.279721	898.339	31.4475	37.7337	0.0664269
-0.0534051	10.5322	780.78	0.24	0.276466	898.575	31.3548	37.7577	0.0710361
-0.0532671	10.85	780.78	0.24	0.273078	898.819	31.2614	37.7828	0.0753871
-0.0531253	11.1378	780.78	0.24	0.269588	899.071	31.176	37.798	0.0794405
-0.0529802	11.3924	780.78	0.24	0.265797	899.329	31.1028	37.8017	0.0831142
-0.0528321	11.6116	780.78	0.24	0.26188	899.593	31.0351	37.7942	0.0863428
-0.0526816	11.7981	780.78	0.24	0.258196	899.862	30.9657	37.7941	0.089139
-0.052529	11.9504	780.78	0.24	0.254411	900.135	30.8942	37.7942	0.0914543
-0.0523747	12.0697	780.78	0.24	0.250608	900.411	30.822	37.7943	0.0932891
-0.0522193	12.1543	780.78	0.24	0.24671	900.69	30.7569	37.7887	0.0946022
-0.0520631	12.2017	780.78	0.24	0.242636	900.971	30.6823	37.7918	0.0953409
-0.0519067	12.213	780.78	0.24	0.23859	901.252	30.6166	37.7854	0.0955184
-0.0517505	12.19	780.78	0.24	0.234735	901.534	30.5588	37.7831	0.0951595
-0.0515949	12.1314	780.78	0.24	0.230744	901.816	30.4936	37.7833	0.0942464
-0.0514404	12.0372	780.78	0.24	0.226833	902.095	30.4258	37.792	0.0927877
-0.0512874	11.9072	780.78	0.24	0.223273	902.373	30.3663	37.8024	0.090794
-0.0511364	11.7495	780.78	0.24	0.220191	902.647	30.3259	37.7852	0.0884051
-0.0509877	11.5623	780.78	0.24	0.2168	902.918	30.2911	37.7635	0.0856114
-0.0508417	11.343	780.78	0.24	0.213121	903.184	30.2612	37.7393	0.0823947
-0.0506988	11.0896	780.78	0.24	0.209311	903.445	30.2373	37.7119	0.078754
-0.0505595	10.8009	780.78	0.24	0.205564	903.7	30.2129	37.6873	0.074707
-0.0504243	10.4759	780.78	0.24	0.201492	903.949	30.193	37.6646	0.0702792
-0.0502935	10.121	780.78	0.24	0.198567	904.189	30.1769	37.6584	0.0655972
-0.0501676	9.72072	780.78	0.24	0.195454	904.422	30.1685	37.6308	0.0605115
-0.050047	9.30938	780.78	0.24	0.192316	904.644	30.1728	37.5958	0.0554987
-0.049932	8.87316	780.78	0.24	0.190367	904.858	30.1659	37.5696	0.0504195
-0.0498227	8.4183	780.78	0.24	0.188274	905.061	30.1763	37.5303	0.0453827
-0.0497194	7.94393	780.78	0.24	0.186114	905.253	30.2012	37.4749	0.0404122
-0.0496224	7.4553	780.78	0.24	0.184861	905.435	30.1964	37.4574	0.0355936
-0.0495317	6.95581	780.78	0.24	0.184113	905.605	30.1852	37.4537	0.030984
-0.0494474	6.44996	780.78	0.24	0.183326	905.763	30.2055	37.4099	0.0266413
-0.0493698	5.93638	780.78	0.24	0.182426	905.91	30.2468	37.3486	0.0225675
-0.0492988	5.41244	780.78	0.24	0.181166	906.045	30.3049	37.2742	0.0187598
-0.0492346	4.87541	780.78	0.24	0.179718	906.167	30.3708	37.1952	0.0152217
-0.0491774	4.32557	780.78	0.24	0.178304	906.277	30.4358	37.1197	0.011982
-0.0491274	3.76231	780.78	0.24	0.176895	906.374	30.5066	37.0435	0.00906466
-0.0490847	3.18521	780.78	0.24	0.175533	906.458	30.5845	36.9626	0.00649706
-0.0490496	2.59489	780.78	0.24	0.174519	906.529	30.6655	36.8684	0.00431201
-0.0490221	2.00024	780.78	0.24	0.174072	906.586	30.7342	36.7992	0.00256214
-0.0490022	1.40072	780.78	0.24	0.173588	906.629	30.8089	36.7251	0.00125645
-0.0489901	0.79603	780.78	0.24	0.173207	906.658	30.8757	36.6667	0.000405789
-0.0489857	0.18966	780.78	0.24	0.173064	906.673	30.9343	36.6167	2.30352e-05
-0.0489891	-0.420051	780.78	0.24	0.172832	906.674	30.977	36.5844	0.000112991
-0.0490003	-1.03004	780.78	0.24	0.172773	906.66	31.0075	36.5686	0.000679438
-0.0490194	-1.64163	780.78	0.24	0.172722	906.633	31.0415	36.5519	0.0017258
-0.0490463	-2.25417	780.78	0.24	0.172603	906.591	31.092	36.5216	0.00325397
-0.049081	-2.86497	780.78	0.24	0.173169	906.535	31.1293	36.5096	0.00525633
-0.0491236	-3.4723	780.78	0.24	0.173538	906.465	31.1947	36.4723	0.00772105
-0.0491738	-4.07692	780.78	0.24	0.174091	906.381	31.2777	36.4178	0.010644
-0.0492318	-4.67376	780.78	0.24	0.175302	906.283	31.3493	36.378	0.0139886
-0.0492973	-5.25904	780.78	0.24	0.176753	906.171	31.4171	36.3416	0.0177115
-0.0493701	-5.82827	780.78	0.24	0.178678	906.046	31.4616	36.3368	0.021753
-0.0494501	-6.38289	780.78	0.24	0.180872	905.907	31.4988	36.3382	0.0260901
-0.0495369	-6.91182	780.78	0.24	0.183689	905.756	31.5228	36.3602	0.0305933
-0.0496303	-7.41454	780.78	0.24	0.1867	905.593	31.5511	36.3802	0.0352054
-0.0497299	-7.89063	780.78	0.24	0.189945	905.418	31.5786	36.4079	0.0398717
-0.0498352	-8.33594	780.78	0.24	0.193488	905.232	31.6034	36.4387	0.044499
-0.049946	-8.74914	780.78	0.24	0.197069	905.037	31.6163	36.4849	0.0490199
-0.0500617	-9.12902	780.78	0.24	0.200741	904.831	31.6224	36.542	0.053369
-0.050182	-9.47702	780.78	0.24	0.204335	904.618	31.6222	36.607	0.0575155
-0.0503064	-9.79226	780.78	0.24	0.207936	904.396	31.6199	36.6799	0.0614055
-0.0504346	-10.0758	780.78	0.24	0.211361	904.168	31.6233	36.7482	0.065013
-0.0505661	-10.329	780.78	0.24	0.214696	903.933	31.6263	36.821	0.0683216
-0.0507005	-10.5496	780.78	0.24	0.218707	903.693	31.6097	36.912	0.0712716
-0.0508374	-10.7333	780.78	0.24	0.222874	903.447	31.6077	36.9849	0.0737744
-0.0509763	-10.8802	780.78	0.24	0.226838	903.198	31.6079	37.0663	0.0758078
-0.0511168	-10.9931	780.78	0.24	0.230482	902.946	31.5996	37.1592	0.07739
-0.0512584	-11.0745	780.78	0.24	0.233885	902.691	31.5822	37.264	0.0785398
-0.0514007	-11.1264	780.78	0.24	0.23708	902.435	31.5595	37.3762	0.0792777
-0.0515435	-11.1501	780.78	0.24	0.240167	902.177	31.5449	37.4716	0.0796152
-0.0516862	-11.145	780.78	0.24	0.24343	901.92	31.5213	37.5913	0.0795424
-0.0518287	-11.1099	780.78	0.24	0.246759	901.662	31.4888	37.7189	0.079042
-0.0519704	-11.0497	780.78	0.24	0.249133	901.406	31.4616	37.8345	0.0781883
-0.0521114	-11.0125	780.78	0.24	0.251771	901.152	31.449	37.9076	0.0776623
-0.0522514	-10.9063	780.78	0.24	0.254307	900.898	31.483	38.0064	0.0761721
-0.0523901	-10.8116	780.78	0.24	0.258161	900.647	31.4475	38.3482	0.0748547
-0.052527	-10.6492	780.78	0.24	0.260584	900.399	31.427	38.4696	0.0726225
-0.0526616	-10.4669	780.78	0.24	0.262636	900.154	31.4196	38.5748	0.070158
-0.0527937	-10.2632	780.78	0.24	0.265254	899.914	31.433	38.6541	0.0674533
-0.052923	-10.0343	780.78	0.24	0.268042	899.679	31.4581	38.7257	0.0644786
-0.0530491	-9.78004	780.78	0.24	0.270775	899.449	31.4935	38.7832	0.0612523
-0.0531716	-9.50174	780.78	0.24	0.273588	899.225	31.5374	38.8322	0.057816
-0.0532904	-9.19726	780.78	0.24	0.276387	899.008	31.5877	38.8758	0.0541699
-0.0534051	-8.8681	780.78	0.24	0.279099	898.798	31.6429	38.9112	0.0503619
-0.0535152	-8.51397	780.78	0.24	0.281806	898.596	31.6929	38.9536	0.0464201
-0.0536207	-8.1362	780.78	0.24	0.284318	898.402	31.741	38.9936	0.0423921
-0.0537211	-7.73811	780.78	0.24	0.28661	898.218	31.7947	39.0286	0.0383452
-0.0538161	-7.31557	780.78	0.24	0.289336	898.042	31.8747	39.0305	0.0342718
-0.0539055	-6.87005	780.78	0.24	0.29161	897.876	31.9618	39.0237	0.0302246
-0.0539891	-6.40514	780.78	0.24	0.293645	897.721	32.0474	39.0147	0.0262724
-0.0540665	-5.92123	780.78	0.24	0.295609	897.576	32.1211	39.0187	0.0224525
-0.0541375	-5.42118	780.78	0.24	0.297663	897.443	32.1961	39.0259	0.0188204
-0.0542019	-4.89877	780.78	0.24	0.299921	897.321	32.2788	39.0149	0.0153679
-0.0542595	-4.35709	780.78	0.24	0.301867	897.212	32.3572	39.0051	0.0121572
-0.0543099	-3.79915	780.78	0.24	0.303417	897.115	32.4391	38.9859	0.00924301
-0.0543531	-3.22903	780.78	0.24	0.304509	897.031	32.5235	38.9607	0.00667708
-0.0543889	-2.64851	780.78	0.24	0.305569	896.96	32.6033	38.9353	0.00449205
-0.0544172	-2.05965	780.78	0.24	0.306495	896.903	32.6672	38.9232	0.00271662
-0.0544378	-1.462	780.78	0.24	0.307224	896.859	32.7167	38.9222	0.0013688
-0.0544507	-0.858572	780.78	0.24	0.307677	896.829	32.7744	38.9059	0.000472057
-0.0544559	-0.251838	780.78	0.24	0.307886	896.812	32.8385	38.8782	4.06148e-05
-0.0544533	0.359226	780.78	0.24	0.308407	896.81	32.8823	38.8696	8.26374e-05
-0.0544428	0.975189	780.78	0.24	0.308948	896.822	32.9095	38.8736	0.000609002
-0.0544243	1.59521	780.78	0.24	0.309318	896.848	32.9336	38.8733	0.00162959
-0.0543979	2.21728	780.78	0.24	0.309105	896.888	32.96	38.8669	0.00314834
-0.0543636	2.83699	780.78	0.24	0.308603	896.943	32.9874	38.854	0.00515414
-0.0543213	3.45073	780.78	0.24	0.307693	897.011	33.011	38.8415	0.0076254
-0.0542713	4.05684	780.78	0.24	0.306793	897.094	33.017	38.8416	0.0105394
-0.0542136	4.65537	780.78	0.24	0.305597	897.191	33.0168	38.8439	0.0138787
-0.0541483	5.24112	780.78	0.24	0.30399	897.301	33.0125	38.8468	0.017591
-0.0540757	5.81252	780.78	0.24	0.302114	897.425	33.0104	38.8435	0.0216357
-0.053996	6.36271	780.78	0.24	0.299978	897.562	33.0029	38.8506	0.0259254
-0.0539093	6.89798	780.78	0.24	0.29773	897.711	33.0001	38.841	0.0304709
-0.053816	7.41216	780.78	0.24	0.295151	897.873	32.9879	38.8387	0.0351829
-0.0537164	7.90175	780.78	0.24	0.292212	898.046	32.9678	38.841	0.0399841
-0.0536107	8.36405	780.78	0.24	0.289142	898.231	32.9354	38.8481	0.0447996
-0.0534994	8.79883	780.78	0.24	0.285799	898.426	32.8971	38.8639	0.0495783
-0.0533828	9.20314	780.78	0.24	0.282286	898.63	32.8602	38.8744	0.0542392
-0.0532613	9.57577	780.78	0.24	0.278768	898.844	32.8261	38.8784	0.0587204
-0.0531354	9.91809	780.78	0.24	0.275366	899.067	32.7899	38.8891	0.0629937
-0.0530053	10.2303	780.78	0.24	0.271867	899.297	32.7486	38.9006	0.0670222
-0.0528716	10.5098	780.78	0.24	0.268124	899.535	32.7048	38.9134	0.0707348
-0.0527346	10.755	780.78	0.24	0.264215	899.778	32.6573	38.927	0.074073
-0.0525948	10.9637	780.78	0.24	0.260298	900.027	32.6107	38.9457	0.0769755
-0.0524527	11.1403	780.78	0.24	0.256507	900.281	32.5822	38.9409	0.0794763
-0.0523086	11.2814	780.78	0.24	0.252458	900.539	32.556	38.9326	0.0815015
-0.0521631	11.3847	780.78	0.24	0.248374	900.8	32.5286	38.9264	0.083001
-0.0520166	11.4516	780.78	0.24	0.24401	901.063	32.4971	38.9223	0.0839803
-0.0518835	9.3132	780.78	0.24	0.243908	901.328	33.2935	39.1566	0.0555442
-0.0517648	9.2157	780.78	0.24	0.238493	901.543	32.4738	40.7234	0.0543874
-0.0516469	9.18947	780.78	0.24	0.235016	901.756	32.4904	40.6964	0.0540782
-0.0515297	9.13816	780.78	0.24	0.231767	901.968	32.4792	40.691	0.053476
-0.0514134	9.05687	780.78	0.24	0.22872	902.179	32.4549	40.6999	0.0525288
-0.0512984	8.95156	780.78	0.24	0.22614	902.387	32.4347	40.7044	0.0513144
-0.051185	8.82206	780.78	0.24	0.223533	902.593	32.4229	40.7011	0.0498404
-0.0510735	8.67053	780.78	0.24	0.221088	902.797	32.4143	40.6937	0.0481429
-0.0509641	8.49526	780.78	0.24	0.218504	902.996	32.4204	40.6728	0.0462162
-0.0508572	8.29416	780.78	0.24	0.215855	903.192	32.4427	40.6344	0.0440541
-0.0507531	8.07174	780.78	0.24	0.2135	903.382	32.4941	40.5694	0.041723
-0.050652	7.82848	780.78	0.24	0.211179	903.568	32.5522	40.4992	0.0392461
-0.0505543	7.5649	780.78	0.24	0.209015	903.747	32.6102	40.4271	0.0366478
-0.0504601	7.2816	780.78	0.24	0.207018	903.921	32.6626	40.3592	0.0339543
-0.0503697	6.98009	780.78	0.24	0.205048	904.088	32.6995	40.3135	0.0312006
-0.0502834	6.66141	780.78	0.24	0.203353	904.248	32.7429	40.2537	0.0284167
-0.0502013	6.32735	780.78	0.24	0.201785	904.4	32.7778	40.2117	0.0256381
-0.0501236	5.98023	780.78	0.24	0.200525	904.545	32.8215	40.1617	0.0229022
-0.0500504	5.62174	780.78	0.24	0.199389	904.681	32.8671	40.1095	0.0202387
-0.0499819	5.2538	780.78	0.24	0.198312	904.809	32.9151	40.0562	0.0176761
-0.0499183	4.87452	780.78	0.24	0.197247	904.929	32.9657	40.0043	0.0152161
-0.0498596	4.48612	780.78	0.24	0.196204	905.04	33.015	39.9547	0.0128879
-0.0498059	4.08768	780.78	0.24	0.195107	905.141	33.0652	39.9077	0.0107003
-0.0497575	3.67984	780.78	0.24	0.194233	905.234	33.1176	39.8576	0.00867159
-0.0497144	3.26392	780.78	0.24	0.193361	905.317	33.171	39.8074	0.00682215
-0.0496766	2.83903	780.78	0.24	0.192404	905.39	33.2239	39.762	0.00516156
-0.0496444	2.40563	780.78	0.24	0.19153	905.453	33.2765	39.7198	0.00370594
-0.0496178	1.96276	780.78	0.24	0.190949	905.506	33.332	39.6703	0.00246704
-0.049597	1.51914	780.78	0.24	0.190922	905.549	33.3823	39.6302	0.00147788
-0.0495818	1.07593	780.78	0.24	0.191073	905.582	33.4345	39.5903	0.000741326
-0.0495722	0.632957	780.78	0.24	0.191105	905.604	33.4905	39.5461	0.000256561
-0.0495684	0.18984	780.78	0.24	0.191117	905.617	33.5466	39.5052	2.3079e-05
-0.0495702	-0.252919	780.78	0.24	0.191308	905.618	33.5895	39.4806	4.0964e-05
-0.0495777	-0.691969	780.78	0.24	0.191841	905.61	33.6117	39.4768	0.00030663
-0.0495907	-1.12943	780.78	0.24	0.192672	905.591	33.6366	39.4728	0.000816888
-0.0496093	-1.5544	780.78	0.24	0.194028	905.563	33.6669	39.468	0.00154728
-0.0496332	-1.96732	780.78	0.24	0.19524	905.524	33.6816	39.4781	0.00247851
-0.0496623	-2.37465	780.78	0.24	0.196096	905.476	33.669	39.5243	0.00361112
-0.0496965	-2.76723	780.78	0.24	0.197796	905.419	33.6533	39.5636	0.0049038
-0.0497356	-3.14327	780.78	0.24	0.199696	905.353	33.642	39.6001	0.0063271
-0.0497793	-3.50263	780.78	0.24	0.201669	905.278	33.6316	39.6399	0.00785651
-0.0498274	-3.84421	780.78	0.24	0.203588	905.194	33.6105	39.6911	0.00946359
-0.0498798	-4.16863	780.78	0.24	0.205538	905.103	33.5828	39.7525	0.0111283
-0.0499362	-4.47515	780.78	0.24	0.207473	905.005	33.5515	39.8172	0.012825
-0.0499963	-4.76439	780.78	0.24	0.209786	904.899	33.5121	39.8911	0.0145364
-0.0500599	-5.03101	780.78	0.24	0.212122	904.787	33.4727	39.968	0.0162088
-0.0501267	-5.27812	780.78	0.24	0.214302	904.669	33.4309	40.0463	0.0178402
-0.0501965	-5.50462	780.78	0.24	0.216622	904.546	33.3756	40.14	0.0194042
-0.050269	-5.70981	780.78	0.24	0.218954	904.417	33.3215	40.2361	0.0208778
-0.0503439	-5.89576	780.78	0.24	0.221296	904.284	33.2641	40.3333	0.0222598
-0.050421	-6.05889	780.78	0.24	0.223869	904.146	33.2045	40.4379	0.0235087
-0.0505	-6.19788	780.78	0.24	0.227016	904.005	33.1539	40.5225	0.0245996
-0.0505804	-6.30624	780.78	0.24	0.230001	903.861	33.113	40.6066	0.0254672
-0.050662	-6.39053	780.78	0.24	0.232857	903.714	33.0886	40.6796	0.0261526
-0.0507444	-6.44747	780.78	0.24	0.235785	903.566	33.0679	40.7437	0.0266208
-0.0508273	-6.47662	780.78	0.24	0.238762	903.416	33.0365	40.8214	0.026862
-0.0509103	-6.47967	780.78	0.24	0.241579	903.266	33.0128	40.8897	0.0268873
-0.0509932	-6.45969	780.78	0.24	0.244095	903.117	33.0086	40.9375	0.0267217
-0.0510755	-6.41728	780.78	0.24	0.246445	902.967	33.0118	40.9784	0.026372
-0.0511571	-6.35443	780.78	0.24	0.248713	902.819	32.9994	41.0312	0.025858
-0.0512377	-6.2708	780.78	0.24	0.250946	902.673	32.9597	41.1146	0.0251819
-0.051317	-6.17009	780.78	0.24	0.25283	902.528	32.9122	41.1986	0.0243794
-0.0513949	-6.04589	780.78	0.24	0.255653	902.386	32.8374	41.3213	0.0234079
-0.0514709	-5.8985	780.78	0.24	0.25813	902.248	32.7557	41.4418	0.0222805
-0.0515449	-5.73181	780.78	0.24	0.259668	902.112	32.654	41.5867	0.021039
-0.0516167	-5.56195	780.78	0.24	0.260702	901.981	32.5828	41.6871	0.0198105
-0.0516861	-5.37403	780.78	0.24	0.262207	901.853	32.5366	41.77	0.0184944
-0.051753	-5.17158	780.78	0.24	0.26353	901.73	32.499	41.842	0.0171273
-0.0518172	-4.96793	780.78	0.24	0.264172	901.612	32.4388	41.9335	0.0158049
-0.0518788	-4.75883	780.78	0.24	0.263213	901.499	32.5936	41.888	0.0145024
-0.0519385	-4.66135	780.78	0.24	0.266012	901.39	32.4365	42.0169	0.0139144
-0.0519958	-4.41435	780.78	0.24	0.26958	901.284	32.4808	41.9637	0.0124789
-0.0520498	-4.14387	780.78	0.24	0.270979	901.183	32.5079	41.9649	0.0109965
-0.0521002	-3.86764	780.78	0.24	0.2718	901.089	32.5328	41.9689	0.0095793
-0.052147	-3.5833	780.78	0.24	0.27223	901.002	32.5858	41.9409	0.00822258
-0.0521901	-3.29624	780.78	0.24	0.272018	900.921	32.6929	41.852	0.00695792
-0.0522296	-3.01332	780.78	0.24	0.271317	900.846	32.8467	41.7089	0.00581475
-0.0522655	-2.73558	780.78	0.24	0.270955	900.778	32.9893	41.5755	0.00479226
-0.0522979	-2.45843	780.78	0.24	0.271194	900.717	33.088	41.4909	0.0038704
-0.0523267	-2.17863	780.78	0.24	0.271958	900.662	33.1656	41.4358	0.00303954
-0.0523518	-1.88752	780.78	0.24	0.272952	900.613	33.2521	41.3533	0.00228153
-0.0523731	-1.58942	780.78	0.24	0.273686	900.571	33.3418	41.267	0.00161778
-0.0523906	-1.28553	780.78	0.24	0.273999	900.536	33.4285	41.1827	0.0010583
-0.0524041	-0.980316	780.78	0.24	0.273967	900.509	33.5184	41.0922	0.000615423
-0.0524137	-0.677051	780.78	0.24	0.273621	900.488	33.5882	41.0221	0.000293551
-0.0524195	-0.378932	780.78	0.24	0.273218	900.474	33.63	40.9786	9.19526e-05
-0.0524215	-0.0817354	780.78	0.24	0.272901	900.467	33.6546	40.9477	4.27821e-06
-0.0524197	0.212379	780.78	0.24	0.272521	900.467	33.6624	40.9322	2.88845e-05
-0.0524142	0.503069	780.78	0.24	0.272138	900.473	33.6789	40.9006	0.000162068
-0.052405	0.792237	780.78	0.24	0.272	900.486	33.7036	40.8623	0.000401931
-0.0523921	1.07872	780.78	0.24	0.271613	900.506	33.7439	40.8048	0.000745183
-0.0523756	1.36022	780.78	0.24	0.270909	900.533	33.7947	40.7339	0.00118484
-0.0523555	1.63305	780.78	0.24	0.270095	900.566	33.842	40.6752	0.00170782
-0.052332	1.89971	780.78	0.24	0.269278	900.605	33.8884	40.6113	0.00231109
-0.0523052	2.15933	780.78	0.24	0.268321	900.651	33.9277	40.5463	0.00298593
-0.0522751	2.40958	780.78	0.24	0.267127	900.702	33.9512	40.4973	0.00371813
-0.0522419	2.64635	780.78	0.24	0.265781	900.759	33.9838	40.441	0.00448472
-0.0522058	2.87258	780.78	0.24	0.264474	900.821	34.0201	40.3758	0.00528427
-0.052167	3.08802	780.78	0.24	0.263121	900.889	34.0608	40.3048	0.00610664
-0.0521255	3.28955	780.78	0.24	0.261588	900.961	34.0967	40.2378	0.00692971
-0.0520815	3.47877	780.78	0.24	0.2601	901.038	34.1146	40.1902	0.00774984
-0.0520353	3.65085	780.78	0.24	0.258482	901.12	34.1185	40.1588	0.00853551
-0.0519869	3.81249	780.78	0.24	0.257181	901.205	34.1144	40.1273	0.00930806
-0.0519367	3.96154	780.78	0.24	0.255577	901.294	34.0932	40.1133	0.0100501
-0.0518846	4.09015	780.78	0.24	0.253884	901.386	34.0645	40.1182	0.0107132
-0.0518311	4.20957	780.78	0.24	0.252208	901.481	34.0343	40.1118	0.0113479
-0.0517762	4.31019	780.78	0.24	0.249796	901.579	34.0133	40.0974	0.0118969
-0.0517202	4.39307	780.78	0.24	0.248414	901.679	34.0038	40.0822	0.0123588
-0.0516632	4.46423	780.78	0.24	0.247144	901.781	33.9502	40.0981	0.0127625
-0.0516054	4.52437	780.78	0.24	0.245879	901.885	33.9033	40.1086	0.0131087
-0.051547	4.56738	780.78	0.24	0.24391	901.989	33.9037	40.0684	0.0133591
-0.0514882	4.59836	780.78	0.24	0.242596	902.095	33.8943	40.0382	0.0135409
-0.0514291	4.6195	780.78	0.24	0.241769	902.201	33.8618	40.0274	0.0136657
-0.0513698	4.63165	780.78	0.24	0.240682	902.308	33.7976	40.0546	0.0137377
-0.0513105	4.63387	780.78	0.24	0.239929	902.415	33.724	40.0872	0.0137508
-0.0512511	4.63136	780.78	0.24	0.239275	902.523	33.6479	40.126	0.013736
-0.0511919	4.62446	780.78	0.24	0.238777	902.63	33.5797	40.1561	0.013695
-0.0511328	4.6104	780.78	0.24	0.23807	902.736	33.5257	40.1788	0.0136119
-0.0510739	4.59162	780.78	0.24	0.237466	902.843	33.4888	40.1761	0.0135012
-0.0510153	4.56806	780.78	0.24	0.236974	902.949	33.4617	40.1626	0.013363
-0.0509571	4.53828	780.78	0.24	0.236396	903.055	33.4442	40.1395	0.0131894
-0.0508993	4.50337	780.78	0.24	0.235659	903.159	33.4334	40.1122	0.0129872
-0.050842	4.46041	780.78	0.24	0.23466	903.263	33.4295	40.0777	0.0127406
-0.0507854	4.40834	780.78	0.24	0.23361	903.366	33.4114	40.0533	0.0124449
-0.0507295	4.34746	780.78	0.24	0.232818	903.468	33.3719	40.0512	0.0121036
-0.0506745	4.28028	780.78	0.24	0.232015	903.568	33.3332	40.0444	0.0117324
-0.0506204	4.20443	780.78	0.24	0.231502	903.667	33.3052	40.0354	0.0113203
-0.0505673	4.12615	780.78	0.24	0.230974	903.764	33.282	40.0229	0.0109026
-0.0505152	4.0403	780.78	0.24	0.230049	903.859	33.2524	40.0179	0.0104537
-0.0504644	3.94738	780.78	0.24	0.229251	903.952	33.219	40.0152	0.00997835
-0.0504148	3.84	780.78	0.24	0.228404	904.043	33.1915	39.9941	0.00944288
-0.0503666	3.73551	780.78	0.24	0.228301	904.131	33.1616	39.9894	0.00893596
-0.0503198	3.62835	780.78	0.24	0.2279	904.217	33.1375	39.9771	0.00843062
-0.0502744	3.51733	780.78	0.24	0.227387	904.3	33.1038	39.9745	0.00792261
-0.0502304	3.40404	780.78	0.24	0.227339	904.381	33.0779	39.9633	0.00742045
-0.050188	3.28829	780.78	0.24	0.227184	904.459	33.0512	39.9587	0.00692441
-0.050147	3.17214	780.78	0.24	0.226936	904.535	33.0419	39.9226	0.00644385
-0.0501075	3.05228	780.78	0.24	0.226503	904.608	33.0325	39.8982	0.00596608
-0.0500696	2.92833	780.78	0.24	0.226009	904.678	33.0071	39.891	0.00549138
-0.0500333	2.79911	780.78	0.24	0.225257	904.745	32.969	39.8972	0.00501743
-0.0499987	2.66137	780.78	0.24	0.224171	904.809	32.9236	39.9117	0.00453577
-0.0499661	2.50811	780.78	0.24	0.222913	904.87	32.8836	39.9235	0.00402843
-0.0499355	2.34755	780.78	0.24	0.221895	904.927	32.8571	39.9191	0.00352916
-0.049907	2.17953	780.78	0.24	0.221047	904.98	32.83	39.9181	0.00304206
-0.0498808	2.00405	780.78	0.24	0.220026	905.03	32.8152	39.9037	0.00257193
-0.0498569	1.81855	780.78	0.24	0.219054	905.075	32.8143	39.874	0.00211783
-0.0498354	1.62599	780.78	0.24	0.218279	905.116	32.8132	39.8489	0.00169308
-0.0498165	1.42726	780.78	0.24	0.218026	905.153	32.7894	39.8451	0.00130451
-0.0498002	1.22642	780.78	0.24	0.217886	905.185	32.7415	39.8645	0.000963201
-0.0497864	1.02651	780.78	0.24	0.21795	905.212	32.6809	39.9022	0.000674791
-0.0497752	0.826576	780.78	0.24	0.217951	905.235	32.6175	39.9424	0.00043753
-0.0497665	0.627111	780.78	0.24	0.218048	905.253	32.5545	39.9838	0.000251843
-0.0497604	0.428279	780.78	0.24	0.218441	905.266	32.4886	40.0271	0.000117462
-0.0497567	0.234558	780.78	0.24	0.218917	905.275	32.419	40.0741	3.52325e-05
-0.0497556	0.0453704	780.78	0.24	0.219373	905.279	32.3498	40.1245	1.31822e-06
-0.0497568	-0.140614	780.78	0.24	0.219856	905.279	32.2809	40.1721	1.26619e-05
-0.0497603	-0.322136	780.78	0.24	0.220582	905.275	32.2135	40.2203	6.64538e-05
-0.0497661	-0.49539	780.78	0.24	0.221285	905.267	32.1577	40.2607	0.000157158
-0.0497741	-0.663057	780.78	0.24	0.222182	905.254	32.1033	40.2962	0.000281542
-0.0497841	-0.817922	780.78	0.24	0.223794	905.238	32.0213	40.363	0.000428416
-0.0497959	-0.957325	780.78	0.24	0.225618	905.218	31.935	40.4378	0.000586894
-0.0498094	-1.07862	780.78	0.24	0.227683	905.195	31.8614	40.4981	0.000745044
-0.0498242	-1.18193	780.78	0.24	0.229696	905.169	31.8024	40.5414	0.000894591
-0.0498402	-1.26766	780.78	0.24	0.231634	905.141	31.7436	40.5869	0.00102908
-0.0498571	-1.33637	780.78	0.24	0.233395	905.112	31.688	40.6286	0.00114365
-0.0498748	-1.38995	780.78	0.24	0.234911	905.08	31.6399	40.6609	0.0012372
-0.049893	-1.4327	780.78	0.24	0.23617	905.048	31.5947	40.6913	0.00131448
-0.0499116	-1.46393	780.78	0.24	0.23725	905.014	31.5492	40.7234	0.0013724
-0.0499306	-1.48872	780.78	0.24	0.238331	904.98	31.5183	40.7411	0.00141928
-0.0499498	-1.49899	780.78	0.24	0.239643	904.946	31.5028	40.7425	0.00143892
-0.049969	-1.49815	780.78	0.24	0.240693	904.911	31.4933	40.7383	0.00143731
-0.0499881	-1.48973	780.78	0.24	0.241328	904.876	31.484	40.7332	0.00142121
-0.0500071	-1.4775	780.78	0.24	0.24171	904.842	31.4793	40.7251	0.00139797
-0.0500259	-1.46197	780.78	0.24	0.242234	904.808	31.4806	40.7073	0.00136874
-0.0500444	-1.44136	780.78	0.24	0.242776	904.774	31.4842	40.6896	0.00133041
-0.0500626	-1.41509	780.78	0.24	0.243338	904.741	31.4778	40.6842	0.00128237
-0.0500804	-1.38485	780.78	0.24	0.244003	904.708	31.4703	40.6762	0.00122813
-0.0500978	-1.34518	780.78	0.24	0.244911	904.676	31.4701	40.6612	0.00115878
-0.0501146	-1.299	780.78	0.24	0.245767	904.645	31.4803	40.6309	0.00108059
-0.0501307	-1.24449	780.78	0.24	0.246793	904.615	31.4911	40.6014	0.000991804
-0.050146	-1.17772	780.78	0.24	0.24804	904.587	31.5052	40.568	0.000888234
-0.0501604	-1.10103	780.78	0.24	0.249083	904.56	31.5168	40.5384	0.00077632
-0.0501737	-1.01456	780.78	0.24	0.250342	904.535	31.5161	40.519	0.00065917
-0.0501858	-0.916831	780.78	0.24	0.25149	904.512	31.5122	40.5021	0.000538295
-0.0501965	-0.818737	780.78	0.24	0.252721	904.491	31.5019	40.4902	0.000429269
-0.0502059	-0.698881	780.78	0.24	0.254078	904.473	31.5165	40.4538	0.000312786
-0.0502136	-0.571786	780.78	0.24	0.25573	904.458	31.5667	40.3854	0.000209367
-0.0502196	-0.425673	780.78	0.24	0.256866	904.445	31.6478	40.2807	0.000116036
-0.0502235	-0.270407	780.78	0.24	0.257478	904.436	31.7206	40.1841	4.6825e-05
-0.0502255	-0.11194	780.78	0.24	0.257628	904.431	31.7878	40.0892	8.02444e-06
-0.0502254	0.0469345	780.78	0.24	0.257847	904.429	31.842	40.0083	1.41067e-06
-0.0502232	0.205734	780.78	0.24	0.258031	904.431	31.8847	39.9367	2.71054e-05
-0.0502191	0.365387	780.78	0.24	0.258007	904.437	31.9373	39.854	8.54962e-05
-0.0502128	0.525043	780.78	0.24	0.258124	904.446	31.9948	39.7641	0.000176535
-0.0502045	0.689377	780.78	0.24	0.258209	904.459	32.0564	39.6728	0.000304337
-0.0501941	0.852962	780.78	0.24	0.2581	904.476	32.1231	39.5793	0.000465908
-0.0501816	1.01567	780.78	0.24	0.257945	904.497	32.1938	39.4771	0.000660614
-0.0501671	1.17712	780.78	0.24	0.25794	904.521	32.258	39.3829	0.000887325
-0.0501504	1.34129	780.78	0.24	0.258313	904.55	32.3023	39.3087	0.0011521
-0.0501316	1.50882	780.78	0.24	0.258822	904.582	32.3412	39.239	0.00145786
-0.0501107	1.68094	780.78	0.24	0.259175	904.618	32.3833	39.1628	0.00180945
-0.0500875	1.85554	780.78	0.24	0.259309	904.658	32.4275	39.083	0.00220486
-0.050062	2.02969	780.78	0.24	0.259084	904.702	32.4684	39.0053	0.00263815
-0.0500344	2.20024	780.78	0.24	0.258661	904.75	32.4912	38.9447	0.00310014
-0.0500046	2.36716	780.78	0.24	0.25819	904.802	32.4986	38.9004	0.00358835
-0.0499727	2.52874	780.78	0.24	0.257442	904.857	32.4993	38.8604	0.00409498
-0.0499388	2.68194	780.78	0.24	0.256608	904.917	32.4911	38.8268	0.00460618
-0.0499031	2.82942	780.78	0.24	0.255885	904.98	32.4777	38.801	0.00512666
-0.0498655	2.97036	780.78	0.24	0.255091	905.046	32.4545	38.7852	0.00565014
-0.0498261	3.10331	780.78	0.24	0.254187	905.116	32.4228	38.7748	0.00616724
-0.0497852	3.22731	780.78	0.24	0.253279	905.189	32.3833	38.7723	0.00666995
-0.0497427	3.34407	780.78	0.24	0.252352	905.264	32.3368	38.7778	0.00716132
-0.0496988	3.45209	780.78	0.24	0.25139	905.343	32.2822	38.7906	0.00763143
-0.0496537	3.55147	780.78	0.24	0.250325	905.423	32.2148	38.8162	0.00807715
-0.0496073	3.64117	780.78	0.24	0.249238	905.506	32.1354	38.8523	0.00849029
-0.0495599	3.71971	780.78	0.24	0.248066	905.591	32.0586	38.8861	0.00886051
-0.0495116	3.78884	780.78	0.24	0.246939	905.678	31.9865	38.9149	0.00919293
-0.0494625	3.84706	780.78	0.24	0.245664	905.766	31.92	38.9381	0.0094776
-0.0494128	3.89211	780.78	0.24	0.244258	905.856	31.8607	38.9607	0.00970089
-0.0493626	3.92364	780.78	0.24	0.242677	905.946	31.8033	38.9748	0.0098587
-0.0493121	3.94134	780.78	0.24	0.24105	906.037	31.7513	38.9855	0.00994785
-0.0492616	3.94446	780.78	0.24	0.239435	906.129	31.7121	38.9819	0.00996359
-0.0492112	3.93276	780.78	0.24	0.237786	906.22	31.6728	38.977	0.00990457
-0.0491611	3.90536	780.78	0.24	0.23613	906.312	31.6324	38.976	0.00976703
-0.0491114	3.86349	780.78	0.24	0.234523	906.402	31.5898	38.9759	0.00955873
-0.0490625	3.80713	780.78	0.24	0.232951	906.491	31.5395	38.9858	0.00928192
-0.0490143	3.73745	780.78	0.24	0.231507	906.579	31.4724	39.0146	0.00894523
-0.0489672	3.65529	780.78	0.24	0.230189	906.666	31.3882	39.0588	0.00855627
-0.0489213	3.56088	780.78	0.24	0.228909	906.75	31.2922	39.117	0.00811998
-0.0488767	3.45625	780.78	0.24	0.227924	906.832	31.185	39.1914	0.00764983
-0.0488335	3.345	780.78	0.24	0.22729	906.912	31.0913	39.2495	0.0071653
-0.0487918	3.22682	780.78	0.24	0.22678	906.989	31.0111	39.2936	0.00666794
-0.0487516	3.10593	780.78	0.24	0.226339	907.063	30.9457	39.3263	0.00617765
-0.048713	2.97947	780.78	0.24	0.225878	907.135	30.9025	39.3317	0.00568485
-0.0486761	2.85007	780.78	0.24	0.225493	907.203	30.8682	39.3332	0.00520179
-0.0486409	2.71729	780.78	0.24	0.225064	907.269	30.8304	39.3427	0.00472841
-0.0486074	2.58016	780.78	0.24	0.224606	907.331	30.7937	39.3476	0.00426318
-0.0485757	2.43889	780.78	0.24	0.224085	907.39	30.754	39.3561	0.00380913
-0.0485459	2.29165	780.78	0.24	0.223406	907.446	30.7098	39.3697	0.00336309
-0.048518	2.13797	780.78	0.24	0.222657	907.498	30.6579	39.3925	0.00292714
-0.0484921	1.97706	780.78	0.24	0.222017	907.547	30.6009	39.425	0.00250313
-0.0484684	1.8118	780.78	0.24	0.221692	907.592	30.5388	39.4597	0.00210214
-0.0484468	1.64448	780.78	0.24	0.221367	907.633	30.4788	39.4939	0.0017318
-0.0484274	1.47344	780.78	0.24	0.220831	907.671	30.4343	39.5118	0.00139029
-0.0484102	1.29623	780.78	0.24	0.220138	907.704	30.4144	39.5108	0.00107599
-0.0483954	1.11077	780.78	0.24	0.219302	907.733	30.4197	39.4801	0.000790119
-0.048383	0.920231	780.78	0.24	0.218817	907.758	30.4108	39.4633	0.000542294
-0.048373	0.725027	780.78	0.24	0.218335	907.778	30.3918	39.4628	0.000336628
-0.0483657	0.527554	780.78	0.24	0.21817	907.794	30.3713	39.4616	0.000178227
-0.0483608	0.328472	780.78	0.24	0.21816	907.805	30.3491	39.4652	6.90936e-05
-0.0483585	0.130505	780.78	0.24	0.218297	907.811	30.3281	39.4701	1.09067e-05
-0.0483587	-0.0653891	780.78	0.24	0.218613	907.813	30.3016	39.4812	2.73812e-06
-0.0483614	-0.256434	780.78	0.24	0.219477	907.811	30.2579	39.5131	4.21107e-05
-0.0483665	-0.439385	780.78	0.24	0.220538	907.804	30.2436	39.514	0.000123632
-0.0483738	-0.613195	780.78	0.24	0.221701	907.792	30.2593	39.4818	0.00024079
-0.0483832	-0.775649	780.78	0.24	0.222575	907.777	30.2875	39.44	0.000385276
-0.0483946	-0.932503	780.78	0.24	0.223025	907.758	30.3223	39.3928	0.000556854
-0.048408	-1.08599	780.78	0.24	0.223251	907.736	30.3666	39.3367	0.000755248
-0.0484234	-1.24072	780.78	0.24	0.223173	907.709	30.4096	39.2841	0.0009858
-0.0484408	-1.39498	780.78	0.24	0.223026	907.68	30.4419	39.242	0.00124617
-0.0484602	-1.55089	780.78	0.24	0.22301	907.646	30.4965	39.1757	0.00154028
-0.0484815	-1.70634	780.78	0.24	0.222988	907.609	30.5406	39.1227	0.00186454
-0.0485049	-1.86376	780.78	0.24	0.222796	907.569	30.5657	39.0918	0.00222443
-0.0485303	-2.02263	780.78	0.24	0.222657	907.525	30.5831	39.0772	0.00261983
-0.0485577	-2.18126	780.78	0.24	0.22257	907.477	30.62	39.036	0.00304689
-0.0485872	-2.3426	780.78	0.24	0.222276	907.425	30.6606	38.993	0.0035143
-0.0486187	-2.50658	780.78	0.24	0.221819	907.37	30.7055	38.9466	0.0040235
-0.0486524	-2.67483	780.78	0.24	0.221412	907.31	30.7516	38.9014	0.00458176
-0.0486883	-2.84763	780.78	0.24	0.220825	907.247	30.8083	38.8438	0.00519287
-0.0487265	-3.0279	780.78	0.24	0.220174	907.18	30.8704	38.7781	0.00587117
-0.0487671	-3.21086	780.78	0.24	0.219858	907.109	30.9281	38.7207	0.00660212
-0.04881	-3.39681	780.78	0.24	0.219563	907.033	30.974	38.6765	0.00738897
-0.0488553	-3.58532	780.78	0.24	0.219601	906.953	31.0282	38.615	0.00823183
-0.048903	-3.77162	780.78	0.24	0.219652	906.869	31.0818	38.5672	0.00910956
-0.0489531	-3.96035	780.78	0.24	0.21958	906.78	31.1184	38.5355	0.010044
-0.0490056	-4.14911	780.78	0.24	0.219494	906.687	31.1414	38.5217	0.0110243
-0.0490605	-4.33606	780.78	0.24	0.219801	906.589	31.1909	38.4757	0.0120402
-0.0491178	-4.51983	780.78	0.24	0.220451	906.488	31.2234	38.4551	0.0130824
-0.0491774	-4.6937	780.78	0.24	0.221728	906.382	31.2316	38.4586	0.0141082
-0.0492391	-4.85577	780.78	0.24	0.22297	906.272	31.2296	38.4719	0.0150993
-0.0493028	-5.0087	780.78	0.24	0.224049	906.158	31.2235	38.4916	0.0160654
-0.0493683	-5.15275	780.78	0.24	0.225064	906.041	31.2236	38.5164	0.0170028
-0.0494356	-5.28761	780.78	0.24	0.226135	905.921	31.2262	38.5263	0.0179044
-0.0495045	-5.41214	780.78	0.24	0.227261	905.797	31.2148	38.5534	0.0187577
-0.0495749	-5.5248	780.78	0.24	0.228418	905.671	31.1966	38.5903	0.0195467
-0.0496467	-5.62767	780.78	0.24	0.22952	905.542	31.1925	38.6103	0.0202814
-0.0497196	-5.72052	780.78	0.24	0.230611	905.411	31.1862	38.6351	0.0209562
-0.0497937	-5.80402	780.78	0.24	0.23153	905.278	31.1756	38.6654	0.0215724
-0.0498688	-5.87955	780.78	0.24	0.232491	905.143	31.1636	38.6982	0.0221375
-0.0499447	-5.94774	780.78	0.24	0.233367	905.006	31.1554	38.7261	0.022654
-0.0500215	-6.00792	780.78	0.24	0.23416	904.868	31.1498	38.752	0.0231148
-0.0500989	-6.06048	780.78	0.24	0.23496	904.729	31.1502	38.7714	0.023521
-0.050177	-6.10696	780.78	0.24	0.235705	904.588	31.1449	38.7994	0.0238832
-0.0502556	-6.14805	780.78	0.24	0.236368	904.446	31.1525	38.8144	0.0242056
-0.0503347	-6.18085	780.78	0.24	0.237091	904.304	31.1814	38.8063	0.0244645
-0.0504141	-6.20822	780.78	0.24	0.237765	904.16	31.2225	38.7869	0.0246817
-0.0504938	-6.22853	780.78	0.24	0.238391	904.016	31.2645	38.7681	0.0248435
-0.0505737	-6.24432	780.78	0.24	0.238871	903.872	31.2906	38.7694	0.0249696
-0.0506538	-6.25768	780.78	0.24	0.238911	903.727	31.3283	38.7559	0.0250766
-0.0507341	-6.2714	780.78	0.24	0.238686	903.583	31.3881	38.7217	0.0251867
-0.0508146	-6.29217	780.78	0.24	0.239055	903.437	31.4216	38.7075	0.0253538
-0.0508953	-6.30172	780.78	0.24	0.239757	903.292	31.4486	38.7053	0.0254307
-0.050976	-6.30551	780.78	0.24	0.240282	903.146	31.4837	38.7035	0.0254613
-0.0510567	-6.30524	780.78	0.24	0.241233	903	31.5522	38.6612	0.0254592
-0.0511374	-6.29078	780.78	0.24	0.242745	902.854	31.6292	38.6129	0.0253425
-0.0512177	-6.26283	780.78	0.24	0.244092	902.709	31.6636	38.6076	0.0251178
-0.0512976	-6.2305	780.78	0.24	0.245274	902.564	31.673	38.6377	0.0248592
-0.0513769	-6.17823	780.78	0.24	0.247212	902.421	31.7171	38.6208	0.0244439
-0.0514554	-6.10879	780.78	0.24	0.248815	902.278	31.7416	38.623	0.0238975
-0.0515328	-6.02662	780.78	0.24	0.250175	902.137	31.7503	38.6378	0.0232589
-0.0516091	-5.93469	780.78	0.24	0.251642	901.999	31.7381	38.6721	0.0225547
-0.0516841	-5.82276	780.78	0.24	0.253808	901.862	31.6978	38.741	0.021712
-0.0517574	-5.6932	780.78	0.24	0.255987	901.728	31.6538	38.8203	0.0207565
-0.0518289	-5.54254	780.78	0.24	0.258251	901.598	31.6423	38.8528	0.0196725
-0.0518983	-5.37164	780.78	0.24	0.260466	901.471	31.6592	38.8596	0.018478
-0.0519653	-5.18289	780.78	0.24	0.262201	901.348	31.6811	38.8618	0.0172023
-0.0520297	-4.98024	780.78	0.24	0.263444	901.229	31.7139	38.8487	0.0158833
-0.0520915	-4.76767	780.78	0.24	0.264549	901.115	31.7472	38.8377	0.0145564
-0.0521504	-4.54551	780.78	0.24	0.265409	901.007	31.7797	38.8267	0.0132314
-0.0522064	-4.31926	780.78	0.24	0.26584	900.903	31.8271	38.7982	0.011947
-0.0522595	-4.08786	780.78	0.24	0.266433	900.805	31.891	38.7525	0.0107012
-0.0523096	-3.85069	780.78	0.24	0.267018	900.712	31.9666	38.694	0.0094955
-0.0523566	-3.60759	780.78	0.24	0.267456	900.624	32.0442	38.6281	0.00833443
-0.0524004	-3.36049	780.78	0.24	0.267894	900.543	32.0951	38.5949	0.0072318
-0.0524411	-3.10984	780.78	0.24	0.268109	900.467	32.142	38.5599	0.00619325
-0.0524785	-2.85901	780.78	0.24	0.268183	900.396	32.1689	38.5462	0.00523449
-0.0525127	-2.60735	780.78	0.24	0.268135	900.332	32.1812	38.544	0.0043535
-0.0525436	-2.35612	780.78	0.24	0.267934	900.273	32.1798	38.5543	0.00355496
-0.0525714	-2.10816	780.78	0.24	0.267462	900.22	32.1688	38.5698	0.00284609
-0.0525961	-1.86583	780.78	0.24	0.266581	900.173	32.1527	38.5915	0.00222938
-0.0526177	-1.63167	780.78	0.24	0.265814	900.131	32.1215	38.6271	0.00170493
-0.0526364	-1.40364	780.78	0.24	0.265011	900.095	32.0786	38.6721	0.00126169
-0.0526523	-1.18484	780.78	0.24	0.264075	900.064	32.0238	38.7269	0.000899009
-0.0526654	-0.973698	780.78	0.24	0.262971	900.038	31.9636	38.7876	0.000607141
-0.0526759	-0.774631	780.78	0.24	0.261483	900.017	31.9002	38.8491	0.000384266
-0.052684	-0.587972	780.78	0.24	0.260064	900	31.8203	38.9458	0.000221388
-0.0526899	-0.414286	780.78	0.24	0.258707	899.987	31.7515	39.0136	0.000109911
-0.0526936	-0.254588	780.78	0.24	0.257228	899.979	31.7084	39.0536	4.15065e-05
-0.0526954	-0.106501	780.78	0.24	0.255925	899.974	31.6824	39.073	7.26354e-06
-0.0526955	0.028544	780.78	0.24	0.254476	899.972	31.6521	39.0975	5.2176e-07
-0.0526939	0.150923	780.78	0.24	0.253074	899.974	31.605	39.1369	1.45865e-05
-0.0526909	0.26083	780.78	0.24	0.251495	899.978	31.5558	39.1791	4.35668e-05
-0.0526866	0.354416	780.78	0.24	0.249553	899.984	31.5338	39.1923	8.04391e-05
-0.0526813	0.436412	780.78	0.24	0.249129	899.993	31.5384	39.1675	0.000121965
-0.0526772	0.157741	780.78	0.24	0.247308	900.004	31.5428	39.2109	1.59343e-05
-0.0526746	0.2156	780.78	0.24	0.245689	900.008	31.5718	39.1454	2.97672e-05
-0.0526714	0.266364	780.78	0.24	0.245666	900.013	31.5876	39.1572	4.54351e-05
-0.0526675	0.314952	780.78	0.24	0.245407	900.019	31.6197	39.1068	6.35227e-05
-0.052663	0.359273	780.78	0.24	0.245352	900.027	31.6469	39.0748	8.2659e-05
-0.0526579	0.407808	780.78	0.24	0.245614	900.035	31.6749	39.0425	0.000106501
-0.0526522	0.459834	780.78	0.24	0.245987	900.045	31.7074	39.0064	0.000135408
-0.0526458	0.51493	780.78	0.24	0.246311	900.056	31.7492	38.9579	0.0001698
-0.0526386	0.573474	780.78	0.24	0.246633	900.068	31.8117	38.886	0.000210605
-0.0526307	0.632999	780.78	0.24	0.246553	900.082	31.8829	38.805	0.000256595
-0.0526221	0.690944	780.78	0.24	0.246337	900.097	31.963	38.7138	0.000305722
-0.0526127	0.746152	780.78	0.24	0.245942	900.113	32.0504	38.6168	0.00035653
-0.0526026	0.79603	780.78	0.24	0.245355	900.131	32.1448	38.5135	0.000405789
-0.052592	0.841983	780.78	0.24	0.244912	900.149	32.2275	38.4205	0.000453992
-0.0525808	0.884927	780.78	0.24	0.244633	900.169	32.3043	38.3335	0.000501483
-0.0525691	0.925054	780.78	0.24	0.244357	900.19	32.3803	38.246	0.000547993
-0.0525569	0.961112	780.78	0.24	0.244153	900.211	32.4613	38.1542	0.000591547
-0.0525442	0.998804	780.78	0.24	0.24438	900.233	32.5323	38.0748	0.000638854
-0.052531	1.03888	780.78	0.24	0.244556	900.257	32.613	37.9833	0.000691156
-0.0525173	1.07807	780.78	0.24	0.244644	900.281	32.6925	37.8844	0.000744273
-0.0525031	1.1182	780.78	0.24	0.244705	900.306	32.7604	37.8052	0.000800724
-0.0524884	1.16095	780.78	0.24	0.244851	900.332	32.8194	37.7373	0.000863114
-0.0524731	1.205	780.78	0.24	0.244936	900.359	32.8683	37.68	0.000929848
-0.0524572	1.24824	780.78	0.24	0.244941	900.387	32.9044	37.6291	0.000997782
-0.0524408	1.29409	780.78	0.24	0.24513	900.416	32.9383	37.5817	0.00107244
-0.0524238	1.34133	780.78	0.24	0.245349	900.446	32.9671	37.5425	0.00115217
-0.0524062	1.3878	780.78	0.24	0.245488	900.477	32.9912	37.5063	0.00123338
-0.0523879	1.43765	780.78	0.24	0.24565	900.51	33.0122	37.4768	0.00132356
-0.052369	1.49037	780.78	0.24	0.245928	900.543	33.0077	37.4712	0.00142242
-0.0523494	1.54417	780.78	0.24	0.245999	900.578	33.002	37.4661	0.00152698
-0.0523291	1.59808	780.78	0.24	0.245876	900.614	32.991	37.4658	0.00163544
-0.0523081	1.65018	780.78	0.24	0.245639	900.651	32.9828	37.4589	0.00174384
-0.0522865	1.69937	780.78	0.24	0.245141	900.689	32.9646	37.4666	0.00184934
-0.0522643	1.74266	780.78	0.24	0.244479	900.729	32.9334	37.4841	0.00194476
-0.0522416	1.7809	780.78	0.24	0.243969	900.769	32.8999	37.512	0.00203105
-0.0522185	1.81659	780.78	0.24	0.243858	900.811	32.852	37.555	0.00211328
-0.0521949	1.85135	780.78	0.24	0.243706	900.853	32.7929	37.6043	0.00219492
-0.0521709	1.88306	780.78	0.24	0.243367	900.896	32.7288	37.6598	0.00227075
-0.0521465	1.91185	780.78	0.24	0.242867	900.939	32.6618	37.7176	0.00234071
-0.0521217	1.93592	780.78	0.24	0.242393	900.984	32.589	37.7804	0.00240003
-0.0520968	1.95419	780.78	0.24	0.2421	901.028	32.5114	37.8467	0.00244555
-0.0520716	1.97282	780.78	0.24	0.241917	901.074	32.4201	37.9294	0.00249239
-0.0520461	1.98823	780.78	0.24	0.241498	901.119	32.3337	38.0072	0.00253149
-0.0520206	1.99846	780.78	0.24	0.240657	901.165	32.2718	38.0625	0.00255759
-0.0519949	2.00284	780.78	0.24	0.24026	901.211	32.2543	38.0668	0.00256882
-0.0519693	2.00374	780.78	0.24	0.239746	901.258	32.2258	38.0863	0.00257114
-0.0519436	1.99947	780.78	0.24	0.239104	901.304	32.1884	38.1142	0.00256018
-0.0519181	1.98787	780.78	0.24	0.238211	901.35	32.1287	38.1664	0.00253057
-0.0518928	1.96646	780.78	0.24	0.237176	901.396	32.0576	38.2315	0.00247635
-0.0518679	1.93625	780.78	0.24	0.236211	901.441	31.9808	38.2967	0.00240083
-0.0518435	1.898	780.78	0.24	0.23527	901.486	31.8979	38.3763	0.00230692
-0.0518196	1.85167	780.78	0.24	0.234355	901.529	31.8095	38.4619	0.00219568
-0.0517964	1.79789	780.78	0.24	0.233577	901.572	31.7326	38.5295	0.00206999
-0.0517739	1.73763	780.78	0.24	0.232879	901.613	31.6712	38.585	0.00193356
-0.0517523	1.67061	780.78	0.24	0.232022	901.653	31.6233	38.6236	0.00178728
-0.0517316	1.59443	780.78	0.24	0.230946	901.691	31.5785	38.6628	0.001628
-0.051712	1.50687	780.78	0.24	0.22971	901.727	31.5316	38.7045	0.00145409
-0.0516937	1.40902	780.78	0.24	0.228545	901.761	31.4786	38.7553	0.00127139
-0.0516766	1.30101	780.78	0.24	0.227384	901.793	31.4211	38.8086	0.00108393
-0.0516611	1.18199	780.78	0.24	0.226131	901.823	31.3642	38.8642	0.000894676
-0.0516472	1.0512	780.78	0.24	0.224874	901.849	31.3129	38.9134	0.000707633
-0.0516351	0.909192	780.78	0.24	0.223525	901.873	31.2682	38.9569	0.000529361
-0.0516249	0.753531	780.78	0.24	0.221973	901.893	31.2347	38.99	0.000363616
-0.0516169	0.58217	780.78	0.24	0.220417	901.909	31.2122	39.0151	0.00021704
-0.0516112	0.399527	780.78	0.24	0.219026	901.922	31.2045	39.024	0.000102219
-0.0516079	0.203965	780.78	0.24	0.217759	901.93	31.2008	39.0304	2.66413e-05
-0.0516073	-0.00183856	780.78	0.24	0.216686	901.933	31.2009	39.0358	2.16469e-09
-0.0516093	-0.2172	780.78	0.24	0.216028	901.932	31.2057	39.0419	3.02107e-05
-0.0516142	-0.437258	780.78	0.24	0.215489	901.926	31.2183	39.034	0.000122438
-0.051622	-0.661348	780.78	0.24	0.215088	901.915	31.2295	39.0294	0.000280093
-0.0516326	-0.887702	780.78	0.24	0.215128	901.898	31.2501	39.0153	0.000504634
-0.0516461	-1.11274	780.78	0.24	0.215261	901.876	31.2749	38.9986	0.000792913
-0.0516625	-1.33695	780.78	0.24	0.215427	901.849	31.3014	38.9775	0.00114464
-0.0516818	-1.56143	780.78	0.24	0.215684	901.817	31.3285	38.9605	0.0015613
-0.0517039	-1.78026	780.78	0.24	0.216055	901.78	31.3571	38.9445	0.00202959
-0.0517288	-1.99671	780.78	0.24	0.216488	901.737	31.3807	38.9317	0.00255311
-0.0517564	-2.20763	780.78	0.24	0.217115	901.69	31.3867	38.9436	0.00312101
-0.0517866	-2.41331	780.78	0.24	0.217807	901.638	31.3844	38.9599	0.00372964
-0.0518195	-2.61336	780.78	0.24	0.218433	901.581	31.3845	38.974	0.00437362
-0.0518548	-2.80671	780.78	0.24	0.219102	901.519	31.4079	38.9561	0.00504473
-0.0518926	-2.99544	780.78	0.24	0.219762	901.454	31.4508	38.9301	0.00574595
-0.0519327	-3.17792	780.78	0.24	0.220193	901.383	31.4959	38.9045	0.00646737
-0.0519751	-3.35907	780.78	0.24	0.220599	901.309	31.5476	38.8778	0.00722571
-0.0520198	-3.53404	780.78	0.24	0.221365	901.23	31.6006	38.8406	0.00799804
-0.0520667	-3.70202	780.78	0.24	0.222048	901.148	31.6487	38.8138	0.00877644
-0.0521156	-3.86253	780.78	0.24	0.222953	901.061	31.6961	38.7936	0.00955401
-0.0521666	-4.01533	780.78	0.24	0.223716	900.971	31.745	38.7689	0.0103249
-0.0522194	-4.16093	780.78	0.24	0.224634	900.878	31.7972	38.7426	0.0110872
-0.052274	-4.29516	780.78	0.24	0.226262	900.781	31.8475	38.7261	0.0118141
-0.0523302	-4.41499	780.78	0.24	0.227811	900.681	31.9281	38.6715	0.0124825
-0.0523878	-4.52179	780.78	0.24	0.229132	900.579	32.0242	38.6064	0.0130937
-0.0524466	-4.61714	780.78	0.24	0.230374	900.474	32.1141	38.551	0.0136517
-0.0525066	-4.70315	780.78	0.24	0.231587	900.367	32.1915	38.4973	0.0141651
-0.0525675	-4.77569	780.78	0.24	0.233167	900.258	32.2453	38.4751	0.0146054
-0.0526292	-4.83245	780.78	0.24	0.234927	900.148	32.2928	38.4557	0.0149546
-0.0526915	-4.87412	780.78	0.24	0.236508	900.036	32.3337	38.4458	0.0152136
-0.0527543	-4.90277	780.78	0.24	0.238309	899.923	32.3776	38.4362	0.015393
-0.0528172	-4.91336	780.78	0.24	0.240114	899.81	32.4339	38.4119	0.0154596
-0.0528801	-4.90932	780.78	0.24	0.241489	899.697	32.4881	38.3895	0.0154342
-0.0529428	-4.89477	780.78	0.24	0.242536	899.584	32.5451	38.3594	0.0153429
-0.0530053	-4.8718	780.78	0.24	0.243274	899.471	32.5937	38.3433	0.0151992
-0.0530674	-4.8444	780.78	0.24	0.243641	899.359	32.6326	38.3373	0.0150287
-0.0531291	-4.81428	780.78	0.24	0.243919	899.248	32.6671	38.3343	0.0148424
-0.0531905	-4.78132	780.78	0.24	0.244138	899.137	32.6913	38.3425	0.0146399
-0.0532514	-4.74877	780.78	0.24	0.24401	899.027	32.7101	38.3555	0.0144412
-0.0533119	-4.71765	780.78	0.24	0.243846	898.918	32.7269	38.3727	0.0142526
-0.053372	-4.68799	780.78	0.24	0.243586	898.81	32.7447	38.3867	0.0140739
-0.0534318	-4.65952	780.78	0.24	0.243676	898.702	32.7722	38.3906	0.0139035
-0.0534912	-4.63058	780.78	0.24	0.244106	898.595	32.8136	38.3708	0.0137313
-0.0535501	-4.5918	780.78	0.24	0.245205	898.488	32.8445	38.373	0.0135023
-0.0536085	-4.54441	780.78	0.24	0.246389	898.383	32.8833	38.3615	0.013225
-0.0536661	-4.48683	780.78	0.24	0.247402	898.279	32.9282	38.3482	0.012892
-0.0537229	-4.41982	780.78	0.24	0.248429	898.176	32.9747	38.3318	0.0125098
-0.0537788	-4.34347	780.78	0.24	0.249447	898.075	33.022	38.3154	0.0120813
-0.0538336	-4.258	780.78	0.24	0.25054	897.975	33.0573	38.3097	0.0116106
-0.0538872	-4.16104	780.78	0.24	0.2519	897.878	33.0716	38.3292	0.0110878
-0.0539395	-4.04996	780.78	0.24	0.253749	897.783	33.0657	38.3649	0.0105037
-0.0539901	-3.92309	780.78	0.24	0.255269	897.69	33.0323	38.4281	0.00985593
-0.0540391	-3.78764	780.78	0.24	0.256045	897.601	33.0098	38.4892	0.00918709
-0.0540862	-3.63694	780.78	0.24	0.258127	897.515	33.0161	38.5182	0.0084706
-0.0541311	-3.46845	780.78	0.24	0.259992	897.432	33.0239	38.5388	0.00770395
-0.0541738	-3.28586	780.78	0.24	0.261378	897.353	33.0367	38.5568	0.00691418
-0.0542141	-3.09238	780.78	0.24	0.262275	897.279	33.0688	38.5536	0.0061239
-0.0542517	-2.89088	780.78	0.24	0.263246	897.209	33.1066	38.5389	0.0053518
-0.0542867	-2.67836	780.78	0.24	0.264547	897.144	33.1295	38.5501	0.00459386
-0.0543189	-2.45498	780.78	0.24	0.265794	897.083	33.1584	38.5382	0.00385957
-0.0543481	-2.22648	780.78	0.24	0.266897	897.028	33.1728	38.5463	0.00317452
-0.0543743	-1.98272	780.78	0.24	0.268078	896.979	33.1676	38.5741	0.00251746
-0.0543973	-1.72945	780.78	0.24	0.269419	896.935	33.1556	38.5993	0.0019154
-0.0544169	-1.45961	780.78	0.24	0.271107	896.896	33.1347	38.6389	0.00136432
-0.0544328	-1.17574	780.78	0.24	0.272666	896.864	33.1106	38.6785	0.000885252
-0.054445	-0.877321	780.78	0.24	0.274089	896.839	33.0878	38.7167	0.0004929
-0.0544533	-0.566094	780.78	0.24	0.275523	896.821	33.0647	38.7536	0.000205219
-0.0544575	-0.242738	780.78	0.24	0.276674	896.809	33.0427	38.7876	3.77327e-05
-0.0544574	0.0904602	780.78	0.24	0.277624	896.806	33.029	38.8102	5.2403e-06
-0.054453	0.4306	780.78	0.24	0.278447	896.81	33.0128	38.8378	0.000118738
-0.0544441	0.776996	780.78	0.24	0.27918	896.822	32.9985	38.857	0.000386615
-0.0544308	1.13165	780.78	0.24	0.279788	896.842	32.9883	38.8721	0.000820093
-0.0544129	1.49019	780.78	0.24	0.280114	896.87	32.9849	38.8785	0.00142208
-0.0543903	1.85109	780.78	0.24	0.280419	896.906	32.9948	38.8661	0.00219431
-0.0543631	2.21488	780.78	0.24	0.280814	896.951	33.0046	38.8525	0.00314152
-0.0543312	2.58136	780.78	0.24	0.280985	897.004	33.0262	38.8274	0.00426716
-0.0542946	2.95115	780.78	0.24	0.281052	897.065	33.0603	38.7861	0.0055773
-0.0542533	3.32008	780.78	0.24	0.280742	897.135	33.0974	38.7373	0.00705892
-0.0542072	3.68544	780.78	0.24	0.280359	897.213	33.1282	38.6897	0.008698
-0.0541566	4.04867	780.78	0.24	0.279994	897.3	33.1375	38.6657	0.010497
-0.0541013	4.40739	780.78	0.24	0.279414	897.395	33.1382	38.6512	0.0124395
-0.0540414	4.76094	780.78	0.24	0.278745	897.499	33.1355	38.6357	0.0145153
-0.0539771	5.10847	780.78	0.24	0.277936	897.61	33.1246	38.6269	0.0167118
-0.0539084	5.44774	780.78	0.24	0.276908	897.729	33.1106	38.6218	0.0190053
-0.0538355	5.77571	780.78	0.24	0.275866	897.857	33.0882	38.6154	0.0213625
-0.0537584	6.09712	780.78	0.24	0.274748	897.991	33.0632	38.6142	0.0238062
-0.0536773	6.40695	780.78	0.24	0.273307	898.133	33.0424	38.6086	0.0262872
-0.0535924	6.70277	780.78	0.24	0.271736	898.282	33.0352	38.5878	0.0287706
-0.0535039	6.98517	780.78	0.24	0.270013	898.438	33.0382	38.5532	0.0312461
-0.0534118	7.25118	780.78	0.24	0.267995	898.601	33.0448	38.5158	0.0336712
-0.0533166	7.49611	780.78	0.24	0.265593	898.769	33.0607	38.4682	0.0359843
-0.0532184	7.72016	780.78	0.24	0.262967	898.943	33.0864	38.4086	0.0381675
-0.0531176	7.91969	780.78	0.24	0.26024	899.122	33.1145	38.3439	0.0401659
-0.0530144	8.09559	780.78	0.24	0.257821	899.305	33.1269	38.3061	0.0419699
-0.0529093	8.25091	780.78	0.24	0.255436	899.493	33.1339	38.2661	0.0435958
-0.0528023	8.38504	780.78	0.24	0.25303	899.684	33.1394	38.2277	0.0450248
-0.0526938	8.49647	780.78	0.24	0.250528	899.878	33.1426	38.19	0.0462294
-0.0525841	8.58645	780.78	0.24	0.248153	900.074	33.1488	38.1491	0.0472138
-0.0524734	8.65455	780.78	0.24	0.245695	900.273	33.1605	38.1015	0.0479657
-0.0523621	8.70301	780.78	0.24	0.243567	900.472	33.1642	38.0606	0.0485043
-0.0522504	8.73278	780.78	0.24	0.24156	900.673	33.1662	38.0271	0.0488367
-0.0521384	8.74375	780.78	0.24	0.239437	900.875	33.1645	37.997	0.0489595
-0.0520265	8.73433	780.78	0.24	0.237142	901.077	33.1631	37.9655	0.0488541
-0.0519149	8.7025	780.78	0.24	0.234788	901.278	33.1545	37.9384	0.0484986
-0.0518039	8.65227	780.78	0.24	0.232856	901.479	33.1313	37.9309	0.0479404
-0.0516937	8.58625	780.78	0.24	0.231093	901.678	33.1134	37.9187	0.0472116
-0.0515846	8.50348	780.78	0.24	0.229056	901.876	33.1115	37.8927	0.0463057
-0.0514766	8.40099	780.78	0.24	0.22669	902.072	33.1198	37.8575	0.0451963
-0.0513702	8.27474	780.78	0.24	0.223937	902.266	33.1312	37.8223	0.043848
-0.0512657	8.12223	780.78	0.24	0.221018	902.456	33.1444	37.7833	0.0422466
-0.0511633	7.94283	780.78	0.24	0.217932	902.643	33.1519	37.7533	0.040401
-0.0510636	7.73614	780.78	0.24	0.214849	902.825	33.1607	37.7244	0.0383257
-0.0509667	7.50068	780.78	0.24	0.21168	903.003	33.1697	37.6987	0.0360282
-0.0508732	7.23662	780.78	0.24	0.208795	903.175	33.1904	37.6629	0.0335361
-0.0507832	6.94699	780.78	0.24	0.205882	903.341	33.213	37.6271	0.0309054
-0.0506973	6.631	780.78	0.24	0.20298	903.5	33.2343	37.5944	0.0281578
-0.0506156	6.28963	780.78	0.24	0.200336	903.651	33.2382	37.585	0.0253333
-0.0505385	5.92413	780.78	0.24	0.197788	903.795	33.2376	37.5782	0.0224745
-0.0504664	5.53574	780.78	0.24	0.195334	903.93	33.2333	37.5799	0.0196242
-0.0503994	5.12616	780.78	0.24	0.193229	904.056	33.2217	37.5956	0.0168278
-0.0503378	4.6987	780.78	0.24	0.191377	904.172	33.2052	37.6154	0.0141383
-0.0502819	4.25505	780.78	0.24	0.18969	904.278	33.1903	37.6351	0.0115945
-0.0502318	3.79667	780.78	0.24	0.188221	904.374	33.1827	37.6497	0.00923095
-0.0501877	3.32452	780.78	0.24	0.186854	904.459	33.1748	37.6683	0.00707781
-0.0501497	2.84106	780.78	0.24	0.18565	904.534	33.1674	37.6875	0.00516896
-0.0501181	2.34583	780.78	0.24	0.184535	904.597	33.1656	37.7043	0.00352399
-0.0500929	1.84123	780.78	0.24	0.183822	904.648	33.1585	37.7275	0.00217099
-0.0500742	1.33157	780.78	0.24	0.18349	904.688	33.155	37.7541	0.00113546
-0.050062	0.820968	780.78	0.24	0.183651	904.716	33.1694	37.7622	0.000431612
-0.0500565	0.305677	780.78	0.24	0.18407	904.732	33.2088	37.7616	5.98365e-05
-0.0500574	-0.199479	780.78	0.24	0.184448	904.736	33.2539	37.7186	2.54821e-05
-0.0500655	-0.807008	780.78	0.24	0.184133	904.728	33.2776	37.8606	0.000417058
-0.0500811	-1.38118	780.78	0.24	0.185454	904.707	33.3089	38.0313	0.00122164
-0.0501035	-1.86762	780.78	0.24	0.187445	904.672	33.2525	38.1158	0.00223367
-0.0501319	-2.33814	780.78	0.24	0.189323	904.626	33.2406	38.1665	0.00350093
-0.0501662	-2.78819	780.78	0.24	0.191792	904.569	33.2134	38.2476	0.00497834
-0.0502061	-3.21568	780.78	0.24	0.194432	904.502	33.1523	38.3515	0.00662196
-0.0502512	-3.61964	780.78	0.24	0.197059	904.425	33.0808	38.4705	0.00839017
-0.0503012	-4.00061	780.78	0.24	0.199729	904.339	33.0027	38.5949	0.0102493
-0.0503559	-4.35545	780.78	0.24	0.20293	904.244	32.8987	38.7578	0.0121481
-0.0504148	-4.6822	780.78	0.24	0.206469	904.141	32.8087	38.9035	0.0140391
-0.0504776	-4.97331	780.78	0.24	0.210281	904.031	32.7336	39.0353	0.0158392
-0.0505438	-5.23106	780.78	0.24	0.214081	903.914	32.6708	39.1527	0.0175235
-0.050613	-5.45431	780.78	0.24	0.217831	903.792	32.6241	39.2561	0.0190511
-0.0506847	-5.64461	780.78	0.24	0.221432	903.664	32.5966	39.3456	0.0204037
-0.0507586	-5.80209	780.78	0.24	0.225027	903.533	32.5801	39.4275	0.0215581
-0.0508341	-5.92722	780.78	0.24	0.228584	903.398	32.5775	39.4951	0.022498
-0.050911	-6.02309	780.78	0.24	0.231871	903.26	32.5863	39.5507	0.0232317
-0.0509888	-6.08886	780.78	0.24	0.234975	903.12	32.6021	39.6004	0.0237417
-0.0510671	-6.12786	780.78	0.24	0.237748	902.979	32.6207	39.6485	0.0240469
-0.0511458	-6.14465	780.78	0.24	0.240077	902.837	32.6404	39.6968	0.0241789
-0.0512245	-6.14299	780.78	0.24	0.242145	902.695	32.6576	39.7449	0.0241658
-0.051303	-6.12115	780.78	0.24	0.244064	902.553	32.6726	39.7976	0.0239943
-0.051381	-6.08441	780.78	0.24	0.245629	902.412	32.6913	39.8476	0.0237071
-0.0514584	-6.03277	780.78	0.24	0.247235	902.272	32.7169	39.8911	0.0233063
-0.0515351	-5.96675	780.78	0.24	0.248959	902.133	32.7403	39.9336	0.0227991
-0.0516107	-5.88479	780.78	0.24	0.250729	901.995	32.7521	39.993	0.022177
-0.0516851	-5.7878	780.78	0.24	0.252418	901.86	32.7513	40.0645	0.0214521
-0.0517582	-5.67477	780.78	0.24	0.253944	901.727	32.7458	40.136	0.0206223
-0.0518297	-5.55182	780.78	0.24	0.254812	901.596	32.7491	40.2004	0.0197384
-0.0518995	-5.41872	780.78	0.24	0.255959	901.469	32.7638	40.2357	0.0188033
-0.0519675	-5.27078	780.78	0.24	0.25802	901.345	32.7591	40.3107	0.0177906
-0.0520334	-5.10765	780.78	0.24	0.259394	901.224	32.7803	40.3498	0.0167065
-0.0520972	-4.9342	780.78	0.24	0.260553	901.107	32.8126	40.3837	0.015591
-0.0521586	-4.75144	780.78	0.24	0.26134	900.994	32.8583	40.3984	0.0144574
-0.0522176	-4.56199	780.78	0.24	0.262042	900.886	32.8973	40.4179	0.0133275
-0.0522742	-4.36553	780.78	0.24	0.262649	900.782	32.9267	40.4465	0.0122044
-0.0523281	-4.16355	780.78	0.24	0.263265	900.682	32.9493	40.4777	0.0111012
-0.0523795	-3.95543	780.78	0.24	0.263858	900.587	32.9667	40.5141	0.0100191
-0.0524281	-3.74152	780.78	0.24	0.264493	900.497	33.0084	40.5243	0.00896472
-0.0524739	-3.5234	780.78	0.24	0.264935	900.412	33.0417	40.5434	0.00794995
-0.0525169	-3.30135	780.78	0.24	0.265435	900.332	33.063	40.5688	0.00697951
-0.052557	-3.07236	780.78	0.24	0.266169	900.257	33.0464	40.6335	0.00604486
-0.052594	-2.83773	780.78	0.24	0.266591	900.188	33.014	40.7113	0.00515682
-0.0526281	-2.60305	780.78	0.24	0.266764	900.124	32.9833	40.7977	0.00433917
-0.0526592	-2.36416	780.78	0.24	0.266944	900.065	32.9673	40.8554	0.00357928
-0.0526871	-2.12541	780.78	0.24	0.266925	900.012	32.9589	40.9082	0.00289287
-0.052712	-1.88617	780.78	0.24	0.266797	899.965	32.9587	40.9471	0.00227825
-0.0527339	-1.64897	780.78	0.24	0.266518	899.922	32.9598	40.9834	0.00174128
-0.0527528	-1.41334	780.78	0.24	0.266209	899.886	32.956	41.0223	0.00127919
-0.0527686	-1.18239	780.78	0.24	0.265638	899.855	32.9501	41.0618	0.000895291
-0.0527816	-0.955921	780.78	0.24	0.264974	899.829	32.9576	41.0841	0.000585174
-0.0527917	-0.736113	780.78	0.24	0.264253	899.808	32.9785	41.0921	0.000347
-0.0527991	-0.5222	780.78	0.24	0.263542	899.792	33.0005	41.0966	0.000174629
-0.0528037	-0.313718	780.78	0.24	0.262945	899.781	33.0128	41.1088	6.30261e-05
-0.0528058	-0.110024	780.78	0.24	0.262417	899.775	33.0237	41.1226	7.75206e-06
-0.0528053	0.0879662	780.78	0.24	0.261606	899.774	33.0315	41.1365	4.95534e-06
-0.0528023	0.276529	780.78	0.24	0.260688	899.777	33.0336	41.1601	4.89693e-05
-0.052797	0.458197	780.78	0.24	0.260008	899.785	33.0433	41.1672	0.000134445
-0.0527894	0.635414	780.78	0.24	0.259312	899.796	33.0563	41.1723	0.000258556
-0.0527797	0.804552	780.78	0.24	0.258248	899.812	33.0702	41.174	0.000414524
-0.0527678	0.964577	780.78	0.24	0.257149	899.831	33.0823	41.178	0.00059582
-0.052754	1.11258	780.78	0.24	0.255876	899.854	33.0978	41.1763	0.000792696
-0.0527384	1.24963	780.78	0.24	0.25468	899.881	33.1159	41.1731	0.00100002
-0.0527212	1.37476	780.78	0.24	0.253627	899.91	33.1425	41.1596	0.0012103
-0.0527024	1.4943	780.78	0.24	0.25289	899.943	33.1795	41.1331	0.00142994
-0.0526822	1.60827	780.78	0.24	0.252157	899.978	33.2153	41.1048	0.00165637
-0.0526606	1.71385	780.78	0.24	0.25105	900.016	33.2551	41.0698	0.00188099
-0.0526377	1.80951	780.78	0.24	0.249931	900.056	33.2903	41.0404	0.00209682
-0.0526137	1.89489	780.78	0.24	0.248869	900.098	33.3221	41.0111	0.00229938
-0.0525887	1.97118	780.78	0.24	0.247884	900.142	33.3402	41.0009	0.00248824
-0.0525627	2.03941	780.78	0.24	0.246941	900.188	33.3467	40.9967	0.0026635
-0.0525361	2.097	780.78	0.24	0.245905	900.235	33.3426	41.0035	0.00281604
-0.0525087	2.14827	780.78	0.24	0.245204	900.284	33.3184	41.0289	0.00295542
-0.0524807	2.19441	780.78	0.24	0.244686	900.334	33.2647	41.0863	0.00308374
-0.0524522	2.23478	780.78	0.24	0.244127	900.385	33.1965	41.157	0.00319824
-0.0524233	2.27071	780.78	0.24	0.243687	900.437	33.1532	41.1975	0.00330189
-0.0523939	2.30219	780.78	0.24	0.243007	900.489	33.125	41.2252	0.00339409
-0.0523642	2.32594	780.78	0.24	0.24199	900.542	33.1099	41.238	0.00346448
-0.0523342	2.33778	780.78	0.24	0.240803	900.596	33.106	41.2362	0.00349983
-0.0523043	2.33848	780.78	0.24	0.239639	900.65	33.1105	41.228	0.00350195
-0.0522744	2.33142	780.78	0.24	0.238496	900.704	33.1181	41.2164	0.00348083
-0.0522447	2.31224	780.78	0.24	0.237194	900.758	33.1219	41.2082	0.0034238
-0.0522153	2.28289	780.78	0.24	0.236015	900.811	33.12	41.2068	0.00333742
-0.0521865	2.24334	780.78	0.24	0.234977	900.863	33.1111	41.2108	0.00322279
-0.0521582	2.19501	780.78	0.24	0.233966	900.915	33.0911	41.2272	0.00308543
-0.0521306	2.13552	780.78	0.24	0.233159	900.965	33.0638	41.2466	0.00292044
-0.0521039	2.07058	780.78	0.24	0.232869	901.014	33.0489	41.2641	0.00274553
-0.052078	2.0062	780.78	0.24	0.232767	901.062	33.0562	41.2515	0.00257745
-0.0520529	1.94137	780.78	0.24	0.232563	901.108	33.0674	41.2351	0.00241356
-0.0520287	1.8728	780.78	0.24	0.232341	901.152	33.0784	41.2183	0.00224608
-0.0520054	1.80318	780.78	0.24	0.232057	901.195	33.0858	41.2065	0.00208218
-0.051983	1.73027	780.78	0.24	0.23186	901.236	33.1052	41.1847	0.0019172
-0.0519615	1.65642	780.78	0.24	0.23184	901.276	33.1303	41.1545	0.00175703
-0.051941	1.58517	780.78	0.24	0.232209	901.313	33.1427	41.1352	0.00160914
-0.0519214	1.51837	780.78	0.24	0.232821	901.35	33.1445	41.1298	0.00147638
-0.0519025	1.45655	780.78	0.24	0.233377	901.384	33.1431	41.1247	0.0013586
-0.0518844	1.39974	780.78	0.24	0.234078	901.418	33.1525	41.108	0.00125468
-0.051867	1.34921	780.78	0.24	0.23464	901.45	33.1632	41.0906	0.00116573
-0.0518502	1.30251	780.78	0.24	0.235031	901.48	33.1714	41.0733	0.00108644
-0.0518339	1.25949	780.78	0.24	0.235267	901.51	33.1734	41.0651	0.00101586
-0.0518182	1.21736	780.78	0.24	0.235229	901.539	33.175	41.0553	0.000949034
-0.051803	1.17342	780.78	0.24	0.234873	901.567	33.1766	41.047	0.000881762
-0.0517884	1.12399	780.78	0.24	0.234348	901.594	33.1794	41.0406	0.000809028
-0.0517745	1.06973	780.78	0.24	0.233775	901.619	33.189	41.0218	0.000732813
-0.0517614	1.00892	780.78	0.24	0.23328	901.644	33.1943	41.0087	0.000651855
-0.0517491	0.94425	780.78	0.24	0.232882	901.667	33.2009	40.9953	0.000570972
-0.0517376	0.878805	780.78	0.24	0.232567	901.688	33.2071	40.981	0.000494568
-0.051727	0.80978	780.78	0.24	0.232374	901.708	33.2211	40.9544	0.000419929
-0.0517173	0.740943	780.78	0.24	0.232591	901.726	33.2474	40.9182	0.000351569
-0.0517085	0.674716	780.78	0.24	0.232873	901.743	33.268	40.8903	0.00029153
-0.0517004	0.611809	780.78	0.24	0.233159	901.758	33.2816	40.8694	0.000239703
-0.0516932	0.551591	780.78	0.24	0.233579	901.772	33.2754	40.8761	0.000194839
-0.0516867	0.496364	780.78	0.24	0.234244	901.785	33.2629	40.8823	0.000157776
-0.0516808	0.447159	780.78	0.24	0.234792	901.796	33.2721	40.8527	0.000128046
-0.0516755	0.401385	780.78	0.24	0.235154	901.806	33.297	40.8176	0.000103172
-0.0516708	0.358552	780.78	0.24	0.235306	901.815	33.3184	40.7855	8.23278e-05
-0.0516666	0.314413	780.78	0.24	0.23504	901.823	33.3395	40.7561	6.33056e-05
-0.051663	0.26844	780.78	0.24	0.234735	901.83	33.3528	40.7346	4.6146e-05
-0.0516601	0.216716	780.78	0.24	0.234296	901.836	33.3611	40.718	3.00761e-05
-0.0516578	0.165609	780.78	0.24	0.234352	901.84	33.361	40.7083	1.75633e-05
-0.0516561	0.114085	780.78	0.24	0.234273	901.844	33.3539	40.7051	8.33484e-06
-0.0516552	0.0607543	780.78	0.24	0.2342	901.846	33.327	40.724	2.36372e-06
-0.0516549	0.00779695	780.78	0.24	0.234121	901.847	33.2928	40.7492	3.89306e-08
-0.0516553	-0.0457372	780.78	0.24	0.234018	901.847	33.2694	40.7632	1.33962e-06
-0.0516564	-0.101546	780.78	0.24	0.233687	901.846	33.2673	40.7559	6.60342e-06
-0.0516583	-0.159051	780.78	0.24	0.233671	901.843	33.2818	40.7297	1.62e-05
-0.0516609	-0.216758	780.78	0.24	0.233614	901.839	33.2954	40.707	3.0088e-05
-0.0516642	-0.275598	780.78	0.24	0.233498	901.834	33.3032	40.6901	4.86401e-05
-0.0516683	-0.334906	780.78	0.24	0.233541	901.827	33.306	40.6787	7.1827e-05
-0.0516732	-0.393458	780.78	0.24	0.233683	901.819	33.321	40.6528	9.91377e-05
-0.0516788	-0.45056	780.78	0.24	0.233917	901.81	33.3375	40.6246	0.000130001
-0.0516851	-0.504964	780.78	0.24	0.234343	901.799	33.3508	40.6011	0.000163291
-0.051692	-0.554273	780.78	0.24	0.235138	901.787	33.3623	40.5677	0.000196738
-0.0516995	-0.595079	780.78	0.24	0.235868	901.774	33.372	40.5495	0.000226772
-0.0517075	-0.629806	780.78	0.24	0.236651	901.76	33.3767	40.5433	0.000254012
-0.0517158	-0.656221	780.78	0.24	0.237764	901.745	33.3885	40.5217	0.000275767
-0.0517244	-0.672447	780.78	0.24	0.238785	901.73	33.4224	40.4763	0.000289572
-0.0517331	-0.681058	780.78	0.24	0.239928	901.714	33.4644	40.4199	0.000297036
-0.0517418	-0.67672	780.78	0.24	0.241337	901.699	33.5212	40.3513	0.000293264
-0.0517503	-0.660831	780.78	0.24	0.242475	901.683	33.597	40.2655	0.000279654
-0.0517585	-0.635523	780.78	0.24	0.243269	901.668	33.6846	40.1645	0.000258645
-0.0517664	-0.604324	780.78	0.24	0.243703	901.653	33.7669	40.0706	0.000233873
-0.0517738	-0.571628	780.78	0.24	0.243655	901.64	33.8352	39.9889	0.000209251
-0.0517808	-0.540364	780.78	0.24	0.243431	901.627	33.8848	39.9252	0.000186988
-0.0517875	-0.511935	780.78	0.24	0.243014	901.614	33.9078	39.8883	0.00016783
-0.0517938	-0.488701	780.78	0.24	0.242439	901.603	33.8988	39.8816	0.000152943
-0.0517999	-0.470674	780.78	0.24	0.241746	901.592	33.8744	39.8921	0.000141867
-0.0518058	-0.460987	780.78	0.24	0.240581	901.581	33.8577	39.9001	0.000136088
-0.0518117	-0.463683	780.78	0.24	0.239101	901.57	33.8675	39.8806	0.000137684
-0.0518178	-0.483347	780.78	0.24	0.236735	901.559	33.9707	39.759	0.00014961
-0.0518243	-0.52906	780.78	0.24	0.235456	901.548	34.0335	39.6556	0.000179247
-0.0518315	-0.572014	780.78	0.24	0.235364	901.536	34.0051	39.6687	0.000209534
-0.0518392	-0.612946	780.78	0.24	0.235626	901.522	33.9737	39.705	0.000240594
-0.0518475	-0.653256	780.78	0.24	0.235667	901.508	33.983	39.6772	0.00027328
-0.0518562	-0.692945	780.78	0.24	0.235639	901.492	34.0008	39.647	0.000307496
-0.0518655	-0.733985	780.78	0.24	0.235471	901.476	34.0258	39.6098	0.000344997
-0.0518753	-0.774115	780.78	0.24	0.235761	901.459	34.0506	39.5776	0.000383754
-0.0518856	-0.813029	780.78	0.24	0.236143	901.441	34.1032	39.5121	0.000423305
-0.0518963	-0.846416	780.78	0.24	0.236618	901.422	34.1465	39.4548	0.000458785
-0.0519074	-0.876808	780.78	0.24	0.236706	901.402	34.1675	39.4191	0.000492323
-0.051919	-0.909546	780.78	0.24	0.236139	901.382	34.1527	39.42	0.000529774
-0.051931	-0.952075	780.78	0.24	0.23486	901.361	34.1086	39.454	0.000580475
-0.0519437	-1.01115	780.78	0.24	0.232869	901.338	34.0914	39.4603	0.000654746
-0.0519574	-1.08455	780.78	0.24	0.231133	901.315	34.1359	39.4515	0.000753254
-0.051972	-1.16532	780.78	0.24	0.23134	901.289	34.0896	39.4838	0.000869618
-0.0519877	-1.24533	780.78	0.24	0.231347	901.262	34.0839	39.4744	0.000993145
-0.0520045	-1.33447	780.78	0.24	0.231618	901.233	34.0901	39.4229	0.0011404
-0.0520223	-1.40917	780.78	0.24	0.23229	901.201	34.0806	39.416	0.00127165
-0.052041	-1.47702	780.78	0.24	0.232961	901.168	34.0737	39.4059	0.00139705
-0.0520605	-1.53865	780.78	0.24	0.233632	901.134	34.0522	39.4192	0.00151607
-0.0520808	-1.59399	780.78	0.24	0.234303	901.098	34.0025	39.4611	0.0016271
-0.0521017	-1.64525	780.78	0.24	0.234477	901.061	33.9191	39.5361	0.00173343
-0.0521232	-1.69715	780.78	0.24	0.234346	901.023	33.8604	39.5832	0.00184451
-0.0521455	-1.74865	780.78	0.24	0.234544	900.983	33.811	39.6199	0.00195815
-0.0521683	-1.79735	780.78	0.24	0.234958	900.943	33.7551	39.6648	0.00206874
-0.0521918	-1.8402	780.78	0.24	0.235694	900.901	33.6864	39.7207	0.00216855
-0.0522157	-1.87689	780.78	0.24	0.236334	900.858	33.6105	39.7855	0.00225589
-0.05224	-1.90782	780.78	0.24	0.237355	900.815	33.5257	39.8576	0.00233087
-0.0522647	-1.92895	780.78	0.24	0.238546	900.771	33.4529	39.9213	0.00238278
-0.0522895	-1.93624	780.78	0.24	0.239966	900.726	33.3927	39.9692	0.00240082
-0.0523142	-1.93171	780.78	0.24	0.241286	900.681	33.3423	40.0081	0.0023896
-0.0523389	-1.91839	780.78	0.24	0.24238	900.637	33.2994	40.0413	0.00235677
-0.0523632	-1.89429	780.78	0.24	0.243447	900.593	33.263	40.0661	0.00229792
-0.0523872	-1.86135	780.78	0.24	0.244022	900.549	33.2285	40.0874	0.00221871
-0.0524107	-1.82467	780.78	0.24	0.24425	900.506	33.1981	40.1044	0.00213212
-0.0524337	-1.78857	780.78	0.24	0.244342	900.465	33.1733	40.1204	0.00204858
-0.0524562	-1.74926	780.78	0.24	0.24464	900.424	33.1494	40.1303	0.00195953
-0.0524782	-1.7065	780.78	0.24	0.245211	900.383	33.1155	40.1518	0.00186489
-0.0524996	-1.65791	780.78	0.24	0.245824	900.344	33.0817	40.1714	0.00176021
-0.0525203	-1.60377	780.78	0.24	0.246402	900.306	33.0469	40.1922	0.00164712
-0.0525403	-1.54599	780.78	0.24	0.246859	900.27	33.0207	40.2023	0.00153057
-0.0525595	-1.48373	780.78	0.24	0.247326	900.234	33.0032	40.1991	0.00140978
-0.0525779	-1.41823	780.78	0.24	0.247696	900.201	32.988	40.1931	0.00128806
-0.0525954	-1.34883	780.78	0.24	0.248023	900.168	32.9594	40.2016	0.00116508
-0.052612	-1.27584	780.78	0.24	0.248364	900.138	32.9134	40.2313	0.0010424
-0.0526276	-1.2011	780.78	0.24	0.248538	900.109	32.8594	40.2632	0.000923841
-0.0526422	-1.12519	780.78	0.24	0.24853	900.081	32.8028	40.2994	0.000810757
-0.0526559	-1.04926	780.78	0.24	0.248415	900.056	32.739	40.343	0.000705027
-0.0526686	-0.975593	780.78	0.24	0.248054	900.032	32.6796	40.3808	0.000609506
-0.0526804	-0.904658	780.78	0.24	0.247759	900.01	32.6127	40.4349	0.000524095
-0.0526914	-0.836934	780.78	0.24	0.24749	899.99	32.5456	40.4789	0.000448563
-0.0527014	-0.770751	780.78	0.24	0.247294	899.971	32.4917	40.5087	0.000380425
-0.0527107	-0.707616	780.78	0.24	0.246903	899.953	32.4561	40.5202	0.000320654
-0.0527192	-0.651159	780.78	0.24	0.246812	899.937	32.4378	40.5071	0.000271528
-0.052727	-0.590273	780.78	0.24	0.247338	899.923	32.4236	40.4963	0.000223124
-0.0527339	-0.52198	780.78	0.24	0.248074	899.91	32.4142	40.479	0.000174482
-0.0527399	-0.448343	780.78	0.24	0.248874	899.898	32.3942	40.4647	0.000128725
-0.0527448	-0.367512	780.78	0.24	0.249707	899.888	32.3583	40.4691	8.64937e-05
-0.0527487	-0.276914	780.78	0.24	0.250437	899.88	32.3068	40.4917	4.91054e-05
-0.0527513	-0.182208	780.78	0.24	0.250717	899.874	32.2432	40.5256	2.12606e-05
-0.0527527	-0.0870266	780.78	0.24	0.251201	899.871	32.1933	40.5435	4.85004e-06
-0.0527528	0.0175235	780.78	0.24	0.252129	899.869	32.1694	40.5345	1.96644e-07
-0.0527516	0.12897	780.78	0.24	0.252928	899.87	32.1716	40.4998	1.06517e-05
-0.0527488	0.247237	780.78	0.24	0.253514	899.874	32.1943	40.444	3.91442e-05
-0.0527444	0.370383	780.78	0.24	0.25388	899.88	32.2251	40.3787	8.78502e-05
-0.0527385	0.493671	780.78	0.24	0.253524	899.889	32.2536	40.3174	0.000156069
-0.0527311	0.604289	780.78	0.24	0.252881	899.902	32.2869	40.2528	0.000233846
-0.0527223	0.715337	780.78	0.24	0.252567	899.916	32.3176	40.1822	0.00032769
-0.052712	0.829672	780.78	0.24	0.252928	899.933	32.3396	40.1227	0.000440812
-0.0527003	0.944777	780.78	0.24	0.25261	899.953	32.3524	40.0721	0.000571611
-0.0526871	1.05282	780.78	0.24	0.251787	899.976	32.3371	40.0492	0.000709823
-0.0526727	1.15104	780.78	0.24	0.250158	900	32.3015	40.0579	0.000848437
-0.0526571	1.24131	780.78	0.24	0.249883	900.027	32.3394	39.9786	0.000986738
-0.0526403	1.32376	780.78	0.24	0.248988	900.057	32.387	39.8799	0.00112217
-0.0526228	1.38075	780.78	0.24	0.246776	900.088	32.3838	39.8805	0.00122088
-0.0526045	1.44196	780.78	0.24	0.246791	900.12	32.4418	39.7815	0.00133152
-0.0525855	1.49845	780.78	0.24	0.245885	900.153	32.4663	39.7199	0.00143789
-0.0525659	1.53407	780.78	0.24	0.24459	900.188	32.4559	39.7243	0.00150706
-0.0525459	1.56572	780.78	0.24	0.242495	900.224	32.4448	39.6989	0.0015699
-0.0525257	1.5759	780.78	0.24	0.241335	900.26	32.4784	39.6351	0.00159037
-0.0525054	1.58754	780.78	0.24	0.241321	900.296	32.5274	39.55	0.00161395
-0.052485	1.59737	780.78	0.24	0.240875	900.333	32.5682	39.4672	0.001634
-0.0524645	1.60272	780.78	0.24	0.24028	900.37	32.598	39.397	0.00164496
-0.0524439	1.60002	780.78	0.24	0.239287	900.407	32.6224	39.3346	0.00163943
-0.0524235	1.58851	780.78	0.24	0.238093	900.444	32.6602	39.2573	0.00161593
-0.0524034	1.56421	780.78	0.24	0.236636	900.48	32.7102	39.1656	0.00156685
-0.0523837	1.52607	780.78	0.24	0.234979	900.516	32.768	39.0675	0.00149138
-0.0523647	1.47199	780.78	0.24	0.233169	900.551	32.828	38.9685	0.00138757
-0.0523465	1.40179	780.78	0.24	0.231749	900.585	32.8765	38.8719	0.00125836
-0.0523292	1.32304	780.78	0.24	0.23077	900.617	32.9095	38.8063	0.00112096
-0.0523131	1.23616	780.78	0.24	0.230122	900.647	32.93	38.7469	0.000978574
-0.0522982	1.14441	780.78	0.24	0.229489	900.675	32.9517	38.6899	0.000838689
-0.0522845	1.0438	780.78	0.24	0.228662	900.701	32.9758	38.626	0.000697713
-0.0522721	0.937233	780.78	0.24	0.227738	900.724	33.0039	38.5622	0.000562518
-0.0522612	0.822119	780.78	0.24	0.226851	900.745	33.0226	38.5159	0.000432824
-0.0522518	0.6984	780.78	0.24	0.225981	900.763	33.0388	38.473	0.000312356
-0.0522441	0.566901	780.78	0.24	0.225018	900.779	33.0539	38.4284	0.000205805
-0.0522382	0.42664	780.78	0.24	0.224118	900.791	33.0664	38.389	0.000116564
-0.0522341	0.279565	780.78	0.24	0.223408	900.8	33.0735	38.3583	5.00502e-05
-0.052232	0.126353	780.78	0.24	0.222709	900.806	33.08	38.3254	1.02238e-05
-0.0522319	-0.0349326	780.78	0.24	0.221814	900.808	33.098	38.2812	7.81456e-07
-0.052234	-0.202548	780.78	0.24	0.221036	900.806	33.1206	38.2353	2.62723e-05
-0.0522382	-0.378098	780.78	0.24	0.220177	900.8	33.1509	38.178	9.15484e-05
-0.0522448	-0.560478	780.78	0.24	0.219433	900.791	33.1742	38.1389	0.000201168
-0.0522538	-0.749178	780.78	0.24	0.218838	900.777	33.1903	38.1036	0.000359427
-0.0522653	-0.942784	780.78	0.24	0.218353	900.758	33.1999	38.0747	0.000569201
-0.0522792	-1.13938	780.78	0.24	0.218133	900.735	33.2052	38.0489	0.000831345
-0.0522957	-1.33768	780.78	0.24	0.218084	900.708	33.2168	38.0221	0.00114589
-0.0523147	-1.53768	780.78	0.24	0.217975	900.676	33.2293	37.9946	0.00151417
-0.0523364	-1.73785	780.78	0.24	0.218153	900.639	33.2298	37.977	0.00193405
-0.0523605	-1.93441	780.78	0.24	0.218455	900.598	33.2235	37.9715	0.00239628
-0.0523871	-2.12874	780.78	0.24	0.218723	900.552	33.2161	37.9689	0.00290193
-0.0524163	-2.32083	780.78	0.24	0.218952	900.502	33.2039	37.9705	0.00344927
-0.0524478	-2.5102	780.78	0.24	0.219382	900.447	33.1728	37.995	0.00403513
-0.0524817	-2.69648	780.78	0.24	0.219982	900.389	33.1339	38.0317	0.00465624
-0.052518	-2.87408	780.78	0.24	0.220783	900.325	33.1064	38.054	0.0052898
-0.0525565	-3.04568	780.78	0.24	0.22141	900.258	33.08	38.0771	0.00594033
-0.0525971	-3.2145	780.78	0.24	0.221997	900.187	33.0557	38.0988	0.0066171
-0.0526398	-3.37518	780.78	0.24	0.222695	900.112	33.0367	38.1162	0.00729517
-0.0526845	-3.52891	780.78	0.24	0.223426	900.033	33.0217	38.1321	0.00797485
-0.0527311	-3.67781	780.78	0.24	0.223998	899.951	33.0118	38.1425	0.00866204
-0.0527796	-3.82028	780.78	0.24	0.224961	899.865	32.9946	38.1592	0.00934612
-0.0528298	-3.95272	780.78	0.24	0.226108	899.776	32.9749	38.1814	0.0100054
-0.0528816	-4.0742	780.78	0.24	0.227262	899.685	32.9546	38.2069	0.0106298
-0.0529349	-4.18567	780.78	0.24	0.228354	899.59	32.9362	38.2297	0.0112195
-0.0529895	-4.28867	780.78	0.24	0.229389	899.493	32.9158	38.2572	0.0117784
-0.0530453	-4.38217	780.78	0.24	0.230432	899.394	32.8906	38.291	0.0122976
-0.0531023	-4.46603	780.78	0.24	0.231378	899.292	32.8646	38.3254	0.0127728
-0.0531602	-4.54346	780.78	0.24	0.232216	899.189	32.8348	38.364	0.0132195
-0.0532191	-4.61208	780.78	0.24	0.233022	899.084	32.8026	38.4064	0.0136218
-0.0532787	-4.6741	780.78	0.24	0.233788	898.977	32.773	38.4461	0.0139907
-0.0533391	-4.72944	780.78	0.24	0.234406	898.869	32.749	38.4819	0.0143239
-0.0534002	-4.77936	780.78	0.24	0.235054	898.76	32.7289	38.5149	0.0146279
-0.0534618	-4.82384	780.78	0.24	0.235838	898.65	32.7075	38.5465	0.0149014
-0.053524	-4.86035	780.78	0.24	0.236555	898.539	32.6878	38.5797	0.0151278
-0.0535865	-4.88993	780.78	0.24	0.23731	898.427	32.6702	38.6113	0.0153125
-0.0536494	-4.91457	780.78	0.24	0.238023	898.314	32.656	38.6414	0.0154673
-0.0537125	-4.93148	780.78	0.24	0.238868	898.201	32.6499	38.6609	0.0155739
-0.0537757	-4.94017	780.78	0.24	0.239758	898.087	32.6474	38.677	0.0156288
-0.053839	-4.94055	780.78	0.24	0.240704	897.973	32.6505	38.6902	0.0156312
-0.0539022	-4.93322	780.78	0.24	0.241466	897.86	32.6643	38.6898	0.0155848
-0.0539653	-4.9186	780.78	0.24	0.242317	897.747	32.6778	38.6906	0.0154926
-0.0540281	-4.89654	780.78	0.24	0.24311	897.634	32.6945	38.69	0.0153539
-0.0540905	-4.86813	780.78	0.24	0.243814	897.521	32.716	38.6858	0.0151763
-0.0541525	-4.83305	780.78	0.24	0.244472	897.409	32.7376	38.6835	0.0149584
-0.054214	-4.79273	780.78	0.24	0.245084	897.299	32.7618	38.6768	0.0147098
-0.054275	-4.74736	780.78	0.24	0.245821	897.189	32.7999	38.656	0.0144326
-0.0543353	-4.69434	780.78	0.24	0.246624	897.08	32.8505	38.6201	0.0141121
-0.0543948	-4.63293	780.78	0.24	0.247771	896.972	32.8944	38.5927	0.0137453
-0.0544535	-4.56123	780.78	0.24	0.24871	896.866	32.9414	38.5615	0.0133231
-0.0545111	-4.48193	780.78	0.24	0.249447	896.762	32.991	38.5244	0.0128639
-0.0545677	-4.39847	780.78	0.24	0.250033	896.659	33.0406	38.4917	0.0123893
-0.0546232	-4.30839	780.78	0.24	0.25071	896.559	33.087	38.4609	0.011887
-0.0546775	-4.21434	780.78	0.24	0.251141	896.461	33.13	38.4312	0.0113737
-0.0547305	-4.11568	780.78	0.24	0.25129	896.364	33.1853	38.3913	0.0108474
-0.0547822	-4.01689	780.78	0.24	0.251212	896.27	33.2655	38.3238	0.0103329
-0.0548327	-3.91835	780.78	0.24	0.251432	896.179	33.3365	38.2702	0.00983212
-0.0548819	-3.81509	780.78	0.24	0.2522	896.089	33.3746	38.2491	0.00932075
-0.0549297	-3.70286	780.78	0.24	0.253268	896.003	33.3834	38.2535	0.00878044
-0.054976	-3.58054	780.78	0.24	0.254932	895.918	33.3661	38.2943	0.00820992
-0.0550205	-3.44091	780.78	0.24	0.256626	895.837	33.3942	38.2773	0.00758207
-0.0550631	-3.28932	780.78	0.24	0.257831	895.759	33.4661	38.2089	0.00692871
-0.0551037	-3.12866	780.78	0.24	0.258697	895.684	33.5112	38.174	0.00626842
-0.0551422	-2.9594	780.78	0.24	0.25987	895.613	33.5	38.1989	0.00560853
-0.0551784	-2.77892	780.78	0.24	0.260869	895.546	33.496	38.2187	0.0049453
-0.0552122	-2.59482	780.78	0.24	0.261557	895.484	33.5451	38.1636	0.00431176
-0.0552435	-2.39822	780.78	0.24	0.262693	895.425	33.5747	38.1406	0.00368316
-0.0552723	-2.19148	780.78	0.24	0.263727	895.372	33.5563	38.1735	0.0030755
-0.0552983	-1.97747	780.78	0.24	0.264951	895.323	33.5102	38.2219	0.00250415
-0.0553215	-1.75492	780.78	0.24	0.266213	895.278	33.4587	38.2735	0.00197222
-0.0553417	-1.51472	780.78	0.24	0.267714	895.24	33.4472	38.2871	0.00146929
-0.0553587	-1.2616	780.78	0.24	0.269046	895.206	33.4646	38.2667	0.00101927
-0.0553723	-0.998282	780.78	0.24	0.270073	895.179	33.4539	38.2801	0.000638187
-0.0553825	-0.726175	780.78	0.24	0.270858	895.157	33.4359	38.2983	0.000337694
-0.0553891	-0.450947	780.78	0.24	0.271126	895.142	33.4379	38.2957	0.000130224
-0.0553922	-0.173245	780.78	0.24	0.271176	895.134	33.4787	38.253	1.92204e-05
-0.0553918	0.105052	780.78	0.24	0.271131	895.131	33.5357	38.1965	7.0672e-06
-0.0553878	0.382099	780.78	0.24	0.270935	895.135	33.5809	38.145	9.34962e-05
-0.0553802	0.656591	780.78	0.24	0.270396	895.146	33.6091	38.1117	0.000276078
-0.0553692	0.921462	780.78	0.24	0.269406	895.162	33.6181	38.0862	0.000543747
-0.055355	1.17927	780.78	0.24	0.268548	895.185	33.6145	38.0813	0.000890577
-0.0553374	1.43132	780.78	0.24	0.267693	895.213	33.6195	38.0624	0.00131195
-0.0553167	1.67722	780.78	0.24	0.267047	895.248	33.6167	38.0511	0.00180144
-0.0552929	1.91677	780.78	0.24	0.266648	895.287	33.5999	38.055	0.00235279
-0.0552661	2.15505	780.78	0.24	0.266674	895.333	33.5836	38.0573	0.0029741
-0.0552362	2.39472	780.78	0.24	0.266801	895.384	33.5759	38.0506	0.0036724
-0.0552032	2.63359	780.78	0.24	0.266428	895.44	33.5845	38.0223	0.00444159
-0.0551672	2.86697	780.78	0.24	0.265674	895.502	33.5865	38.001	0.00526366
-0.0551283	3.09384	780.78	0.24	0.264622	895.569	33.5884	37.9783	0.00612968
-0.0550866	3.31042	780.78	0.24	0.263538	895.641	33.5502	38.0025	0.0070179
-0.0550422	3.51548	780.78	0.24	0.262241	895.718	33.5101	38.0235	0.00791429
-0.0549953	3.70952	780.78	0.24	0.260671	895.8	33.4961	38.0124	0.00881203
-0.0549461	3.88902	780.78	0.24	0.25897	895.886	33.4929	37.9906	0.00968549
-0.0548947	4.05274	780.78	0.24	0.257454	895.976	33.4735	37.9863	0.0105181
-0.0548413	4.2046	780.78	0.24	0.256116	896.07	33.451	37.9826	0.0113211
-0.0547861	4.3412	780.78	0.24	0.254606	896.168	33.4423	37.9505	0.0120687
-0.0547292	4.47056	780.78	0.24	0.253703	896.268	33.3889	37.9762	0.0127987
-0.0546708	4.58965	780.78	0.24	0.252441	896.371	33.3343	38.0029	0.0134897
-0.054611	4.6966	780.78	0.24	0.250955	896.477	33.2588	38.0614	0.0141257
-0.0545499	4.78945	780.78	0.24	0.249147	896.586	33.1691	38.1249	0.0146897
-0.0544879	4.86256	780.78	0.24	0.247184	896.696	33.0863	38.1876	0.0151416
-0.054425	4.92124	780.78	0.24	0.24538	896.808	33.0142	38.2379	0.0155092
-0.0543616	4.96429	780.78	0.24	0.243574	896.922	32.9532	38.2725	0.0157818
-0.0542977	4.99094	780.78	0.24	0.241931	897.036	32.8826	38.314	0.0159516
-0.0542336	5.00475	780.78	0.24	0.240677	897.151	32.7996	38.3722	0.01604
-0.0541695	5.00589	780.78	0.24	0.239662	897.266	32.7264	38.425	0.0160474
-0.0541054	5.00045	780.78	0.24	0.238643	897.381	32.6792	38.4459	0.0160125
-0.0540415	4.9871	780.78	0.24	0.23778	897.496	32.6407	38.4614	0.0159271
-0.0539778	4.96473	780.78	0.24	0.236709	897.61	32.5974	38.4797	0.0157846
-0.0539146	4.93174	780.78	0.24	0.23536	897.724	32.5501	38.5028	0.0155755
-0.0538518	4.88515	780.78	0.24	0.233655	897.837	32.5024	38.5259	0.0152826
-0.0537899	4.82179	780.78	0.24	0.231613	897.949	32.462	38.5419	0.0148887
-0.0537289	4.73849	780.78	0.24	0.229496	898.06	32.4271	38.5529	0.0143788
-0.0536691	4.63681	780.78	0.24	0.22739	898.168	32.4039	38.5522	0.0137683
-0.0536109	4.51637	780.78	0.24	0.225516	898.274	32.3846	38.5461	0.0130623
-0.0535543	4.38058	780.78	0.24	0.224096	898.378	32.3527	38.5601	0.0122887
-0.0534996	4.23411	780.78	0.24	0.223011	898.478	32.3256	38.5671	0.0114806
-0.0534469	4.07711	780.78	0.24	0.222096	898.574	32.3227	38.5474	0.010645
-0.0533962	3.91364	780.78	0.24	0.221135	898.667	32.3344	38.515	0.00980852
-0.0533478	3.73912	780.78	0.24	0.219948	898.756	32.3445	38.4869	0.00895324
-0.0533016	3.55424	780.78	0.24	0.218618	898.841	32.3436	38.474	0.00808976
-0.053258	3.35621	780.78	0.24	0.217234	898.922	32.337	38.4631	0.0072134
-0.053217	3.14714	780.78	0.24	0.215921	898.998	32.3192	38.4672	0.00634268
-0.0531788	2.9268	780.78	0.24	0.214713	899.069	32.3006	38.4741	0.00548566
-0.0531435	2.69589	780.78	0.24	0.213621	899.135	32.2918	38.4704	0.00465421
-0.0531113	2.45283	780.78	0.24	0.212409	899.196	32.3096	38.4431	0.00385281
-0.0530823	2.2002	780.78	0.24	0.211544	899.251	32.3615	38.3789	0.00310004
-0.0530566	1.94265	780.78	0.24	0.211192	899.3	32.4278	38.303	0.00241675
-0.0530342	1.6859	780.78	0.24	0.211503	899.344	32.4696	38.2552	0.00182014
-0.053015	1.43392	780.78	0.24	0.212394	899.381	32.4656	38.2586	0.00131672
-0.052999	1.19292	780.78	0.24	0.214195	899.413	32.456	38.2615	0.000911304
-0.0529859	0.97055	780.78	0.24	0.216287	899.439	32.4733	38.2416	0.000603222
-0.0529755	0.765728	780.78	0.24	0.218299	899.46	32.5257	38.1864	0.000375483
-0.0529675	0.579051	780.78	0.24	0.22025	899.476	32.585	38.125	0.000214722
-0.0529617	0.407847	780.78	0.24	0.221878	899.489	32.6464	38.0679	0.000106521
-0.052958	0.251153	780.78	0.24	0.223274	899.497	32.7042	38.0132	4.03942e-05
-0.0529562	0.104888	780.78	0.24	0.224274	899.502	32.7592	37.9607	7.04517e-06
-0.0529562	-0.0336346	780.78	0.24	0.225021	899.504	32.8137	37.9099	7.2446e-07
-0.0529579	-0.166649	780.78	0.24	0.225443	899.502	32.8645	37.8643	1.77848e-05
-0.0529613	-0.296428	780.78	0.24	0.225778	899.498	32.9227	37.8107	5.62704e-05
-0.0529663	-0.42381	780.78	0.24	0.226163	899.49	32.9812	37.7607	0.000115023
-0.0529729	-0.544875	780.78	0.24	0.227008	899.48	33.0309	37.7192	0.000190123
-0.052981	-0.658908	780.78	0.24	0.227866	899.466	33.0714	37.6873	0.00027803
-0.0529905	-0.764714	780.78	0.24	0.228784	899.451	33.1089	37.6595	0.000374489
-0.0530012	-0.86399	780.78	0.24	0.229458	899.432	33.1506	37.6272	0.000478034
-0.0530132	-0.958661	780.78	0.24	0.229925	899.412	33.1971	37.5909	0.000588533
-0.0530264	-1.04797	780.78	0.24	0.230433	899.389	33.2345	37.5657	0.000703294
-0.0530406	-1.13527	780.78	0.24	0.230487	899.365	33.2859	37.523	0.000825355
-0.053056	-1.22328	780.78	0.24	0.230122	899.338	33.3579	37.4655	0.000958282
-0.0530725	-1.3179	780.78	0.24	0.229147	899.309	33.4713	37.3642	0.00111226
-0.0530904	-1.42224	780.78	0.24	0.228063	899.278	33.6078	37.2325	0.00129535
-0.0531097	-1.5317	780.78	0.24	0.227822	899.245	33.6769	37.1803	0.00150241
-0.0531303	-1.64125	780.78	0.24	0.228133	899.209	33.6866	37.1939	0.00172501
-0.0531524	-1.74903	780.78	0.24	0.228317	899.171	33.7213	37.1821	0.001959
-0.0531758	-1.8575	780.78	0.24	0.228482	899.13	33.7822	37.1294	0.00220953
-0.0532006	-1.96069	780.78	0.24	0.229079	899.086	33.8333	37.1029	0.00246183
-0.0532267	-2.05762	780.78	0.24	0.229924	899.041	33.8784	37.0764	0.00271126
-0.0532539	-2.14669	780.78	0.24	0.230909	898.993	33.9159	37.0586	0.00295107
-0.0532821	-2.22632	780.78	0.24	0.231776	898.943	33.941	37.0546	0.00317408
-0.0533113	-2.29893	780.78	0.24	0.232508	898.891	33.9595	37.0581	0.00338448
-0.0533414	-2.36535	780.78	0.24	0.233147	898.838	33.9733	37.071	0.00358288
-0.0533723	-2.42681	780.78	0.24	0.233698	898.783	33.9908	37.0741	0.00377148
-0.0534039	-2.48386	780.78	0.24	0.234213	898.727	34.0011	37.0903	0.00395091
-0.0534362	-2.53383	780.78	0.24	0.235162	898.669	34.0181	37.0977	0.00411146
-0.0534691	-2.57326	780.78	0.24	0.236846	898.611	34.0377	37.1172	0.00424043
-0.0535023	-2.59546	780.78	0.24	0.238762	898.551	34.0523	37.1281	0.00431389
-0.0535356	-2.60097	780.78	0.24	0.240476	898.492	34.0693	37.1377	0.00433224
-0.0535688	-2.59295	780.78	0.24	0.241922	898.432	34.0822	37.1524	0.00430555
-0.0536019	-2.57227	780.78	0.24	0.243137	898.372	34.0893	37.174	0.00423717
-0.0536345	-2.54126	780.78	0.24	0.244209	898.313	34.0894	37.2017	0.0041356
-0.0536667	-2.5021	780.78	0.24	0.245063	898.255	34.0755	37.2468	0.00400913
-0.0536983	-2.45522	780.78	0.24	0.245882	898.198	34.0566	37.2905	0.00386032
-0.0537292	-2.40256	780.78	0.24	0.246498	898.141	34.0356	37.34	0.00369649
-0.0537594	-2.34528	780.78	0.24	0.246988	898.087	34.0122	37.393	0.00352233
-0.0537889	-2.28281	780.78	0.24	0.24742	898.033	33.9903	37.441	0.00333718
-0.0538175	-2.21693	780.78	0.24	0.247995	897.981	33.9505	37.5068	0.00314736
-0.0538452	-2.14335	780.78	0.24	0.248773	897.93	33.891	37.5958	0.0029419
-0.0538719	-2.06435	780.78	0.24	0.249244	897.881	33.8307	37.6827	0.00272903
-0.0538975	-1.98142	780.78	0.24	0.249634	897.834	33.7693	37.7725	0.00251416
-0.0539221	-1.89518	780.78	0.24	0.249956	897.789	33.7084	37.86	0.00230008
-0.0539455	-1.80783	780.78	0.24	0.250189	897.746	33.6408	37.9532	0.00209293
-0.0539678	-1.71751	780.78	0.24	0.250266	897.705	33.5727	38.0485	0.00188904
-0.0539889	-1.62596	780.78	0.24	0.250573	897.666	33.4989	38.1505	0.00169301
-0.0540088	-1.53434	780.78	0.24	0.251043	897.629	33.4218	38.25	0.0015076
-0.0540275	-1.432	780.78	0.24	0.252075	897.595	33.3388	38.3621	0.00131319
-0.0540448	-1.32105	780.78	0.24	0.253064	897.562	33.2584	38.469	0.00111759
-0.0540606	-1.20112	780.78	0.24	0.253911	897.533	33.1861	38.5678	0.000923884
-0.0540747	-1.07458	780.78	0.24	0.254793	897.506	33.1102	38.6674	0.000739461
-0.0540872	-0.938117	780.78	0.24	0.255936	897.482	33.0267	38.7741	0.00056358
-0.0540978	-0.791385	780.78	0.24	0.256974	897.461	32.9428	38.8807	0.000401067
-0.0541065	-0.636261	780.78	0.24	0.258006	897.444	32.8762	38.9701	0.000259246
-0.054113	-0.471109	780.78	0.24	0.258927	897.43	32.8222	39.0452	0.00014213
-0.0541174	-0.29916	780.78	0.24	0.259562	897.42	32.7739	39.1129	5.73123e-05
-0.0541196	-0.12218	780.78	0.24	0.259986	897.414	32.734	39.172	9.55961e-06
-0.0541194	0.058534	780.78	0.24	0.260512	897.413	32.6889	39.2343	2.19411e-06
-0.0541169	0.244274	780.78	0.24	0.260871	897.415	32.6477	39.2933	3.82118e-05
-0.0541119	0.431801	780.78	0.24	0.260994	897.422	32.6076	39.3516	0.000119401
-0.0541046	0.620386	780.78	0.24	0.260938	897.433	32.5645	39.4109	0.000246471
-0.0540949	0.807626	780.78	0.24	0.260707	897.448	32.5163	39.48	0.000417697
-0.0540827	0.991669	780.78	0.24	0.260198	897.468	32.4686	39.5399	0.000629759
-0.0540683	1.17126	780.78	0.24	0.259763	897.492	32.4246	39.5949	0.000878517
-0.0540516	1.34577	780.78	0.24	0.259102	897.519	32.3856	39.6442	0.00115979
-0.0540327	1.51567	780.78	0.24	0.258612	897.551	32.3478	39.6934	0.00147113
-0.0540117	1.6808	780.78	0.24	0.257895	897.587	32.3162	39.7329	0.00180915
-0.0539887	1.8373	780.78	0.24	0.256882	897.627	32.2901	39.7653	0.00216174
-0.0539637	1.98466	780.78	0.24	0.255878	897.67	32.2539	39.8049	0.00252241
-0.053937	2.12362	780.78	0.24	0.254778	897.716	32.2197	39.844	0.00288798
-0.0539085	2.25224	780.78	0.24	0.253759	897.766	32.1805	39.8884	0.0032484
-0.0538785	2.37154	780.78	0.24	0.252845	897.818	32.1448	39.9278	0.00360167
-0.0538471	2.48427	780.78	0.24	0.251899	897.874	32.1167	39.9595	0.00395219
-0.0538142	2.58861	780.78	0.24	0.251176	897.931	32.1017	39.9766	0.00429116
-0.0537801	2.68636	780.78	0.24	0.250556	897.992	32.0928	39.9861	0.00462135
-0.0537448	2.77988	780.78	0.24	0.249954	898.054	32.0762	40.0022	0.00494871
-0.0537084	2.8672	780.78	0.24	0.249155	898.118	32.0609	40.0163	0.00526451
-0.0536709	2.94588	780.78	0.24	0.248145	898.185	32.0473	40.0277	0.00555741
-0.0536324	3.01815	780.78	0.24	0.24762	898.253	32.0415	40.0319	0.00583341
-0.0535931	3.08635	780.78	0.24	0.247047	898.323	32.0564	40.0125	0.00610002
-0.053553	3.14855	780.78	0.24	0.246431	898.394	32.0773	39.9891	0.00634837
-0.0535121	3.20521	780.78	0.24	0.245745	898.467	32.0978	39.9635	0.00657892
-0.0534706	3.2563	780.78	0.24	0.245167	898.541	32.1206	39.9341	0.0067903
-0.0534284	3.30156	780.78	0.24	0.244578	898.616	32.1472	39.9013	0.0069804
-0.0533858	3.34169	780.78	0.24	0.243988	898.693	32.1752	39.8689	0.00715113
-0.0533426	3.37614	780.78	0.24	0.243489	898.77	32.2016	39.8366	0.0072993
-0.0532991	3.40733	780.78	0.24	0.242903	898.848	32.2325	39.7999	0.00743482
-0.0532552	3.43171	780.78	0.24	0.24216	898.926	32.2697	39.7594	0.00754158
-0.0532111	3.45068	780.78	0.24	0.241484	899.005	32.3098	39.7133	0.0076252
-0.0531668	3.46177	780.78	0.24	0.240699	899.085	32.3573	39.658	0.00767428
-0.0531224	3.46413	780.78	0.24	0.239963	899.165	32.4114	39.5984	0.00768476
-0.053078	3.46516	780.78	0.24	0.239911	899.244	32.459	39.5457	0.00768933
-0.0530336	3.46782	780.78	0.24	0.240202	899.324	32.4916	39.5077	0.00770113
-0.0529892	3.47222	780.78	0.24	0.240653	899.404	32.5214	39.4757	0.00772066
-0.0529446	3.48256	780.78	0.24	0.241271	899.484	32.5543	39.4378	0.00776674
-0.0528999	3.49837	780.78	0.24	0.241778	899.564	32.5883	39.3971	0.00783742
-0.0528549	3.51775	780.78	0.24	0.242221	899.645	32.618	39.3588	0.00792448
-0.0528096	3.54329	780.78	0.24	0.242883	899.726	32.6375	39.3317	0.00803996
-0.052764	3.57329	780.78	0.24	0.243457	899.808	32.6628	39.3005	0.00817669
-0.0527179	3.60879	780.78	0.24	0.243917	899.891	32.6922	39.2628	0.00833996
-0.0526713	3.64687	780.78	0.24	0.244208	899.974	32.726	39.2219	0.00851693
-0.0526242	3.68816	780.78	0.24	0.244536	900.058	32.7621	39.1793	0.00871086
-0.0525765	3.73229	780.78	0.24	0.245031	900.144	32.7899	39.1388	0.00892058
-0.0525283	3.78299	780.78	0.24	0.245738	900.23	32.817	39.1043	0.00916454
-0.0524793	3.84009	780.78	0.24	0.246401	900.318	32.8457	39.0678	0.00944329
-0.0524295	3.90262	780.78	0.24	0.246965	900.406	32.876	39.0268	0.00975333
-0.0523789	3.96985	780.78	0.24	0.247365	900.497	32.9038	38.9892	0.0100923
-0.0523274	4.03894	780.78	0.24	0.247474	900.589	32.931	38.951	0.0104466
-0.052275	4.10802	780.78	0.24	0.247379	900.682	32.9589	38.9133	0.010807
-0.0522218	4.17479	780.78	0.24	0.247247	900.778	32.9888	38.8695	0.0111612
-0.0521677	4.24233	780.78	0.24	0.247328	900.874	33.0171	38.8311	0.0115252
-0.0521127	4.31101	780.78	0.24	0.24727	900.973	33.0486	38.7863	0.0119014
-0.0520568	4.37856	780.78	0.24	0.247075	901.072	33.0806	38.7386	0.0122773
-0.0520001	4.44446	780.78	0.24	0.247043	901.174	33.1029	38.6981	0.0126497
-0.0519426	4.51056	780.78	0.24	0.246918	901.277	33.1128	38.6755	0.0130287
-0.0518842	4.57424	780.78	0.24	0.246693	901.381	33.1162	38.6618	0.0133992
-0.051825	4.63535	780.78	0.24	0.246692	901.487	33.1264	38.6411	0.0137596
-0.051765	4.69934	780.78	0.24	0.246937	901.595	33.114	38.6428	0.0141421
-0.0517042	4.76656	780.78	0.24	0.24725	901.704	33.0933	38.6463	0.0145496
-0.0516425	4.83579	780.78	0.24	0.247334	901.814	33.0618	38.6631	0.0149753
-0.0515799	4.90441	780.78	0.24	0.247144	901.926	33.0193	38.6902	0.0154033
-0.0515165	4.97099	780.78	0.24	0.246797	902.04	32.9772	38.7166	0.0158244
-0.0514522	5.03267	780.78	0.24	0.246152	902.155	32.9351	38.7448	0.0162195
-0.0513872	5.0857	780.78	0.24	0.245419	902.272	32.8919	38.773	0.0165631
-0.0513216	5.13572	780.78	0.24	0.245075	902.389	32.8408	38.8092	0.0168905
-0.0512554	5.18227	780.78	0.24	0.244637	902.508	32.7937	38.839	0.0171981
-0.0511886	5.22616	780.78	0.24	0.24427	902.629	32.7379	38.8801	0.0174907
-0.0511213	5.26544	780.78	0.24	0.243556	902.75	32.6805	38.9214	0.0177546
-0.0510536	5.29541	780.78	0.24	0.242412	902.872	32.6331	38.9535	0.0179573
-0.0509856	5.31697	780.78	0.24	0.241476	902.994	32.6166	38.9464	0.0181038
-0.0509173	5.32768	780.78	0.24	0.240463	903.117	32.5903	38.9539	0.0181768
-0.0508491	5.32947	780.78	0.24	0.239364	903.241	32.547	38.9832	0.018189
-0.0507809	5.32345	780.78	0.24	0.238538	903.364	32.5241	38.989	0.018148
-0.0507128	5.30957	780.78	0.24	0.237615	903.487	32.5064	38.994	0.0180535
-0.050645	5.28694	780.78	0.24	0.23669	903.61	32.4717	39.0179	0.0178999
-0.0505776	5.25371	780.78	0.24	0.235706	903.732	32.4367	39.0398	0.0176756
-0.0505107	5.21566	780.78	0.24	0.235019	903.853	32.426	39.0358	0.0174205
-0.0504443	5.17015	780.78	0.24	0.234275	903.974	32.3952	39.0566	0.0171178
-0.0503786	5.11905	780.78	0.24	0.233754	904.093	32.3618	39.076	0.0167811
-0.0503136	5.06411	780.78	0.24	0.23333	904.211	32.3299	39.0971	0.0164228
-0.0502493	5.00344	780.78	0.24	0.23265	904.328	32.3052	39.1105	0.0160317
-0.0501859	4.93702	780.78	0.24	0.2321	904.444	32.2794	39.1259	0.0156089
-0.0501233	4.86576	780.78	0.24	0.231326	904.558	32.2433	39.1445	0.0151615
-0.0500618	4.78425	780.78	0.24	0.22987	904.67	32.2106	39.1656	0.0146578
-0.0500014	4.68878	780.78	0.24	0.228541	904.781	32.1894	39.1766	0.0140787
-0.0499424	4.58384	780.78	0.24	0.227494	904.889	32.1612	39.2034	0.0134555
-0.0498848	4.46844	780.78	0.24	0.226358	904.994	32.1265	39.2269	0.0127865
-0.0498287	4.34062	780.78	0.24	0.224846	905.097	32.0811	39.2615	0.0120655
-0.0497745	4.19773	780.78	0.24	0.223008	905.197	32.0288	39.3047	0.0112842
-0.0497223	4.03722	780.78	0.24	0.22107	905.293	31.974	39.3504	0.0104378
-0.0496722	3.86055	780.78	0.24	0.219274	905.386	31.9197	39.3973	0.00954419
-0.0496246	3.66592	780.78	0.24	0.217173	905.474	31.8697	39.4419	0.00860613
-0.0495797	3.45139	780.78	0.24	0.215076	905.558	31.8226	39.4845	0.00762835
-0.0495377	3.21939	780.78	0.24	0.213293	905.637	31.7653	39.5392	0.00663725
-0.0494988	2.9709	780.78	0.24	0.211414	905.71	31.7224	39.58	0.00565218
-0.0494633	2.70445	780.78	0.24	0.209875	905.778	31.6853	39.6194	0.00468382
-0.0494313	2.42801	780.78	0.24	0.208841	905.839	31.6396	39.6653	0.00377521
-0.049403	2.14302	780.78	0.24	0.208299	905.894	31.5762	39.7396	0.00294098
-0.0493783	1.8554	780.78	0.24	0.208168	905.942	31.5185	39.8006	0.00220452
-0.0493573	1.56712	780.78	0.24	0.208045	905.983	31.4786	39.8411	0.00157271
-0.04934	1.27669	780.78	0.24	0.208157	906.018	31.4317	39.8944	0.00104379
-0.0493264	0.990215	780.78	0.24	0.208523	906.046	31.406	39.9279	0.000627914
-0.0493165	0.705548	780.78	0.24	0.208643	906.067	31.4029	39.94	0.000318782
-0.0493101	0.422769	780.78	0.24	0.208985	906.082	31.3956	39.9649	0.000114458
-0.0493074	0.142898	780.78	0.24	0.209414	906.09	31.381	39.9931	1.30765e-05
-0.0493082	-0.133097	780.78	0.24	0.209705	906.092	31.3731	40.0135	1.13443e-05
-0.0493126	-0.407558	780.78	0.24	0.209775	906.087	31.3778	40.0209	0.00010637
-0.0493204	-0.683186	780.78	0.24	0.210112	906.076	31.3837	40.0367	0.000298895
-0.0493318	-0.952088	780.78	0.24	0.210904	906.059	31.4048	40.0317	0.000580491
-0.0493465	-1.21279	780.78	0.24	0.21175	906.035	31.427	40.0277	0.000941916
-0.0493645	-1.4688	780.78	0.24	0.212443	906.005	31.4507	40.0222	0.00138155
-0.0493857	-1.71549	780.78	0.24	0.213559	905.97	31.4547	40.0452	0.00188459
-0.0494099	-1.95154	780.78	0.24	0.214804	905.929	31.4462	40.0743	0.00243892
-0.0494371	-2.17779	780.78	0.24	0.216067	905.882	31.4373	40.1007	0.0030372
-0.049467	-2.3901	780.78	0.24	0.217484	905.83	31.4323	40.1259	0.00365826
-0.0494996	-2.5896	780.78	0.24	0.218874	905.773	31.4293	40.155	0.00429443
-0.0495346	-2.7795	780.78	0.24	0.220086	905.712	31.4309	40.1781	0.00494738
-0.0495719	-2.95671	780.78	0.24	0.221307	905.647	31.4418	40.1922	0.00559834
-0.0496114	-3.12387	780.78	0.24	0.222489	905.577	31.4637	40.1977	0.00624924
-0.0496529	-3.27999	780.78	0.24	0.223658	905.504	31.5031	40.1834	0.00688946
-0.0496963	-3.42534	780.78	0.24	0.224911	905.427	31.5366	40.1764	0.00751363
-0.0497415	-3.55704	780.78	0.24	0.226599	905.347	31.5341	40.2353	0.00810251
-0.0497881	-3.67317	780.78	0.24	0.228412	905.263	31.5092	40.2866	0.0086402
-0.0498362	-3.77326	780.78	0.24	0.230105	905.178	31.485	40.3394	0.00911747
-0.0498853	-3.85781	780.78	0.24	0.231976	905.09	31.4613	40.397	0.00953068
-0.0499354	-3.92841	780.78	0.24	0.233874	905	31.4289	40.4501	0.0098827
-0.0499862	-3.97828	780.78	0.24	0.23598	904.908	31.3882	40.5197	0.0101352
-0.0500375	-4.00925	780.78	0.24	0.237929	904.816	31.3535	40.5848	0.0102936
-0.050089	-4.02284	780.78	0.24	0.239719	904.723	31.3263	40.6419	0.0103635
-0.0501405	-4.02216	780.78	0.24	0.241547	904.63	31.3118	40.6908	0.01036
-0.0501919	-4.0026	780.78	0.24	0.243413	904.537	31.3102	40.7225	0.0102595
-0.0502428	-3.96782	780.78	0.24	0.245171	904.444	31.3059	40.7575	0.010082
-0.0502931	-3.91676	780.78	0.24	0.246888	904.352	31.301	40.7913	0.00982414
-0.0503427	-3.85091	780.78	0.24	0.2484	904.262	31.2981	40.8231	0.00949658
-0.0503913	-3.77099	780.78	0.24	0.249839	904.173	31.2979	40.8516	0.00910649
-0.0504387	-3.67833	780.78	0.24	0.251264	904.086	31.2981	40.8766	0.00866449
-0.0504848	-3.57396	780.78	0.24	0.252376	904.002	31.3002	40.9005	0.00817975
-0.0505295	-3.46085	780.78	0.24	0.253458	903.92	31.3016	40.9244	0.0076702
-0.0505726	-3.33704	780.78	0.24	0.254417	903.84	31.3059	40.944	0.00713122
-0.0506141	-3.20529	780.78	0.24	0.255182	903.764	31.3142	40.9586	0.00657925
-0.0506538	-3.06811	780.78	0.24	0.255778	903.69	31.3333	40.9611	0.00602812
-0.0506918	-2.92536	780.78	0.24	0.256214	903.62	31.3599	40.9552	0.00548025
-0.0507278	-2.77976	780.78	0.24	0.256478	903.553	31.3864	40.9493	0.0049483
-0.050762	-2.63257	780.78	0.24	0.256824	903.49	31.4091	40.9387	0.00443814
-0.0507943	-2.48027	780.78	0.24	0.257438	903.43	31.4507	40.9103	0.00393948
-0.0508245	-2.32272	780.78	0.24	0.257829	903.373	31.4958	40.8789	0.0034549
-0.0508527	-2.16418	780.78	0.24	0.258143	903.321	31.5482	40.8431	0.00299936
-0.0508789	-2.00026	780.78	0.24	0.258488	903.271	31.6167	40.7871	0.0025622
-0.0509029	-1.83468	780.78	0.24	0.258687	903.226	31.6692	40.748	0.00215557
-0.0509248	-1.66733	780.78	0.24	0.258584	903.185	31.7072	40.7196	0.00178026
-0.0509446	-1.50325	780.78	0.24	0.258171	903.147	31.7234	40.7127	0.00144712
-0.0509623	-1.34258	780.78	0.24	0.257632	903.113	31.7358	40.6981	0.0011543
-0.050978	-1.18946	780.78	0.24	0.256823	903.083	31.7502	40.6944	0.000906025
-0.0509918	-1.04256	780.78	0.24	0.255839	903.056	31.7652	40.684	0.000696054
-0.0510038	-0.906497	780.78	0.24	0.254576	903.033	31.7694	40.6809	0.000526228
-0.0510142	-0.781155	780.78	0.24	0.253279	903.013	31.7536	40.699	0.000390765
-0.0510231	-0.666701	780.78	0.24	0.252151	902.996	31.7307	40.7079	0.000284645
-0.0510306	-0.561839	780.78	0.24	0.251224	902.981	31.7181	40.72	0.000202146
-0.0510369	-0.467219	780.78	0.24	0.250185	902.968	31.705	40.7323	0.000139792
-0.051042	-0.381015	780.78	0.24	0.249277	902.958	31.7008	40.7335	9.2966e-05
-0.0510461	-0.302418	780.78	0.24	0.248497	902.95	31.6889	40.744	5.85676e-05
-0.0510493	-0.230971	780.78	0.24	0.247578	902.943	31.6748	40.754	3.4163e-05
-0.0510516	-0.166665	780.78	0.24	0.246712	902.938	31.6462	40.7789	1.77881e-05
-0.0510532	-0.111145	780.78	0.24	0.245695	902.935	31.6119	40.8112	7.91088e-06
-0.0510541	-0.0651606	780.78	0.24	0.244671	902.933	31.5843	40.8332	2.71901e-06
-0.0510546	-0.0280313	780.78	0.24	0.243556	902.931	31.5438	40.8703	5.03185e-07
-0.0510547	-0.00362035	780.78	0.24	0.24217	902.931	31.5094	40.9054	8.39348e-09
-0.0510546	0.00668316	780.78	0.24	0.240861	902.931	31.4904	40.9226	2.86025e-08
-0.0510545	0.00855715	780.78	0.24	0.23977	902.931	31.5041	40.8965	4.68921e-08
-0.0510544	0.00115014	780.78	0.24	0.238734	902.931	31.5236	40.8687	8.47113e-10
-0.0510546	-0.017779	780.78	0.24	0.237679	902.931	31.5418	40.853	2.02422e-07
-0.051055	-0.0407128	780.78	0.24	0.237388	902.931	31.5848	40.7991	1.06146e-06
-0.0510558	-0.0664983	780.78	0.24	0.237105	902.93	31.6268	40.7461	2.8318e-06
-0.0510569	-0.0948933	780.78	0.24	0.236693	902.928	31.6693	40.6943	5.7665e-06
-0.0510584	-0.129042	780.78	0.24	0.236035	902.926	31.7114	40.6394	1.06636e-05
-0.0510605	-0.170109	780.78	0.24	0.234956	902.922	31.7427	40.5945	1.85308e-05
-0.0510632	-0.239905	780.78	0.24	0.233989	902.918	31.7846	40.5671	3.6857e-05
-0.0510669	-0.297926	780.78	0.24	0.233301	902.912	31.865	40.4733	5.68406e-05
-0.0510713	-0.371196	780.78	0.24	0.232448	902.905	31.9552	40.3996	8.82362e-05
-0.0510768	-0.443711	780.78	0.24	0.231621	902.896	32.0606	40.2855	0.000126079
-0.0510832	-0.525695	780.78	0.24	0.230421	902.885	32.1313	40.2013	0.000176974
-0.0510908	-0.619434	780.78	0.24	0.2293	902.873	32.2336	40.0871	0.000245715
-0.0510997	-0.722754	780.78	0.24	0.227887	902.858	32.3221	39.9881	0.00033452
-0.0511101	-0.840377	780.78	0.24	0.226431	902.84	32.4011	39.8965	0.000452262
-0.0511221	-0.970086	780.78	0.24	0.225216	902.82	32.4613	39.8224	0.000602646
-0.0511541	-3.96805	780.78	0.24	0.224575	902.797	32.5143	39.7808	0.0100831
-0.0512063	-4.11288	780.78	0.24	0.223943	902.705	32.5674	39.7517	0.0108326
-0.0512604	-4.26294	780.78	0.24	0.223382	902.609	32.6117	39.7194	0.0116375
-0.0513165	-4.41282	780.78	0.24	0.224061	902.509	32.6443	39.7109	0.0124702
-0.0513744	-4.55703	780.78	0.24	0.224467	902.406	32.6914	39.6678	0.0132986
-0.0514341	-4.69688	780.78	0.24	0.224926	902.3	32.7291	39.6375	0.0141273
-0.0514956	-4.83385	780.78	0.24	0.225177	902.191	32.7675	39.6098	0.0149633
-0.0515588	-4.96735	780.78	0.24	0.2259	902.078	32.827	39.5603	0.0158012
-0.0516236	-5.09443	780.78	0.24	0.226547	901.963	32.8865	39.5094	0.0166201
-0.05169	-5.21618	780.78	0.24	0.22713	901.844	32.9389	39.4636	0.0174239
-0.0517579	-5.33152	780.78	0.24	0.227896	901.723	32.9708	39.4426	0.018203
-0.0518273	-5.44126	780.78	0.24	0.228365	901.6	32.9949	39.4313	0.0189601
-0.051898	-5.54572	780.78	0.24	0.229564	901.473	33.0712	39.3608	0.019695
-0.0519699	-5.6374	780.78	0.24	0.230635	901.345	33.1144	39.3284	0.0203516
-0.0520429	-5.71794	780.78	0.24	0.232126	901.214	33.2169	39.2305	0.0209373
-0.0521168	-5.78722	780.78	0.24	0.23315	901.082	33.3025	39.1539	0.0214477
-0.0521916	-5.85883	780.78	0.24	0.234153	900.948	33.3738	39.1602	0.0219818
-0.0522671	-5.90905	780.78	0.24	0.235601	900.812	33.5583	39.0198	0.0223603
-0.0523431	-5.94836	780.78	0.24	0.236337	900.676	33.545	39.0074	0.0226587
-0.0524197	-5.98448	780.78	0.24	0.236572	900.538	33.5347	38.9205	0.0229348
-0.0524966	-6.02072	780.78	0.24	0.237606	900.4	33.619	38.8846	0.0232134
-0.052574	-6.04958	780.78	0.24	0.238375	900.261	33.661	38.8917	0.0234364
-0.0526516	-6.06299	780.78	0.24	0.239601	900.121	33.7392	38.8292	0.0235404
-0.0527293	-6.06479	780.78	0.24	0.240483	899.982	33.7606	38.8249	0.0235544
-0.0528069	-6.06083	780.78	0.24	0.241077	899.842	33.7479	38.8514	0.0235237
-0.0528845	-6.05074	780.78	0.24	0.24184	899.702	33.7217	38.8908	0.0234454
-0.0529618	-6.03681	780.78	0.24	0.24263	899.563	33.7079	38.9348	0.0233376
-0.0530389	-6.01192	780.78	0.24	0.243343	899.424	33.7345	38.9187	0.0231456
-0.0531156	-5.98353	780.78	0.24	0.243464	899.286	33.7338	38.9329	0.0229275
-0.053192	-5.95846	780.78	0.24	0.243255	899.148	33.7122	38.9522	0.0227357
-0.0532681	-5.93429	780.78	0.24	0.243379	899.011	33.6749	39.007	0.0225516
-0.0533438	-5.90399	780.78	0.24	0.243971	898.874	33.6532	39.0446	0.022322
-0.0534191	-5.86952	780.78	0.24	0.244308	898.739	33.6357	39.0749	0.0220621
-0.0534939	-5.83543	780.78	0.24	0.244586	898.604	33.6126	39.0981	0.0218065
-0.0535682	-5.79149	780.78	0.24	0.245554	898.47	33.5644	39.1551	0.0214794
-0.0536419	-5.74156	780.78	0.24	0.245966	898.337	33.5322	39.1939	0.0211106
-0.0537149	-5.68864	780.78	0.24	0.246503	898.205	33.4962	39.24	0.0207232
-0.0537873	-5.63207	780.78	0.24	0.246785	898.074	33.4697	39.2749	0.0203131
-0.0538588	-5.57236	780.78	0.24	0.246938	897.945	33.4542	39.2969	0.0198847
-0.0539296	-5.5132	780.78	0.24	0.246782	897.817	33.4314	39.3258	0.0194648
-0.0539997	-5.45714	780.78	0.24	0.246083	897.691	33.4136	39.3513	0.0190709
-0.0540691	-5.40669	780.78	0.24	0.245623	897.566	33.4086	39.3719	0.0187199
-0.0541378	-5.3587	780.78	0.24	0.245591	897.442	33.4018	39.3834	0.0183891
-0.054206	-5.31562	780.78	0.24	0.245704	897.319	33.3876	39.3859	0.0180946
-0.0542736	-5.26254	780.78	0.24	0.246509	897.197	33.3549	39.4233	0.017735
-0.0543404	-5.20208	780.78	0.24	0.247244	897.076	33.369	39.4117	0.0173298
-0.0544065	-5.14013	780.78	0.24	0.247939	896.957	33.3934	39.372	0.0169196
-0.0544716	-5.0643	780.78	0.24	0.249251	896.84	33.3775	39.3895	0.0164241
-0.0545356	-4.97702	780.78	0.24	0.250529	896.724	33.3509	39.4171	0.0158628
-0.0545984	-4.88025	780.78	0.24	0.251585	896.61	33.328	39.4375	0.0152519
-0.0546599	-4.77322	780.78	0.24	0.252587	896.498	33.3123	39.452	0.0145903
-0.05472	-4.65804	780.78	0.24	0.253419	896.39	33.3067	39.4567	0.0138946
-0.0547785	-4.53822	780.78	0.24	0.254173	896.283	33.305	39.4512	0.013189
-0.0548354	-4.40903	780.78	0.24	0.255227	896.18	33.2883	39.4656	0.0124488
-0.0548905	-4.26766	780.78	0.24	0.256781	896.079	33.3057	39.4354	0.0116633
-0.0549437	-4.11193	780.78	0.24	0.258227	895.982	33.332	39.4027	0.0108276
-0.0549947	-3.94522	780.78	0.24	0.259154	895.889	33.3624	39.3639	0.00996743
-0.0550436	-3.7706	780.78	0.24	0.259991	895.799	33.3725	39.3471	0.00910461
-0.0550902	-3.58846	780.78	0.24	0.260857	895.714	33.3425	39.3748	0.00824627
-0.0551343	-3.40011	780.78	0.24	0.261376	895.633	33.322	39.3724	0.00740334
-0.055176	-3.21018	780.78	0.24	0.261369	895.556	33.3119	39.3787	0.00659932
-0.0552153	-3.02536	780.78	0.24	0.260659	895.483	33.3635	39.309	0.00586132
-0.0552523	-2.84043	780.78	0.24	0.261009	895.415	33.4128	39.2553	0.00516666
-0.0552869	-2.64931	780.78	0.24	0.262001	895.351	33.416	39.2391	0.00449477
-0.0553189	-2.44935	780.78	0.24	0.262955	895.291	33.4379	39.2051	0.00384188
-0.0553483	-2.24302	780.78	0.24	0.263658	895.236	33.4919	39.1316	0.00322186
-0.055375	-2.03231	780.78	0.24	0.264102	895.186	33.5548	39.0489	0.00264499
-0.0553989	-1.81682	780.78	0.24	0.264557	895.14	33.5805	39.0008	0.00211381
-0.0554201	-1.59578	780.78	0.24	0.264987	895.1	33.5505	39.0116	0.00163075
-0.0554384	-1.37986	780.78	0.24	0.265231	895.065	33.5004	39.0221	0.0012193
-0.0554539	-1.15562	780.78	0.24	0.265206	895.034	33.4969	38.9989	0.000855212
-0.0554665	-0.917753	780.78	0.24	0.268045	895.009	33.424	39.0897	0.000539378
-0.0554758	-0.663521	780.78	0.24	0.268823	894.99	33.4545	39.0257	0.000281936
-0.0554819	-0.407422	780.78	0.24	0.268579	894.976	33.3908	39.0605	0.000106299
-0.0554847	-0.157818	780.78	0.24	0.267425	894.968	33.2701	39.1498	1.59498e-05
-0.0554844	0.0742034	780.78	0.24	0.266024	894.966	33.155	39.2179	3.52605e-06
-0.0554812	0.302951	780.78	0.24	0.265285	894.969	33.0355	39.3039	5.8774e-05
-0.0554752	0.524638	780.78	0.24	0.264243	894.977	32.9414	39.3644	0.000176263
-0.0554665	0.735551	780.78	0.24	0.262934	894.99	32.91	39.3551	0.000346471
-0.0554551	0.935779	780.78	0.24	0.261853	895.008	32.8898	39.3391	0.000560774
-0.0554412	1.12998	780.78	0.24	0.261725	895.031	32.8571	39.3342	0.00081768
-0.0554249	1.3236	780.78	0.24	0.261707	895.058	32.808	39.3406	0.0011219
-0.0554061	1.5178	780.78	0.24	0.261796	895.089	32.7731	39.3284	0.00147526
-0.0553848	1.71117	780.78	0.24	0.261662	895.125	32.7622	39.2936	0.00187512
-0.055361	1.90276	780.78	0.24	0.261101	895.166	32.7655	39.2444	0.0023185
-0.0553349	2.0873	780.78	0.24	0.26028	895.21	32.7769	39.1871	0.00279004
-0.0553064	2.26423	780.78	0.24	0.259421	895.259	32.79	39.128	0.0032831
-0.0552758	2.43377	780.78	0.24	0.258553	895.312	32.8122	39.0557	0.00379315
-0.055243	2.59486	780.78	0.24	0.257341	895.369	32.837	38.9807	0.0043119
-0.0552084	2.7436	780.78	0.24	0.25588	895.429	32.8592	38.9098	0.00482039
-0.0551719	2.87847	780.78	0.24	0.254335	895.493	32.875	38.8413	0.00530597
-0.0551339	2.99891	780.78	0.24	0.252666	895.56	32.8811	38.7853	0.00575927
-0.0550944	3.10581	780.78	0.24	0.251131	895.629	32.8703	38.7556	0.00617719
-0.0550537	3.20016	780.78	0.24	0.250103	895.701	32.8357	38.7399	0.0065582
-0.0550119	3.28943	780.78	0.24	0.249758	895.775	32.7721	38.7569	0.0069292
-0.0549689	3.37436	780.78	0.24	0.249287	895.851	32.722	38.7554	0.0072916
-0.0549249	3.45506	780.78	0.24	0.248769	895.929	32.6973	38.7256	0.00764454
-0.0548799	3.52969	780.78	0.24	0.247882	896.009	32.6552	38.7141	0.00797836
-0.0548341	3.59594	780.78	0.24	0.246775	896.09	32.6128	38.7026	0.00828068
-0.0547874	3.65313	780.78	0.24	0.245905	896.173	32.6243	38.6323	0.00854618
-0.0547402	3.70116	780.78	0.24	0.244883	896.257	32.5948	38.6128	0.0087724
-0.0546924	3.74016	780.78	0.24	0.243839	896.342	32.531	38.6208	0.00895821
-0.0546442	3.76095	780.78	0.24	0.243532	896.429	32.4749	38.6083	0.00905807
-0.0545958	3.78867	780.78	0.24	0.243035	896.515	32.4525	38.5891	0.00919212
-0.054547	3.81132	780.78	0.24	0.242905	896.602	32.4391	38.5518	0.00930235
-0.0544983	3.79105	780.78	0.24	0.244499	896.69	32.4488	38.568	0.00920366
-0.0544509	3.57884	780.78	0.24	0.242916	896.777	32.3941	39.2108	0.00820212
-0.0544048	3.61295	780.78	0.24	0.244626	896.86	32.3479	39.1726	0.00835921
-0.0543581	3.65573	780.78	0.24	0.244756	896.943	32.2946	39.1764	0.00855835
-0.0543109	3.69835	780.78	0.24	0.244585	897.027	32.2284	39.1923	0.00875905
-0.0542631	3.73865	780.78	0.24	0.244373	897.112	32.1551	39.216	0.00895098
-0.0542149	3.7763	780.78	0.24	0.244151	897.198	32.0784	39.239	0.00913217
-0.0541662	3.81294	780.78	0.24	0.243873	897.285	31.9977	39.2679	0.00931024
-0.054117	3.84629	780.78	0.24	0.243385	897.373	31.9166	39.2972	0.00947381
-0.0540675	3.87362	780.78	0.24	0.242702	897.462	31.8359	39.325	0.00960895
-0.0540177	3.89489	780.78	0.24	0.241984	897.551	31.7532	39.3548	0.00971473
-0.0539676	3.90895	780.78	0.24	0.241099	897.641	31.6721	39.3856	0.00978502
-0.0539175	3.91208	780.78	0.24	0.239999	897.731	31.6029	39.398	0.00980068
-0.0538674	3.90929	780.78	0.24	0.23924	897.821	31.5341	39.4155	0.00978671
-0.0538174	3.89789	780.78	0.24	0.238238	897.911	31.4913	39.4054	0.00972973
-0.0537677	3.87916	780.78	0.24	0.237802	898	31.4649	39.3817	0.00963643
-0.0537182	3.85706	780.78	0.24	0.237263	898.089	31.4489	39.3458	0.00952694
-0.0536691	3.82962	780.78	0.24	0.236528	898.178	31.4302	39.3188	0.00939187
-0.0536203	3.79444	780.78	0.24	0.235689	898.266	31.4071	39.2914	0.00922012
-0.0535721	3.75182	780.78	0.24	0.234634	898.353	31.3754	39.2746	0.00901416
-0.0535246	3.69791	780.78	0.24	0.233242	898.439	31.3371	39.2673	0.00875697
-0.0534779	3.6304	780.78	0.24	0.231551	898.524	31.3074	39.2514	0.00844013
-0.0534322	3.54267	780.78	0.24	0.229791	898.607	31.2999	39.2079	0.00803717
-0.0533877	3.44418	780.78	0.24	0.228616	898.688	31.2919	39.1617	0.00759651
-0.0533446	3.33969	780.78	0.24	0.228198	898.767	31.2696	39.1414	0.00714255
-0.0533029	3.22989	780.78	0.24	0.227321	898.843	31.2543	39.1176	0.00668061
-0.053264	2.90514	780.78	0.24	0.228883	898.917	31.2362	40.0746	0.00540473
-0.0532277	2.79998	780.78	0.24	0.22834	898.983	31.2194	40.0372	0.00502053
-0.0531929	2.69617	780.78	0.24	0.22861	899.047	31.2185	39.9968	0.00465518
-0.0531593	2.59551	780.78	0.24	0.229235	899.108	31.2234	39.9564	0.00431406
-0.053127	2.50443	780.78	0.24	0.230561	899.167	31.2138	39.933	0.0040166
-0.0530957	2.42356	780.78	0.24	0.231979	899.225	31.2195	39.8971	0.00376139
-0.0530653	2.36005	780.78	0.24	0.233831	899.28	31.2515	39.8261	0.00356685
-0.0530355	2.31226	780.78	0.24	0.235489	899.334	31.2839	39.7575	0.00342385
-0.0530063	2.27713	780.78	0.24	0.236975	899.387	31.3169	39.6865	0.00332062
-0.0529773	2.25583	780.78	0.24	0.238176	899.439	31.3508	39.6146	0.00325878
-0.0529486	2.24295	780.78	0.24	0.239119	899.491	31.3841	39.5433	0.00322166
-0.0529199	2.2404	780.78	0.24	0.240214	899.543	31.4175	39.4713	0.00321433
-0.0528912	2.2468	780.78	0.24	0.241153	899.595	31.4638	39.3879	0.00323273
-0.0528623	2.26096	780.78	0.24	0.241982	899.646	31.5157	39.2966	0.00327363
-0.0528331	2.28085	780.78	0.24	0.242658	899.699	31.5686	39.2057	0.00333145
-0.0528037	2.30637	780.78	0.24	0.243034	899.751	31.62	39.1169	0.00340643
-0.0527739	2.33397	780.78	0.24	0.24317	899.805	31.6734	39.0265	0.00348844
-0.0527437	2.36233	780.78	0.24	0.242986	899.859	31.7281	38.9351	0.00357372
-0.0527132	2.38547	780.78	0.24	0.242504	899.913	31.7869	38.8351	0.00364408
-0.0526825	2.40588	780.78	0.24	0.242336	899.968	31.8385	38.7416	0.00370672
-0.0526515	2.42419	780.78	0.24	0.242149	900.024	31.8932	38.6512	0.00376337
-0.0526202	2.44279	780.78	0.24	0.242213	900.08	31.9645	38.5397	0.00382132
-0.0525887	2.46504	780.78	0.24	0.242644	900.136	32.0444	38.4263	0.00389126
-0.0525569	2.49073	780.78	0.24	0.242937	900.193	32.124	38.3156	0.00397279
-0.0525248	2.51803	780.78	0.24	0.242988	900.251	32.206	38.1978	0.00406035
-0.0524923	2.54495	780.78	0.24	0.242894	900.309	32.2713	38.0971	0.00414762
-0.0524594	2.57353	780.78	0.24	0.243439	900.368	32.3098	38.0238	0.0042413
-0.0524261	2.60861	780.78	0.24	0.24424	900.428	32.3237	37.979	0.00435774
-0.0523923	2.64994	780.78	0.24	0.244939	900.488	32.3355	37.9339	0.00449689
-0.0523579	2.69721	780.78	0.24	0.245389	900.549	32.3589	37.8757	0.00465876
-0.0523229	2.74659	780.78	0.24	0.245365	900.612	32.3834	37.8177	0.00483093
-0.0522873	2.79277	780.78	0.24	0.244776	900.675	32.3984	37.769	0.00499473
-0.0522511	2.83142	780.78	0.24	0.243682	900.74	32.4027	37.7337	0.00513394
-0.0522146	2.85858	780.78	0.24	0.242871	900.806	32.4107	37.6795	0.00523289
-0.0521777	2.88472	780.78	0.24	0.24284	900.872	32.421	37.6358	0.00532905
-0.0521405	2.90703	780.78	0.24	0.242496	900.938	32.4197	37.6082	0.00541178
-0.0521031	2.92698	780.78	0.24	0.241711	901.006	32.3965	37.6003	0.00548633
-0.0520655	2.9359	780.78	0.24	0.240191	901.073	32.3655	37.6027	0.0055198
-0.052028	2.92328	780.78	0.24	0.238782	901.141	32.4538	37.5795	0.00547246
-0.0519907	2.9057	780.78	0.24	0.237231	901.209	32.4786	37.5312	0.00540684
-0.0519539	2.85118	780.78	0.24	0.236019	901.275	32.2907	37.8647	0.00520584
-0.0519178	2.81196	780.78	0.24	0.235021	901.341	32.2811	37.8424	0.00506361
-0.0518822	2.76028	780.78	0.24	0.233468	901.406	32.2672	37.8275	0.0048792
-0.0518475	2.69506	780.78	0.24	0.231978	901.469	32.2356	37.8349	0.00465133
-0.0518137	2.6175	780.78	0.24	0.230568	901.531	32.191	37.8551	0.00438748
-0.051781	2.52808	780.78	0.24	0.229489	901.591	32.14	37.89	0.00409282
-0.0517496	2.43211	780.78	0.24	0.229278	901.649	32.0995	37.9071	0.00378799
-0.0517193	2.33483	780.78	0.24	0.229075	901.704	32.0647	37.921	0.00349103
-0.0516904	2.23531	780.78	0.24	0.228661	901.758	32.0349	37.9265	0.00319975
-0.0516628	2.13047	780.78	0.24	0.228227	901.809	31.9949	37.9394	0.00290666
-0.0516365	2.02375	780.78	0.24	0.227908	901.857	31.9549	37.958	0.00262275
-0.0516116	1.91223	780.78	0.24	0.22746	901.903	31.9204	37.9732	0.00234164
-0.0515882	1.79694	780.78	0.24	0.226814	901.947	31.8937	37.9808	0.0020678
-0.0515664	1.67631	780.78	0.24	0.226531	901.988	31.8683	37.9917	0.00179949
-0.0515461	1.55406	780.78	0.24	0.226435	902.026	31.8415	38.0033	0.0015466
-0.0515274	1.43267	780.78	0.24	0.226794	902.061	31.7996	38.0299	0.00131442
-0.0515101	1.31542	780.78	0.24	0.227107	902.093	31.7627	38.0513	0.00110807
-0.0514944	1.19947	780.78	0.24	0.227219	902.123	31.7337	38.0649	0.000921344
-0.0514801	1.08514	780.78	0.24	0.227317	902.15	31.7153	38.07	0.000754067
-0.0514673	0.970632	780.78	0.24	0.227351	902.175	31.7042	38.0695	0.000603324
-0.051456	0.855945	780.78	0.24	0.227138	902.196	31.6977	38.0645	0.000469173
-0.0514462	0.737893	780.78	0.24	0.226694	902.216	31.6902	38.0611	0.000348681
-0.0514379	0.616038	780.78	0.24	0.226417	902.232	31.6796	38.0632	0.000243028
-0.0514312	0.493286	780.78	0.24	0.226343	902.245	31.6736	38.0596	0.000155826
-0.051426	0.369786	780.78	0.24	0.226361	902.256	31.6652	38.063	8.75672e-05
-0.0514225	0.246383	780.78	0.24	0.226259	902.264	31.661	38.0588	3.88745e-05
-0.0514205	0.120574	780.78	0.24	0.226052	902.269	31.657	38.0586	9.30996e-06
-0.0514202	-0.00615441	780.78	0.24	0.225912	902.271	31.6562	38.0543	2.42557e-08
-0.0514215	-0.134932	780.78	0.24	0.225771	902.27	31.6529	38.0542	1.16593e-05
-0.0514245	-0.265565	780.78	0.24	0.225732	902.266	31.651	38.0515	4.51631e-05
-0.0514291	-0.395422	780.78	0.24	0.225737	902.259	31.6514	38.0465	0.000100129
-0.0514355	-0.526234	780.78	0.24	0.225691	902.25	31.6539	38.0434	0.000177337
-0.0514434	-0.656782	780.78	0.24	0.225657	902.237	31.6641	38.035	0.000276239
-0.0514531	-0.787049	780.78	0.24	0.22556	902.221	31.6856	38.0133	0.000396684
-0.0514645	-0.919767	780.78	0.24	0.22534	902.202	31.7128	37.9868	0.000541748
-0.0514775	-1.05329	780.78	0.24	0.225259	902.18	31.7444	37.9584	0.000710454
-0.0514923	-1.18716	780.78	0.24	0.225415	902.155	31.7674	37.9423	0.000902527
-0.0515088	-1.31879	780.78	0.24	0.225575	902.126	31.7826	37.9315	0.00111377
-0.0515269	-1.44987	780.78	0.24	0.225588	902.095	31.7976	37.9213	0.00134616
-0.0515467	-1.58042	780.78	0.24	0.225704	902.061	31.8158	37.9088	0.00159951
-0.0515682	-1.71111	780.78	0.24	0.225759	902.024	31.844	37.88	0.00187498
-0.0515914	-1.84166	780.78	0.24	0.225743	901.983	31.8688	37.8643	0.00217201
-0.0516162	-1.97258	780.78	0.24	0.225749	901.94	31.8911	37.8532	0.00249178
-0.0516427	-2.1032	780.78	0.24	0.225875	901.894	31.9109	37.8426	0.00283272
-0.0516709	-2.23092	780.78	0.24	0.226103	901.844	31.9267	37.8366	0.0031872
-0.0517007	-2.35765	780.78	0.24	0.226276	901.792	31.9424	37.8325	0.00355959
-0.0517321	-2.48482	780.78	0.24	0.226517	901.737	31.9457	37.8426	0.00395396
-0.0517651	-2.60573	780.78	0.24	0.227215	901.679	31.9595	37.8465	0.00434809
-0.0517996	-2.72134	780.78	0.24	0.227712	901.618	31.978	37.8415	0.00474248
-0.0518355	-2.83186	780.78	0.24	0.228681	901.555	31.9815	37.8601	0.00513554
-0.0518727	-2.93272	780.78	0.24	0.229826	901.489	31.989	37.8703	0.00550785
-0.0519111	-3.02098	780.78	0.24	0.231196	901.42	32.0007	37.8726	0.00584437
-0.0519506	-3.09519	780.78	0.24	0.232747	901.35	32.0017	37.8879	0.00613501
-0.0519908	-3.15761	780.78	0.24	0.233922	901.278	32.0182	37.8893	0.00638497
-0.0520318	-3.212	780.78	0.24	0.234763	901.205	32.0419	37.8816	0.00660681
-0.0520734	-3.25814	780.78	0.24	0.2356	901.131	32.0625	37.8819	0.00679801
-0.0521155	-3.29808	780.78	0.24	0.23623	901.055	32.0666	37.9013	0.0069657
-0.052158	-3.32984	780.78	0.24	0.237387	900.979	32.0493	37.9381	0.00710051
-0.0522009	-3.35299	780.78	0.24	0.238604	900.902	32.0319	37.9786	0.00719957
-0.0522439	-3.36244	780.78	0.24	0.240128	900.825	32.0283	37.9982	0.0072402
-0.052287	-3.35714	780.78	0.24	0.241827	900.747	32.0344	38.0131	0.00721738
-0.0523298	-3.33727	780.78	0.24	0.243465	900.67	32.0476	38.0161	0.00713221
-0.0523722	-3.30063	780.78	0.24	0.245263	900.593	32.0487	38.0365	0.00697644
-0.052414	-3.24734	780.78	0.24	0.247172	900.517	32.0299	38.0756	0.006753
-0.0524549	-3.17626	780.78	0.24	0.249158	900.442	31.9901	38.138	0.00646061
-0.0524948	-3.08872	780.78	0.24	0.251027	900.37	31.947	38.2009	0.00610942
-0.0525333	-2.98317	780.78	0.24	0.25286	900.299	31.901	38.2666	0.00569899
-0.0525704	-2.86317	780.78	0.24	0.254352	900.231	31.8516	38.3342	0.0052497
-0.0526058	-2.72973	780.78	0.24	0.255722	900.166	31.7904	38.4146	0.00477178
-0.0526394	-2.58597	780.78	0.24	0.256759	900.103	31.7187	38.5024	0.00428241
-0.052671	-2.43404	780.78	0.24	0.257548	900.045	31.642	38.5974	0.003794
-0.0527007	-2.27444	780.78	0.24	0.258237	899.989	31.5578	38.7007	0.00331276
-0.0527282	-2.11074	780.78	0.24	0.25854	899.938	31.4821	38.7922	0.00285305
-0.0527537	-1.94638	780.78	0.24	0.258448	899.89	31.418	38.8709	0.00242603
-0.0527771	-1.78473	780.78	0.24	0.25823	899.846	31.3572	38.9417	0.0020398
-0.0527983	-1.62123	780.78	0.24	0.258409	899.806	31.2813	39.03	0.00168319
-0.0528175	-1.45589	780.78	0.24	0.258937	899.77	31.2046	39.125	0.00135737
-0.0528345	-1.28422	780.78	0.24	0.259671	899.737	31.1566	39.1831	0.00105614
-0.0528493	-1.10574	780.78	0.24	0.260268	899.709	31.1284	39.2218	0.00078297
-0.0528617	-0.922523	780.78	0.24	0.260588	899.684	31.1177	39.242	0.000544999
-0.0528717	-0.74024	780.78	0.24	0.260493	899.664	31.1164	39.2456	0.000350902
-0.0528794	-0.559251	780.78	0.24	0.260389	899.648	31.1099	39.2638	0.000200288
-0.0528849	-0.378977	780.78	0.24	0.259997	899.636	31.1108	39.2686	9.19745e-05
-0.052888	-0.204764	780.78	0.24	0.259418	899.628	31.1158	39.2655	2.68503e-05
-0.052889	-0.0331002	780.78	0.24	0.258788	899.625	31.1123	39.2733	7.01622e-07
-0.0528878	0.130341	780.78	0.24	0.25762	899.625	31.1135	39.2748	1.08793e-05
-0.0528847	0.280678	780.78	0.24	0.256071	899.629	31.1269	39.2621	5.04495e-05
-0.0528798	0.417137	780.78	0.24	0.254239	899.636	31.1543	39.2353	0.000111429
-0.0528733	0.535057	780.78	0.24	0.25208	899.647	31.1899	39.2006	0.000183334
-0.0528654	0.634381	780.78	0.24	0.249928	899.659	31.2328	39.1561	0.000257716
-0.0528565	0.712908	780.78	0.24	0.247432	899.675	31.2945	39.0919	0.000325468
-0.0528468	0.770106	780.78	0.24	0.245544	899.691	31.3527	39.0292	0.000379789
-0.0528365	0.814274	780.78	0.24	0.244369	899.709	31.3986	38.9853	0.000424602
-0.0528257	0.848141	780.78	0.24	0.243244	899.728	31.4727	38.9095	0.000460657
-0.0528146	0.870529	780.78	0.24	0.241963	899.748	31.5752	38.8013	0.000485298
-0.0528033	0.881226	780.78	0.24	0.240575	899.768	31.6909	38.6817	0.000497298
-0.052792	0.880094	780.78	0.24	0.239498	899.789	31.826	38.5375	0.00049602
-0.0527808	0.870892	780.78	0.24	0.238802	899.809	31.9754	38.3894	0.000485702
-0.0527698	0.857234	780.78	0.24	0.238045	899.829	32.1354	38.2257	0.000470587
-0.052759	0.833931	780.78	0.24	0.237028	899.849	32.2919	38.0644	0.00044535
-0.0527486	0.803162	780.78	0.24	0.236323	899.868	32.4307	37.9242	0.000413093
-0.0527387	0.766304	780.78	0.24	0.2354	899.886	32.5724	37.7822	0.000376048
-0.0527293	0.719747	780.78	0.24	0.234311	899.903	32.7289	37.6248	0.000331742
-0.0527206	0.662761	780.78	0.24	0.233067	899.92	32.8897	37.4632	0.000281291
-0.0527128	0.595188	780.78	0.24	0.232076	899.935	33.0564	37.2941	0.000226856
-0.0527059	0.51972	780.78	0.24	0.2311	899.948	33.2125	37.1373	0.000172974
-0.0527	0.434261	780.78	0.24	0.229973	899.959	33.3603	36.9915	0.000120766
-0.0526953	0.338876	780.78	0.24	0.228822	899.969	33.4997	36.8533	7.35397e-05
-0.052692	0.232547	780.78	0.24	0.227515	899.976	33.6273	36.7293	3.46307e-05
-0.0526901	0.113315	780.78	0.24	0.226307	899.981	33.7361	36.6275	8.2227e-06
-0.0526899	-0.0149641	780.78	0.24	0.22524	899.983	33.8286	36.5416	1.43399e-07
-0.0526914	-0.152605	780.78	0.24	0.224329	899.982	33.9052	36.4747	1.49135e-05
-0.0526947	-0.298245	780.78	0.24	0.223519	899.977	33.9718	36.4145	5.69624e-05
-0.0527	-0.449324	780.78	0.24	0.223204	899.97	34.0262	36.37	0.000129289
-0.0527072	-0.601446	780.78	0.24	0.223091	899.958	34.0534	36.3619	0.000231651
-0.0527164	-0.754736	780.78	0.24	0.223119	899.944	34.0746	36.355	0.000364781
-0.0527275	-0.907933	780.78	0.24	0.22319	899.925	34.0994	36.3434	0.000527897
-0.0527406	-1.06047	780.78	0.24	0.223166	899.904	34.1336	36.3229	0.000720177
-0.0527557	-1.21347	780.78	0.24	0.223435	899.878	34.1736	36.3007	0.000942966
-0.0527726	-1.36373	780.78	0.24	0.223784	899.849	34.2202	36.2741	0.00119095
-0.0527915	-1.50951	780.78	0.24	0.224101	899.817	34.2755	36.2362	0.00145919
-0.0528122	-1.65311	780.78	0.24	0.224435	899.782	34.324	36.2067	0.00175002
-0.0528347	-1.79271	780.78	0.24	0.224991	899.743	34.3597	36.1894	0.00205809
-0.052859	-1.92589	780.78	0.24	0.225801	899.701	34.3884	36.1817	0.00237522
-0.0528849	-2.05204	780.78	0.24	0.226496	899.655	34.4145	36.1806	0.00269658
-0.0529123	-2.17344	780.78	0.24	0.227011	899.607	34.4384	36.1807	0.00302508
-0.0529413	-2.29021	780.78	0.24	0.227576	899.557	34.4587	36.1859	0.00335887
-0.0529717	-2.40178	780.78	0.24	0.22807	899.503	34.4762	36.1935	0.0036941
-0.0530035	-2.51101	780.78	0.24	0.228512	899.447	34.4825	36.2122	0.00403773
-0.0530366	-2.61393	780.78	0.24	0.229218	899.389	34.4682	36.2626	0.00437553
-0.053071	-2.71175	780.78	0.24	0.230014	899.328	34.4446	36.3191	0.00470914
-0.0531066	-2.80009	780.78	0.24	0.230974	899.265	34.4279	36.3651	0.00502093
-0.0531433	-2.87987	780.78	0.24	0.231803	899.2	34.3955	36.429	0.00531111
-0.0531809	-2.95405	780.78	0.24	0.232394	899.133	34.3544	36.5002	0.00558825
-0.0532194	-3.0233	780.78	0.24	0.233035	899.065	34.3	36.589	0.00585335
-0.0532587	-3.08571	780.78	0.24	0.23377	898.995	34.2378	36.685	0.00609749
-0.0532987	-3.14193	780.78	0.24	0.234492	898.924	34.1657	36.7902	0.00632169
-0.0533395	-3.19318	780.78	0.24	0.23532	898.851	34.0841	36.9067	0.00652963
-0.0533808	-3.23408	780.78	0.24	0.23627	898.777	33.997	37.0289	0.00669798
-0.0534225	-3.26725	780.78	0.24	0.237187	898.703	33.9062	37.1565	0.00683607
-0.0534646	-3.29159	780.78	0.24	0.238098	898.627	33.8122	37.289	0.00693831
-0.0535069	-3.3084	780.78	0.24	0.239012	898.551	33.7192	37.419	0.00700936
-0.0535494	-3.31773	780.78	0.24	0.23984	898.475	33.6297	37.5487	0.00704895
-0.0535919	-3.31759	780.78	0.24	0.240909	898.399	33.5419	37.6798	0.00704836
-0.0536343	-3.30822	780.78	0.24	0.242105	898.322	33.4561	37.8044	0.0070086
-0.0536764	-3.28748	780.78	0.24	0.243412	898.246	33.3769	37.9146	0.00692099
-0.0537182	-3.25451	780.78	0.24	0.244751	898.171	33.307	38.0215	0.00678285
-0.0537595	-3.21059	780.78	0.24	0.245999	898.096	33.2216	38.1439	0.00660101
-0.0538001	-3.15398	780.78	0.24	0.247463	898.023	33.1313	38.2782	0.00637029
-0.0538398	-3.08379	780.78	0.24	0.248903	897.951	33.0431	38.405	0.00608992
-0.0538785	-3.00087	780.78	0.24	0.25033	897.88	32.9362	38.5514	0.00576681
-0.053916	-2.90488	780.78	0.24	0.251732	897.812	32.8024	38.7196	0.00540377
-0.0539523	-2.80601	780.78	0.24	0.252972	897.746	32.618	38.9669	0.00504218
-0.0539871	-2.6962	780.78	0.24	0.254135	897.682	32.5136	39.1514	0.00465527
-0.0540204	-2.56359	780.78	0.24	0.255909	897.62	32.5516	39.1536	0.0042086
-0.0540519	-2.42639	780.78	0.24	0.255922	897.562	32.3632	39.387	0.00377019
-0.0540816	-2.28258	780.78	0.24	0.256652	897.507	32.21	39.5869	0.00333651
-0.0541094	-2.13222	780.78	0.24	0.257362	897.456	32.1077	39.7246	0.00291143
-0.0541352	-1.97637	780.78	0.24	0.258057	897.408	32.0245	39.8622	0.00250138
-0.054159	-1.81151	780.78	0.24	0.259142	897.363	31.9391	39.9797	0.00210147
-0.0541805	-1.63948	780.78	0.24	0.25985	897.322	31.8654	40.0875	0.00172129
-0.0541998	-1.46031	780.78	0.24	0.260576	897.286	31.8147	40.1676	0.00136563
-0.0542167	-1.27439	780.78	0.24	0.261303	897.253	31.7855	40.2259	0.00104004
-0.0542312	-1.08337	780.78	0.24	0.261822	897.225	31.7739	40.2645	0.000751618
-0.0542432	-0.88756	780.78	0.24	0.262068	897.201	31.775	40.2884	0.000504472
-0.0542527	-0.689804	780.78	0.24	0.262158	897.182	31.7859	40.3043	0.000304715
-0.0542596	-0.49145	780.78	0.24	0.262255	897.167	31.7965	40.3168	0.000154668
-0.054264	-0.292959	780.78	0.24	0.262108	897.157	31.8113	40.3226	5.49611e-05
-0.0542658	-0.0983402	780.78	0.24	0.261411	897.152	31.843	40.3137	6.19304e-06
-0.0542653	0.092903	780.78	0.24	0.26142	897.15	31.9175	40.2562	5.52715e-06
-0.0542622	0.28165	780.78	0.24	0.261084	897.154	32.0028	40.187	5.07995e-05
-0.0542568	0.467728	780.78	0.24	0.260656	897.161	32.0984	40.1067	0.000140097
-0.0542491	0.649758	780.78	0.24	0.25998	897.173	32.1952	40.0245	0.000270361
-0.0542391	0.8238	780.78	0.24	0.259008	897.189	32.2885	39.9426	0.000434596
-0.054227	0.978007	780.78	0.24	0.258738	897.209	32.3921	39.8939	0.000612527
-0.0542129	1.14666	780.78	0.24	0.258806	897.232	32.5422	39.751	0.000841999
-0.0541966	1.31385	780.78	0.24	0.258234	897.26	32.638	39.6651	0.00110543
-0.0541782	1.47395	780.78	0.24	0.257291	897.291	32.6991	39.6174	0.00139126
-0.0541579	1.62241	780.78	0.24	0.256779	897.326	32.7726	39.6011	0.00168564
-0.0541356	1.77107	780.78	0.24	0.256121	897.364	32.8105	39.5725	0.00200869
-0.0541117	1.8945	780.78	0.24	0.255459	897.405	32.7687	39.6988	0.00229842
-0.0540861	2.0351	780.78	0.24	0.255737	897.45	32.7741	39.6964	0.00265225
-0.0540587	2.1762	780.78	0.24	0.255487	897.497	32.7477	39.7254	0.00303277
-0.0540295	2.31329	780.78	0.24	0.254787	897.548	32.6871	39.7924	0.00342689
-0.0539986	2.44275	780.78	0.24	0.253936	897.602	32.6615	39.8034	0.00382121
-0.0539661	2.57039	780.78	0.24	0.254374	897.659	32.6478	39.8206	0.00423097
-0.0539319	2.70169	780.78	0.24	0.254577	897.719	32.6455	39.8224	0.00467425
-0.0538961	2.8318	780.78	0.24	0.254233	897.782	32.6647	39.802	0.00513531
-0.0538585	2.96203	780.78	0.24	0.254506	897.848	32.7137	39.7448	0.00561851
-0.0538193	3.09458	780.78	0.24	0.254706	897.916	32.7781	39.6806	0.00613262
-0.0537784	3.22871	780.78	0.24	0.254766	897.988	32.8596	39.5919	0.00667575
-0.0537358	3.36394	780.78	0.24	0.254844	898.063	32.9324	39.5081	0.00724665
-0.0536914	3.50071	780.78	0.24	0.25507	898.142	32.9913	39.4441	0.00784791
-0.0536452	3.63895	780.78	0.24	0.255235	898.223	33.0361	39.392	0.00847996
-0.0535973	3.77759	780.78	0.24	0.255474	898.307	33.0709	39.3468	0.0091384
-0.0535476	3.92141	780.78	0.24	0.256006	898.395	33.093	39.3139	0.00984748
-0.0534959	4.0692	780.78	0.24	0.256368	898.486	33.095	39.3	0.0106038
-0.0534424	4.21985	780.78	0.24	0.256564	898.581	33.1028	39.2778	0.0114034
-0.0533869	4.3713	780.78	0.24	0.256426	898.679	33.1041	39.2634	0.0122367
-0.0533295	4.51892	780.78	0.24	0.255802	898.78	33.095	39.2587	0.0130771
-0.0532702	4.65999	780.78	0.24	0.254905	898.885	33.0855	39.2543	0.0139063
-0.0532093	4.78912	780.78	0.24	0.25381	898.993	33.0815	39.2425	0.0146877
-0.0531468	4.91333	780.78	0.24	0.253027	899.104	33.0786	39.2292	0.0154594
-0.0530827	5.02767	780.78	0.24	0.251841	899.218	33.0749	39.2168	0.0161873
-0.0530173	5.13292	780.78	0.24	0.250941	899.334	33.0762	39.1984	0.0168722
-0.0529507	5.22985	780.78	0.24	0.249841	899.453	33.0876	39.1686	0.0175154
-0.0528828	5.31546	780.78	0.24	0.248586	899.574	33.0998	39.1373	0.0180935
-0.052814	5.3909	780.78	0.24	0.247422	899.697	33.1091	39.1095	0.0186107
-0.0527444	5.45524	780.78	0.24	0.246106	899.822	33.124	39.073	0.0190576
-0.052674	5.5061	780.78	0.24	0.244501	899.948	33.1423	39.0342	0.0194146
-0.0526031	5.54183	780.78	0.24	0.242577	900.075	33.1624	38.9946	0.0196674
-0.052532	5.55831	780.78	0.24	0.24031	900.203	33.1934	38.9445	0.0197846
-0.0524608	5.55324	780.78	0.24	0.23786	900.331	33.2379	38.8776	0.0197485
-0.0523899	5.52921	780.78	0.24	0.236102	900.459	33.2823	38.8145	0.019578
-0.0523194	5.48786	780.78	0.24	0.235061	900.586	33.3196	38.7548	0.0192862
-0.0522496	5.44481	780.78	0.24	0.234497	900.713	33.3676	38.6893	0.0189848
-0.0521803	5.39423	780.78	0.24	0.233735	900.838	33.4081	38.6249	0.0186337
-0.0521118	5.33838	780.78	0.24	0.233002	900.962	33.4436	38.5721	0.0182499
-0.052044	5.27229	780.78	0.24	0.232091	901.085	33.4693	38.5284	0.0178008
-0.0519772	5.20045	780.78	0.24	0.231358	901.206	33.4896	38.4926	0.017319
-0.0519113	5.1221	780.78	0.24	0.230586	901.326	33.5163	38.4442	0.0168011
-0.0518465	5.0374	780.78	0.24	0.230053	901.444	33.5384	38.4049	0.01625
-0.0517829	4.94835	780.78	0.24	0.229715	901.56	33.5524	38.3806	0.0156806
-0.0517204	4.85917	780.78	0.24	0.229708	901.673	33.5566	38.3631	0.0151205
-0.051659	4.7692	780.78	0.24	0.229914	901.785	33.5423	38.3615	0.0145658
-0.0515988	4.68318	780.78	0.24	0.230467	901.895	33.5023	38.3896	0.014045
-0.0515396	4.60103	780.78	0.24	0.230941	902.002	33.4626	38.4164	0.0135566
-0.0514814	4.52484	780.78	0.24	0.231442	902.108	33.4209	38.4416	0.0131113
-0.0514242	4.45227	780.78	0.24	0.231802	902.212	33.3721	38.479	0.0126942
-0.0513678	4.38165	780.78	0.24	0.232125	902.315	33.3118	38.5302	0.0122947
-0.0513124	4.31426	780.78	0.24	0.232465	902.416	33.2379	38.5915	0.0119194
-0.0512577	4.25007	780.78	0.24	0.232663	902.515	33.1522	38.6665	0.0115673
-0.0512039	4.18716	780.78	0.24	0.232805	902.613	33.0535	38.7561	0.0112274
-0.0511509	4.12529	780.78	0.24	0.232879	902.709	32.9473	38.8521	0.0108981
-0.0510987	4.06423	780.78	0.24	0.232922	902.804	32.8381	38.9505	0.0105779
-0.0510472	4.0033	780.78	0.24	0.233001	902.898	32.7291	39.0485	0.0102631
-0.0509965	3.94313	780.78	0.24	0.233043	902.99	32.6138	39.1552	0.00995689
-0.0509466	3.88307	780.78	0.24	0.233206	903.081	32.5024	39.2592	0.00965586
-0.0508974	3.82602	780.78	0.24	0.233572	903.171	32.3779	39.376	0.00937423
-0.050849	3.77243	780.78	0.24	0.233948	903.259	32.2516	39.4945	0.00911349
-0.0508011	3.72043	780.78	0.24	0.234204	903.346	32.1259	39.6129	0.00886394
-0.050754	3.67058	780.78	0.24	0.234434	903.432	32.0045	39.7289	0.00862803
-0.0507074	3.6237	780.78	0.24	0.234859	903.516	31.9104	39.8159	0.00840901
-0.0506614	3.58089	780.78	0.24	0.235199	903.6	31.8164	39.9056	0.00821153
-0.050616	3.54096	780.78	0.24	0.235561	903.682	31.7084	40.0148	0.00802939
-0.050571	3.50572	780.78	0.24	0.23614	903.764	31.5892	40.1262	0.0078704
-0.0505264	3.47333	780.78	0.24	0.236582	903.845	31.4701	40.2353	0.00772563
-0.0504822	3.44698	780.78	0.24	0.237168	903.925	31.3685	40.3269	0.00760883
-0.0504382	3.42555	780.78	0.24	0.237682	904.005	31.279	40.4099	0.00751454
-0.0503946	3.40779	780.78	0.24	0.238231	904.084	31.2003	40.4819	0.00743683
-0.050351	3.39566	780.78	0.24	0.238786	904.163	31.1392	40.5381	0.00738398
-0.0503076	3.38783	780.78	0.24	0.239156	904.242	31.0908	40.5774	0.00734996
-0.0502643	3.38451	780.78	0.24	0.239657	904.32	31.0579	40.6025	0.00733556
-0.0502209	3.38533	780.78	0.24	0.24028	904.398	31.0292	40.6277	0.0073391
-0.0501775	3.3923	780.78	0.24	0.240738	904.477	31.0154	40.6308	0.00736934
-0.050134	3.4012	780.78	0.24	0.240817	904.556	31.0168	40.6217	0.00740808
-0.0500904	3.4089	780.78	0.24	0.240533	904.634	31.03	40.5969	0.00744167
-0.0500467	3.41277	780.78	0.24	0.240247	904.713	31.0466	40.5689	0.00745856
-0.0500029	3.41545	780.78	0.24	0.240165	904.793	31.0664	40.5336	0.00747031
-0.0499592	3.418	780.78	0.24	0.23989	904.872	31.0851	40.5037	0.00748144
-0.0499154	3.41602	780.78	0.24	0.239287	904.951	31.1056	40.4714	0.00747276
-0.0498717	3.40795	780.78	0.24	0.238451	905.03	31.1276	40.4375	0.00743752
-0.0498282	3.39088	780.78	0.24	0.237283	905.109	31.1528	40.3998	0.0073632
-0.0497851	3.36128	780.78	0.24	0.23578	905.187	31.1764	40.3637	0.00723519
-0.0497424	3.31819	780.78	0.24	0.234234	905.265	31.1858	40.3436	0.00705088
-0.0497005	3.2612	780.78	0.24	0.23277	905.342	31.1756	40.3435	0.00681076
-0.0496594	3.19025	780.78	0.24	0.231181	905.417	31.1637	40.3442	0.00651764
-0.0496193	3.10287	780.78	0.24	0.229306	905.491	31.1563	40.34	0.00616552
-0.0495806	2.99668	780.78	0.24	0.227574	905.562	31.1654	40.3237	0.00575072
-0.0495433	2.87832	780.78	0.24	0.226015	905.631	31.201	40.2762	0.0053054
-0.0495077	2.74495	780.78	0.24	0.224237	905.697	31.2143	40.2522	0.00482514
-0.0494739	2.59553	780.78	0.24	0.222404	905.76	31.2077	40.249	0.00431414
-0.0494423	2.42801	780.78	0.24	0.22059	905.819	31.2113	40.2319	0.00377522
-0.0494129	2.24576	780.78	0.24	0.218915	905.874	31.2358	40.1964	0.00322974
-0.049386	2.04844	780.78	0.24	0.217239	905.925	31.2659	40.1611	0.00268713
-0.0493618	1.83538	780.78	0.24	0.215473	905.972	31.3027	40.117	0.00215722
-0.0493405	1.60506	780.78	0.24	0.213708	906.013	31.3411	40.0733	0.00164978
-0.0493223	1.35978	780.78	0.24	0.212117	906.049	31.3928	40.0134	0.00118407
-0.0493073	1.10092	780.78	0.24	0.21067	906.079	31.4626	39.9415	0.000776161
-0.0492958	0.82806	780.78	0.24	0.209242	906.103	31.5432	39.8568	0.000439101
-0.0492879	0.543057	780.78	0.24	0.207925	906.121	31.6324	39.7676	0.000188856
-0.0492838	0.245213	780.78	0.24	0.206656	906.132	31.7343	39.6662	3.85061e-05
-0.0492836	-0.0628057	780.78	0.24	0.20549	906.135	31.8468	39.5542	2.52604e-06
-0.0492875	-0.379419	780.78	0.24	0.204677	906.132	31.9373	39.4712	9.21893e-05
-0.0492954	-0.703316	780.78	0.24	0.204046	906.122	32.0119	39.4009	0.000316769
-0.0493076	-1.03186	780.78	0.24	0.203668	906.103	32.0752	39.3447	0.000681843
-0.049324	-1.3634	780.78	0.24	0.203798	906.077	32.1107	39.3099	0.00119039
-0.0493446	-1.69082	780.78	0.24	0.204296	906.044	32.1178	39.3112	0.00183078
-0.0493693	-2.01353	780.78	0.24	0.204962	906.003	32.1088	39.3301	0.00259631
-0.0493982	-2.32995	780.78	0.24	0.205754	905.954	32.0923	39.3582	0.00347643
-0.049431	-2.63855	780.78	0.24	0.206732	905.898	32.0752	39.3901	0.00445834
-0.0494676	-2.93624	780.78	0.24	0.208078	905.835	32.0539	39.4262	0.00552109
-0.049508	-3.22099	780.78	0.24	0.209558	905.766	32.036	39.4604	0.00664387
-0.0495519	-3.49202	780.78	0.24	0.211071	905.689	32.0309	39.4819	0.00780901
-0.0495991	-3.74996	780.78	0.24	0.212554	905.607	32.0369	39.4937	0.00900525
-0.0496495	-3.99446	780.78	0.24	0.214129	905.518	32.047	39.5058	0.0102178
-0.0497028	-4.22368	780.78	0.24	0.21584	905.424	32.0558	39.5172	0.0114241
-0.049759	-4.43908	780.78	0.24	0.217378	905.325	32.0724	39.5226	0.012619
-0.0498178	-4.64052	780.78	0.24	0.218731	905.221	32.0995	39.5175	0.0137903
-0.0498791	-4.83047	780.78	0.24	0.219921	905.112	32.1365	39.5043	0.0149424
-0.0499427	-5.01121	780.78	0.24	0.220902	904.999	32.1815	39.4838	0.0160815
-0.0500085	-5.18538	780.78	0.24	0.221895	904.882	32.2392	39.4548	0.0172188
-0.0500765	-5.34891	780.78	0.24	0.223044	904.761	32.312	39.4092	0.018322
-0.0501465	-5.5001	780.78	0.24	0.224333	904.636	32.3936	39.3537	0.0193724
-0.0502183	-5.64064	780.78	0.24	0.225442	904.508	32.4829	39.2876	0.020375
-0.0502918	-5.77178	780.78	0.24	0.226436	904.376	32.5699	39.2319	0.0213335
-0.0503669	-5.89412	780.78	0.24	0.227331	904.242	32.6452	39.1869	0.0222474
-0.0504435	-6.00875	780.78	0.24	0.228238	904.105	32.7185	39.1505	0.0231212
-0.0505215	-6.11512	780.78	0.24	0.229102	903.965	32.7976	39.1035	0.023947
-0.0506007	-6.21374	780.78	0.24	0.229899	903.823	32.8797	39.0539	0.0247256
-0.0506812	-6.3052	780.78	0.24	0.230776	903.678	32.9534	39.0144	0.0254588
-0.0507628	-6.38913	780.78	0.24	0.231681	903.532	33.022	38.9796	0.0261412
-0.0508453	-6.46541	780.78	0.24	0.23239	903.384	33.0915	38.9438	0.0267691
-0.0509288	-6.53767	780.78	0.24	0.232741	903.234	33.1619	38.9065	0.0273708
-0.0510132	-6.60721	780.78	0.24	0.232783	903.082	33.2241	38.8776	0.0279562
-0.0510985	-6.67801	780.78	0.24	0.232538	902.929	33.2812	38.8529	0.0285585
-0.0511847	-6.75142	780.78	0.24	0.232056	902.774	33.3297	38.8422	0.0291899
-0.0512719	-6.83146	780.78	0.24	0.231284	902.618	33.3728	38.8373	0.029886
-0.0513602	-6.91819	780.78	0.24	0.23051	902.459	33.4242	38.826	0.0306497
-0.0514497	-7.01241	780.78	0.24	0.229542	902.299	33.4897	38.7975	0.0314902
-0.0515405	-7.11261	780.78	0.24	0.229213	902.136	33.574	38.7488	0.0323966
-0.0516325	-7.21581	780.78	0.24	0.228979	901.971	33.6585	38.7004	0.0333435
-0.0517259	-7.32089	780.78	0.24	0.228671	901.804	33.7499	38.6466	0.0343217
-0.0518207	-7.43023	780.78	0.24	0.228244	901.634	33.8473	38.5846	0.0353546
-0.0519169	-7.54294	780.78	0.24	0.228008	901.462	33.9386	38.5298	0.0364353
-0.0520146	-7.65592	780.78	0.24	0.227924	901.287	34.0203	38.487	0.0375349
-0.0521137	-7.76785	780.78	0.24	0.228344	901.11	34.0765	38.4715	0.0386406
-0.0522142	-7.87331	780.78	0.24	0.229342	900.93	34.1061	38.4849	0.0396969
-0.052316	-7.96896	780.78	0.24	0.230689	900.748	34.1186	38.5126	0.0406672
-0.0524189	-8.05137	780.78	0.24	0.232358	900.563	34.129	38.541	0.0415127
-0.0525226	-8.11756	780.78	0.24	0.234065	900.377	34.1448	38.5714	0.0421981
-0.0526271	-8.16937	780.78	0.24	0.235636	900.19	34.1681	38.5913	0.0427384
-0.0527321	-8.20844	780.78	0.24	0.237002	900.001	34.1947	38.6088	0.0431482
-0.0528375	-8.23657	780.78	0.24	0.238387	899.812	34.2149	38.6334	0.0434444
-0.0529431	-8.25094	780.78	0.24	0.239723	899.622	34.2463	38.6434	0.0435962
-0.0530488	-8.25259	780.78	0.24	0.241706	899.432	34.2712	38.6662	0.0436136
-0.0531543	-8.23155	780.78	0.24	0.244309	899.242	34.3064	38.6788	0.0433915
-0.0532594	-8.18686	780.78	0.24	0.246702	899.052	34.3542	38.6768	0.0429216
-0.0533636	-8.12381	780.78	0.24	0.248664	898.864	34.405	38.6704	0.042263
-0.0534669	-8.04498	780.78	0.24	0.250205	898.678	34.453	38.6698	0.0414468
-0.0535691	-7.95241	780.78	0.24	0.251777	898.493	34.5049	38.6598	0.0404985
-0.0536698	-7.83841	780.78	0.24	0.254768	898.311	34.506	38.744	0.0393457
-0.0537689	-7.70294	780.78	0.24	0.257367	898.131	34.5617	38.7318	0.0379975
-0.0538661	-7.54408	780.78	0.24	0.259138	897.955	34.6248	38.7149	0.0364464
-0.0539611	-7.37234	780.78	0.24	0.260255	897.782	34.6814	38.7015	0.0348058
-0.0540537	-7.18951	780.78	0.24	0.261632	897.614	34.7173	38.7138	0.0331009
-0.0541439	-6.99501	780.78	0.24	0.262714	897.45	34.7462	38.7277	0.0313341
-0.0542316	-6.79263	780.78	0.24	0.263457	897.29	34.7708	38.7466	0.0295473
-0.0543166	-6.58316	780.78	0.24	0.264232	897.135	34.8048	38.7251	0.027753
-0.0543988	-6.36764	780.78	0.24	0.264855	896.985	34.8228	38.7466	0.0259656
-0.0544782	-6.14572	780.78	0.24	0.265852	896.84	34.7979	38.8261	0.0241872
-0.0545547	-5.91444	780.78	0.24	0.266912	896.7	34.7838	38.8732	0.0224011
-0.0546281	-5.67288	780.78	0.24	0.267859	896.566	34.7377	38.9563	0.0206086
-0.0546984	-5.42247	780.78	0.24	0.268934	896.437	34.6896	39.0412	0.0188294
-0.0547653	-5.16035	780.78	0.24	0.270359	896.314	34.6413	39.1242	0.017053
-0.0548288	-4.88692	780.78	0.24	0.271485	896.197	34.5945	39.2013	0.0152936
-0.0548887	-4.60294	780.78	0.24	0.272607	896.086	34.5429	39.2844	0.0135679
-0.0549448	-4.31025	780.78	0.24	0.273564	895.982	34.4868	39.3684	0.0118972
-0.0549971	-4.00808	780.78	0.24	0.274746	895.885	34.4162	39.4642	0.0102876
-0.0550454	-3.69372	780.78	0.24	0.27602	895.795	34.3255	39.5801	0.00873713
-0.0550896	-3.36943	780.78	0.24	0.277187	895.712	34.2284	39.6972	0.00727034
-0.0551296	-3.03539	780.78	0.24	0.278577	895.637	34.1308	39.8123	0.00590026
-0.0551651	-2.68689	780.78	0.24	0.279774	895.569	34.0423	39.9186	0.00462319
-0.0551961	-2.32851	780.78	0.24	0.280569	895.51	33.9551	40.0213	0.00347213
-0.0552225	-1.96732	780.78	0.24	0.280996	895.458	33.8696	40.1211	0.00247851
-0.0552441	-1.60298	780.78	0.24	0.281501	895.415	33.7971	40.2075	0.0016455
-0.0552611	-1.23135	780.78	0.24	0.28289	895.381	33.7322	40.2766	0.000970968
-0.0552732	-0.842219	780.78	0.24	0.284372	895.355	33.6809	40.3322	0.000454247
-0.0552801	-0.44061	780.78	0.24	0.28559	895.337	33.6419	40.3737	0.000124323
-0.0552818	-0.027023	780.78	0.24	0.28687	895.33	33.6071	40.4069	4.67635e-07
-0.0552781	0.396884	780.78	0.24	0.287828	895.332	33.5719	40.4382	0.000100872
-0.0552689	0.8267	780.78	0.24	0.288177	895.343	33.5371	40.466	0.000437661
-0.0552543	1.23434	780.78	0.24	0.288911	895.365	33.4911	40.5372	0.000975693
-0.0552343	1.67209	780.78	0.24	0.289144	895.395	33.4351	40.5756	0.00179045
-0.0552087	2.10152	780.78	0.24	0.288249	895.436	33.387	40.6148	0.00282819
-0.0551776	2.53183	780.78	0.24	0.287801	895.487	33.3977	40.6081	0.00410496
-0.0551411	2.96241	780.78	0.24	0.288276	895.547	33.4494	40.621	0.00561993
-0.0550989	3.40512	780.78	0.24	0.290294	895.618	33.4469	40.7025	0.00742516
-0.055051	3.856	780.78	0.24	0.290071	895.699	33.5097	40.6092	0.00952172
-0.0549974	4.29461	780.78	0.24	0.287694	895.79	33.5939	40.4939	0.0118111
-0.0549383	4.71871	780.78	0.24	0.286625	895.891	33.608	40.4468	0.014259
-0.0548738	5.13244	780.78	0.24	0.285417	896.001	33.627	40.4123	0.016869
-0.0548042	5.53591	780.78	0.24	0.28417	896.121	33.6656	40.3375	0.0196254
-0.0547295	5.92646	780.78	0.24	0.282374	896.251	33.7008	40.2563	0.0224922
-0.0546501	6.29745	780.78	0.24	0.280191	896.389	33.7343	40.1652	0.0253963
-0.054566	6.65015	780.78	0.24	0.277927	896.536	33.7649	40.0828	0.0283207
-0.0544776	6.98135	780.78	0.24	0.275547	896.69	33.7787	40.0138	0.0312119
-0.0543852	7.29106	780.78	0.24	0.273	896.853	33.7864	39.9535	0.0340426
-0.054289	7.57621	780.78	0.24	0.270299	897.022	33.7921	39.8932	0.0367574
-0.0541894	7.83898	780.78	0.24	0.267712	897.197	33.7819	39.845	0.0393514
-0.0540867	8.07984	780.78	0.24	0.265217	897.379	33.7613	39.8055	0.0418068
-0.0539811	8.29801	780.78	0.24	0.262572	897.566	33.7369	39.7708	0.044095
-0.0538729	8.49146	780.78	0.24	0.260073	897.758	33.7204	39.731	0.046175
-0.0537625	8.66242	780.78	0.24	0.257561	897.954	33.7099	39.6826	0.0480529
-0.0536501	8.8124	780.78	0.24	0.255068	898.155	33.7111	39.6202	0.0497313
-0.053536	8.93883	780.78	0.24	0.252343	898.358	33.7197	39.5569	0.0511685
-0.0534205	9.03967	780.78	0.24	0.249548	898.565	33.7318	39.4784	0.0523295
-0.053304	9.11541	780.78	0.24	0.247019	898.773	33.7362	39.4034	0.0532101
-0.0531866	9.17181	780.78	0.24	0.244859	898.983	33.7188	39.3571	0.0538705
-0.0530688	9.20835	780.78	0.24	0.242604	899.195	33.6979	39.3167	0.0543006
-0.0529507	9.22513	780.78	0.24	0.240278	899.407	33.6819	39.2697	0.0544987
-0.0528326	9.22001	780.78	0.24	0.237725	899.62	33.664	39.2229	0.0544382
-0.0527147	9.19033	780.78	0.24	0.235016	899.832	33.6472	39.1791	0.0540883
-0.0525975	9.13728	780.78	0.24	0.232401	900.044	33.6286	39.1358	0.0534657
-0.0524812	9.06009	780.78	0.24	0.229597	900.254	33.6105	39.0939	0.0525662
-0.0523661	8.95657	780.78	0.24	0.226574	900.462	33.6018	39.0425	0.0513718
-0.0522526	8.82429	780.78	0.24	0.22332	900.668	33.6118	38.9753	0.0498655
-0.0521411	8.66529	780.78	0.24	0.220623	900.871	33.599	38.9316	0.0480848
-0.0520319	8.47983	780.78	0.24	0.2178	901.07	33.5919	38.8806	0.0460485
-0.0519253	8.27053	780.78	0.24	0.21518	901.265	33.5918	38.8289	0.0438034
-0.0518215	8.03754	780.78	0.24	0.212561	901.454	33.5998	38.7674	0.0413702
-0.051721	7.78036	780.78	0.24	0.20994	901.638	33.6102	38.7035	0.0387651
-0.051624	7.50046	780.78	0.24	0.207554	901.817	33.6123	38.6538	0.0360261
-0.0515308	7.1997	780.78	0.24	0.205428	901.988	33.5971	38.6208	0.0331949
-0.0514417	6.88119	780.78	0.24	0.203842	902.153	33.5727	38.5971	0.0303228
-0.0513567	6.55208	780.78	0.24	0.202864	902.31	33.5271	38.5948	0.0274916
-0.051276	6.21608	780.78	0.24	0.202141	902.459	33.4753	38.606	0.0247443
-0.0511997	5.87408	780.78	0.24	0.201677	902.601	33.4266	38.6116	0.0220964
-0.0511278	5.52892	780.78	0.24	0.201512	902.735	33.3736	38.6228	0.0195759
-0.0510603	5.18386	780.78	0.24	0.201747	902.861	33.3117	38.6474	0.0172087
-0.0509972	4.84088	780.78	0.24	0.201992	902.979	33.2513	38.6703	0.0150069
-0.0509385	4.49992	780.78	0.24	0.202316	903.089	33.1842	38.7056	0.0129673
-0.0508841	4.16589	780.78	0.24	0.203457	903.191	33.1054	38.7595	0.0111136
-0.0508338	3.84228	780.78	0.24	0.204821	903.285	33.061	38.7706	0.00945406
-0.0507876	3.53242	780.78	0.24	0.206549	903.372	33.0308	38.7695	0.00799071
-0.0507452	3.23741	780.78	0.24	0.208127	903.452	33.0215	38.7481	0.00671178
-0.0507065	2.95789	780.78	0.24	0.209974	903.526	33.0459	38.6818	0.0056028
-0.0506713	2.67712	780.78	0.24	0.21177	903.592	33.0589	38.7031	0.00458964
-0.0506394	2.42823	780.78	0.24	0.213131	903.653	33.1443	38.5174	0.00377589
-0.0506111	2.11363	780.78	0.24	0.214915	903.708	33.3918	38.6147	0.00286089
-0.0505912	1.09752	780.78	0.24	0.22056	903.755	33.1208	41.6231	0.000771373
-0.0505788	0.929415	780.78	0.24	0.222176	903.78	33.221	41.5011	0.000553172
-0.0505684	0.775831	780.78	0.24	0.223782	903.8	33.2745	41.4249	0.000385457
-0.0505598	0.636617	780.78	0.24	0.225368	903.817	33.3177	41.3584	0.000259536
-0.0505529	0.513219	780.78	0.24	0.227327	903.831	33.3352	41.3176	0.000168673
-0.0505474	0.406469	780.78	0.24	0.22908	903.843	33.3562	41.2721	0.000105802
-0.0505431	0.315085	780.78	0.24	0.230716	903.852	33.3803	41.2237	6.35765e-05
-0.0505398	0.238948	780.78	0.24	0.232594	903.858	33.4115	41.1663	3.65635e-05
-0.0505373	0.180132	780.78	0.24	0.234421	903.863	33.445	41.1078	2.0779e-05
-0.0505355	0.137138	780.78	0.24	0.236059	903.867	33.4812	41.0452	1.20436e-05
-0.050534	0.107033	780.78	0.24	0.237478	903.87	33.5171	40.9826	7.33633e-06
-0.0505328	0.0904346	780.78	0.24	0.238845	903.873	33.562	40.9079	5.23734e-06
-0.0505317	0.0851598	780.78	0.24	0.240025	903.875	33.6084	40.8313	4.6442e-06
-0.0505306	0.0895243	780.78	0.24	0.24108	903.877	33.6483	40.7633	5.13244e-06
-0.0505293	0.103777	780.78	0.24	0.24216	903.879	33.6852	40.6971	6.89669e-06
-0.0505278	0.127287	780.78	0.24	0.243043	903.881	33.7208	40.6307	1.03755e-05
-0.0505259	0.158327	780.78	0.24	0.243937	903.884	33.753	40.5639	1.60529e-05
-0.0505235	0.197833	780.78	0.24	0.244794	903.888	33.7767	40.5079	2.50633e-05
-0.0505205	0.243863	780.78	0.24	0.245448	903.893	33.7903	40.4616	3.80832e-05
-0.0505169	0.295395	780.78	0.24	0.246009	903.899	33.7982	40.4182	5.58787e-05
-0.0505126	0.351777	780.78	0.24	0.24645	903.906	33.8013	40.3802	7.9246e-05
-0.0505075	0.410598	780.78	0.24	0.246671	903.915	33.7989	40.3459	0.000107963
-0.0505017	0.470194	780.78	0.24	0.246914	903.925	33.797	40.3171	0.000141578
-0.0504951	0.533743	780.78	0.24	0.247246	903.936	33.7937	40.2809	0.000182434
-0.0504876	0.59999	780.78	0.24	0.247468	903.949	33.777	40.2591	0.000230531
-0.0504793	0.667854	780.78	0.24	0.247657	903.963	33.7453	40.25	0.00028563
-0.05047	0.73665	780.78	0.24	0.247748	903.979	33.7005	40.2522	0.000347507
-0.0504599	0.806231	780.78	0.24	0.24769	903.996	33.6434	40.2667	0.000416256
-0.050449	0.874311	780.78	0.24	0.247645	904.015	33.5813	40.2876	0.000489523
-0.0504371	0.94381	780.78	0.24	0.247796	904.036	33.5223	40.3024	0.00057044
-0.0504243	1.01349	780.78	0.24	0.247705	904.058	33.4552	40.323	0.000657774
-0.0504107	1.08165	780.78	0.24	0.247648	904.082	33.3776	40.3501	0.00074923
-0.0503962	1.14861	780.78	0.24	0.247509	904.107	33.2934	40.3831	0.000844865
-0.0503808	1.21401	780.78	0.24	0.247335	904.134	33.2072	40.4208	0.000943805
-0.0503647	1.27787	780.78	0.24	0.246924	904.163	33.1283	40.4495	0.00104573
-0.0503477	1.33929	780.78	0.24	0.246713	904.193	33.0478	40.4838	0.00114866
-0.05033	1.39882	780.78	0.24	0.246532	904.224	32.9575	40.5217	0.00125304
-0.0503115	1.45643	780.78	0.24	0.246327	904.257	32.8661	40.5541	0.00135838
-0.0502923	1.51111	780.78	0.24	0.246114	904.291	32.7892	40.5736	0.00146229
-0.0502724	1.56672	780.78	0.24	0.246177	904.326	32.7162	40.5944	0.0015719
-0.0502518	1.62127	780.78	0.24	0.245932	904.363	32.6391	40.6148	0.00168327
-0.0502306	1.6716	780.78	0.24	0.245697	904.401	32.5604	40.6351	0.0017894
-0.0502087	1.72207	780.78	0.24	0.245541	904.44	32.4779	40.6603	0.00189908
-0.0501862	1.76979	780.78	0.24	0.245264	904.48	32.3882	40.691	0.0020058
-0.0501631	1.8156	780.78	0.24	0.244893	904.521	32.3002	40.7182	0.00211097
-0.0501394	1.85807	780.78	0.24	0.244571	904.564	32.1943	40.7662	0.00221087
-0.0501152	1.89702	780.78	0.24	0.244192	904.607	32.0908	40.8072	0.00230455
-0.0500906	1.93333	780.78	0.24	0.243904	904.651	31.9882	40.8475	0.00239362
-0.0500655	1.96596	780.78	0.24	0.243326	904.696	31.8988	40.8705	0.00247509
-0.0500401	1.99049	780.78	0.24	0.242569	904.742	31.8195	40.889	0.00253723
-0.0500144	2.00891	780.78	0.24	0.241759	904.788	31.7499	40.8965	0.00258441
-0.0499885	2.01878	780.78	0.24	0.240912	904.835	31.6841	40.9	0.00260988
-0.0499626	2.0231	780.78	0.24	0.240262	904.882	31.6206	40.8997	0.00262105
-0.0499367	2.02212	780.78	0.24	0.239658	904.929	31.5591	40.8967	0.00261853
-0.0499109	2.01501	780.78	0.24	0.238845	904.975	31.4984	40.8922	0.00260013
-0.0498852	1.99961	780.78	0.24	0.237811	905.022	31.4298	40.8968	0.00256054
-0.0498598	1.97152	780.78	0.24	0.236945	905.068	31.3635	40.911	0.00248911
-0.0498349	1.94067	780.78	0.24	0.236313	905.114	31.2959	40.9159	0.00241183
-0.0498103	1.9037	780.78	0.24	0.235751	905.159	31.2115	40.938	0.00232081
-0.0497863	1.86366	780.78	0.24	0.235643	905.203	31.1096	40.9731	0.00222422
-0.0497629	1.82303	780.78	0.24	0.23556	905.246	31.02	40.9967	0.00212827
-0.0497399	1.78045	780.78	0.24	0.235401	905.288	30.9412	41.0117	0.00203003
-0.0497175	1.73926	780.78	0.24	0.235843	905.329	30.8777	41.0159	0.00193719
-0.0496956	1.70295	780.78	0.24	0.236294	905.369	30.824	41.0087	0.00185714
-0.0496741	1.66989	780.78	0.24	0.236562	905.408	30.7807	40.9907	0.00178574
-0.049653	1.63833	780.78	0.24	0.236667	905.447	30.749	40.9584	0.00171887
-0.0496323	1.60733	780.78	0.24	0.236799	905.484	30.7227	40.9246	0.00165444
-0.049612	1.57791	780.78	0.24	0.236753	905.522	30.707	40.8801	0.00159443
-0.0495921	1.54724	780.78	0.24	0.236491	905.558	30.6978	40.8289	0.00153305
-0.0495726	1.51026	780.78	0.24	0.235864	905.594	30.6904	40.7749	0.00146065
-0.0495537	1.4692	780.78	0.24	0.235161	905.628	30.6869	40.7217	0.00138231
-0.0495353	1.41919	780.78	0.24	0.23415	905.662	30.7132	40.6384	0.0012898
-0.0495177	1.36356	780.78	0.24	0.233611	905.695	30.741	40.5537	0.00119067
-0.0495008	1.30075	780.78	0.24	0.232731	905.726	30.801	40.4387	0.0010835
-0.0494848	1.23133	780.78	0.24	0.231947	905.756	30.8698	40.3095	0.000970935
-0.0494697	1.15436	780.78	0.24	0.231826	905.784	30.8807	40.2444	0.000853348
-0.0494556	1.08326	780.78	0.24	0.232486	905.81	30.8484	40.2309	0.000751462
-0.0494424	1.01652	780.78	0.24	0.233105	905.835	30.8425	40.1917	0.000661718
-0.04943	0.956239	780.78	0.24	0.233667	905.858	30.8625	40.1262	0.000585564
-0.0494183	0.902981	780.78	0.24	0.234625	905.88	30.8684	40.0729	0.000522154
-0.0494072	0.8556	780.78	0.24	0.235042	905.901	30.8956	39.9968	0.000468795
-0.0493966	0.810151	780.78	0.24	0.235043	905.921	30.933	39.9141	0.000420313
-0.0493867	0.762854	780.78	0.24	0.234623	905.939	30.9756	39.8255	0.000372669
-0.0493774	0.710236	780.78	0.24	0.234163	905.957	31.0147	39.7415	0.000323033
-0.0493689	0.653791	780.78	0.24	0.233675	905.973	31.0538	39.6552	0.000273728
-0.0493611	0.591993	780.78	0.24	0.233306	905.988	31.1074	39.5524	0.000224427
-0.0493541	0.53074	780.78	0.24	0.233698	906.001	31.1644	39.4596	0.000180387
-0.0493478	0.474895	780.78	0.24	0.234038	906.013	31.2409	39.3419	0.000144423
-0.0493423	0.421957	780.78	0.24	0.234319	906.024	31.3125	39.2342	0.000114019
-0.0493373	0.371447	780.78	0.24	0.234615	906.033	31.3797	39.1308	8.83557e-05
-0.049333	0.324032	780.78	0.24	0.235075	906.041	31.4436	39.0305	6.72383e-05
-0.0493293	0.281905	780.78	0.24	0.23569	906.049	31.491	38.9469	5.08915e-05
-0.049326	0.245717	780.78	0.24	0.236316	906.055	31.5348	38.8686	3.86646e-05
-0.0493232	0.213311	780.78	0.24	0.236711	906.061	31.5695	38.8002	2.91386e-05
-0.0493208	0.18354	780.78	0.24	0.237102	906.065	31.6021	38.7326	2.15725e-05
-0.0493187	0.157272	780.78	0.24	0.237454	906.069	31.6324	38.6728	1.58396e-05
-0.0493169	0.136222	780.78	0.24	0.237895	906.073	31.6653	38.6096	1.18833e-05
-0.0493153	0.117127	780.78	0.24	0.237941	906.076	31.6982	38.5463	8.78534e-06
-0.049314	0.0974478	780.78	0.24	0.237745	906.079	31.728	38.4887	6.08115e-06
-0.049313	0.0745019	780.78	0.24	0.237195	906.081	31.7641	38.4224	3.55448e-06
-0.0493123	0.045439	780.78	0.24	0.236388	906.082	31.8032	38.357	1.32221e-06
-0.049312	0.00755377	780.78	0.24	0.235347	906.083	31.8513	38.2826	3.654e-08
-0.0493124	-0.0416197	780.78	0.24	0.2345	906.083	31.9091	38.199	1.10927e-06
-0.0493134	-0.0938234	780.78	0.24	0.234268	906.082	31.9554	38.1321	5.63721e-06
-0.0493151	-0.146538	780.78	0.24	0.234485	906.079	31.9835	38.0773	1.37513e-05
-0.0493175	-0.196071	780.78	0.24	0.234931	906.076	32.005	38.0347	2.46188e-05
-0.0493204	-0.240811	780.78	0.24	0.23529	906.071	32.0253	37.9943	3.71359e-05
-0.0493239	-0.283276	780.78	0.24	0.23542	906.065	32.0423	37.9597	5.13878e-05
-0.049328	-0.325736	780.78	0.24	0.235308	906.058	32.0602	37.9249	6.79473e-05
-0.0493325	-0.371034	780.78	0.24	0.23508	906.05	32.0732	37.893	8.81593e-05
-0.0493377	-0.417648	780.78	0.24	0.234877	906.042	32.0839	37.8665	0.000111702
-0.0493435	-0.465484	780.78	0.24	0.234641	906.032	32.0963	37.8398	0.000138756
-0.04935	-0.516095	780.78	0.24	0.234565	906.02	32.1105	37.8113	0.000170569
-0.0493571	-0.565837	780.78	0.24	0.234609	906.008	32.1293	37.7807	0.000205033
-0.0493648	-0.615962	780.78	0.24	0.234593	905.995	32.1443	37.7575	0.000242968
-0.0493732	-0.666221	780.78	0.24	0.23443	905.98	32.1551	37.7356	0.000284235
-0.0493822	-0.719289	780.78	0.24	0.234082	905.964	32.1544	37.7287	0.00033132
-0.049392	-0.776106	780.78	0.24	0.233473	905.947	32.1445	37.7289	0.00038573
-0.0494025	-0.840024	780.78	0.24	0.232767	905.929	32.1193	37.7462	0.000451881
-0.0494139	-0.909879	780.78	0.24	0.232003	905.909	32.0765	37.7803	0.000530162
-0.0494263	-0.988011	780.78	0.24	0.231049	905.888	32.012	37.8421	0.000625122
-0.0494398	-1.07474	780.78	0.24	0.229973	905.864	31.9632	37.8847	0.000739692
-0.0494544	-1.17357	780.78	0.24	0.228407	905.839	31.9536	37.892	0.000881975
-0.0494705	-1.28301	780.78	0.24	0.227662	905.811	31.9345	37.9082	0.00105415
-0.0494881	-1.39957	780.78	0.24	0.226908	905.781	31.9103	37.9288	0.00125439
-0.0495072	-1.52315	780.78	0.24	0.226184	905.747	31.8676	37.9668	0.00148568
-0.0495279	-1.651	780.78	0.24	0.226074	905.711	31.7968	38.051	0.00174557
-0.0495502	-1.77906	780.78	0.24	0.225924	905.672	31.7446	38.1046	0.00202686
-0.0495743	-1.90968	780.78	0.24	0.22545	905.63	31.7154	38.1348	0.00233541
-0.0496	-2.04691	780.78	0.24	0.224595	905.585	31.6952	38.1598	0.00268312
-0.0496276	-2.19282	780.78	0.24	0.223705	905.537	31.6771	38.1878	0.00307925
-0.0496572	-2.34663	780.78	0.24	0.222837	905.485	31.6578	38.2125	0.0035264
-0.0496888	-2.50918	780.78	0.24	0.221716	905.43	31.6426	38.2369	0.00403185
-0.0497226	-2.68745	780.78	0.24	0.22033	905.371	31.6547	38.2054	0.00462511
-0.0497587	-2.87005	780.78	0.24	0.219843	905.307	31.6307	38.2402	0.00527497
-0.0497973	-3.05769	780.78	0.24	0.219208	905.24	31.6204	38.2596	0.00598725
-0.0498383	-3.2513	780.78	0.24	0.218549	905.168	31.6115	38.2812	0.00676948
-0.0498818	-3.4488	780.78	0.24	0.218392	905.091	31.5914	38.3136	0.00761687
-0.0499279	-3.64741	780.78	0.24	0.218166	905.01	31.5636	38.3579	0.00851942
-0.0499765	-3.84242	780.78	0.24	0.219316	904.925	31.5581	38.4467	0.00945479
-0.0500275	-4.0314	780.78	0.24	0.219709	904.834	31.6013	38.4166	0.0104076
-0.050081	-4.22274	780.78	0.24	0.219308	904.74	31.5575	38.4777	0.011419
-0.0501369	-4.41507	780.78	0.24	0.218698	904.641	31.5545	38.3937	0.0124829
-0.0501954	-4.62164	780.78	0.24	0.218804	904.538	31.5529	38.4869	0.0136783
-0.0502564	-4.81574	780.78	0.24	0.219	904.429	31.5683	38.4915	0.0148514
-0.0503199	-5.00916	780.78	0.24	0.218913	904.317	31.5728	38.511	0.0160683
-0.0503859	-5.20418	780.78	0.24	0.218931	904.2	31.5838	38.5206	0.0173438
-0.0504545	-5.40009	780.78	0.24	0.219317	904.078	31.5924	38.5272	0.0186743
-0.0505254	-5.58949	780.78	0.24	0.219807	903.952	31.5977	38.5475	0.0200072
-0.0505988	-5.77425	780.78	0.24	0.220237	903.821	31.6077	38.5622	0.0213517
-0.0506745	-5.95523	780.78	0.24	0.220539	903.687	31.6299	38.5671	0.0227111
-0.0507525	-6.13542	780.78	0.24	0.220726	903.548	31.6647	38.561	0.0241062
-0.0508327	-6.31194	780.78	0.24	0.221091	903.405	31.7006	38.5552	0.0255133
-0.0509152	-6.48699	780.78	0.24	0.221396	903.258	31.7567	38.5284	0.026948
-0.051	-6.65774	780.78	0.24	0.221951	903.107	31.8259	38.4898	0.0283854
-0.0510868	-6.82125	780.78	0.24	0.222754	902.952	31.8978	38.4514	0.0297968
-0.0511757	-6.97817	780.78	0.24	0.223409	902.793	31.9756	38.4073	0.0311835
-0.0512665	-7.12702	780.78	0.24	0.224548	902.631	32.0609	38.3553	0.032528
-0.0513591	-7.26515	780.78	0.24	0.226245	902.465	32.117	38.3319	0.033801
-0.0514533	-7.38582	780.78	0.24	0.227987	902.297	32.1544	38.3318	0.0349333
-0.0515489	-7.49414	780.78	0.24	0.229463	902.125	32.1896	38.3369	0.0359654
-0.0516458	-7.58794	780.78	0.24	0.230959	901.952	32.2418	38.326	0.0368714
-0.0517438	-7.66708	780.78	0.24	0.233142	901.776	32.2813	38.3259	0.0376444
-0.0518425	-7.72059	780.78	0.24	0.235973	901.598	32.3098	38.34	0.0381718
-0.0519417	-7.75118	780.78	0.24	0.238336	901.42	32.3569	38.3347	0.0384748
-0.0520411	-7.76202	780.78	0.24	0.240347	901.241	32.4147	38.3226	0.0385825
-0.0521405	-7.75491	780.78	0.24	0.242306	901.062	32.4777	38.3011	0.0385119
-0.0522396	-7.73042	780.78	0.24	0.244176	900.883	32.538	38.2868	0.0382691
-0.0523382	-7.69136	780.78	0.24	0.245727	900.705	32.623	38.2483	0.0378833
-0.0524362	-7.63419	780.78	0.24	0.248219	900.527	32.6754	38.2425	0.0373222
-0.0525332	-7.55555	780.78	0.24	0.250355	900.352	32.748	38.2125	0.0365573
-0.0526291	-7.45957	780.78	0.24	0.252347	900.178	32.8398	38.1615	0.0356343
-0.0527235	-7.34396	780.78	0.24	0.254608	900.007	32.9175	38.1427	0.0345384
-0.0528163	-7.20633	780.78	0.24	0.256927	899.838	32.9936	38.1097	0.0332559
-0.0529071	-7.04955	780.78	0.24	0.259027	899.673	33.0725	38.0713	0.0318246
-0.0529957	-6.87528	780.78	0.24	0.261275	899.512	33.1399	38.0329	0.0302707
-0.0530819	-6.67836	780.78	0.24	0.263579	899.354	33.1927	38.0259	0.0285615
-0.0531654	-6.46097	780.78	0.24	0.265696	899.202	33.2583	38.0014	0.0267323
-0.0532458	-6.22476	780.78	0.24	0.267694	899.054	33.3053	37.9956	0.0248134
-0.0533232	-5.97228	780.78	0.24	0.269345	898.912	33.3393	38.0013	0.0228413
-0.0533971	-5.70725	780.78	0.24	0.270712	898.776	33.3635	38.0152	0.020859
-0.0534675	-5.43032	780.78	0.24	0.271772	898.646	33.3777	38.0405	0.0188839
-0.0535344	-5.1464	780.78	0.24	0.272764	898.523	33.3922	38.0661	0.0169609
-0.0535974	-4.85099	780.78	0.24	0.273775	898.406	33.4076	38.0838	0.0150696
-0.0536567	-4.54675	780.78	0.24	0.274577	898.297	33.4144	38.1094	0.0132387
-0.0537119	-4.23627	780.78	0.24	0.275304	898.194	33.406	38.1513	0.0114923
-0.0537631	-3.91935	780.78	0.24	0.275922	898.098	33.3861	38.1999	0.00983714
-0.0538102	-3.59813	780.78	0.24	0.276408	898.01	33.3539	38.2569	0.00829076
-0.0538532	-3.27294	780.78	0.24	0.276812	897.929	33.308	38.3254	0.00685988
-0.0538919	-2.94207	780.78	0.24	0.277624	897.855	33.2561	38.4014	0.00554302
-0.0539264	-2.60351	780.78	0.24	0.278303	897.79	33.2045	38.4714	0.00434072
-0.0539564	-2.26027	780.78	0.24	0.278687	897.732	33.148	38.5462	0.0032716
-0.053982	-1.91534	780.78	0.24	0.278769	897.682	33.0879	38.6216	0.00234926
-0.0540032	-1.56951	780.78	0.24	0.278619	897.64	33.0378	38.6857	0.0015775
-0.05402	-1.22458	780.78	0.24	0.278475	897.606	33.0052	38.7292	0.000960325
-0.0540324	-0.882351	780.78	0.24	0.278077	897.58	33.0035	38.7403	0.000498567
-0.0540404	-0.5437	780.78	0.24	0.277601	897.561	33.0336	38.711	0.000189304
-0.0540442	-0.207636	780.78	0.24	0.277551	897.551	33.0566	38.708	2.76088e-05
-0.0540436	0.128016	780.78	0.24	0.277384	897.548	33.0833	38.6829	1.04946e-05
-0.0540388	0.460552	780.78	0.24	0.276675	897.553	33.1004	38.6661	0.000135831
-0.0540297	0.784955	780.78	0.24	0.275565	897.565	33.1069	38.6563	0.000394576
-0.0540166	1.09884	780.78	0.24	0.274323	897.585	33.097	38.6624	0.000773228
-0.0539996	1.40062	780.78	0.24	0.272799	897.612	33.0884	38.6707	0.00125627
-0.0539789	1.69016	780.78	0.24	0.271794	897.646	33.0514	38.7173	0.00182935
-0.0539545	1.9722	780.78	0.24	0.270935	897.687	33.0147	38.7452	0.00249083
-0.0539266	2.24499	780.78	0.24	0.269789	897.733	33.0074	38.7417	0.00322754
-0.0538953	2.50876	780.78	0.24	0.268631	897.787	33.02	38.7166	0.00403052
-0.0538608	2.76007	780.78	0.24	0.266973	897.846	33.0405	38.682	0.00487846
-0.0538232	2.9942	780.78	0.24	0.264926	897.911	33.0645	38.6446	0.0057412
-0.0537827	3.20904	780.78	0.24	0.262863	897.981	33.1003	38.5904	0.00659463
-0.0537397	3.4059	780.78	0.24	0.260742	898.056	33.1361	38.5366	0.00742855
-0.0536943	3.5836	780.78	0.24	0.258692	898.135	33.1628	38.4944	0.00822396
-0.0536469	3.74416	780.78	0.24	0.256669	898.219	33.1952	38.4429	0.0089774
-0.0535975	3.8863	780.78	0.24	0.254569	898.306	33.2305	38.3891	0.00967196
-0.0535466	4.00902	780.78	0.24	0.252338	898.396	33.2734	38.326	0.0102924
-0.0534942	4.11114	780.78	0.24	0.249918	898.489	33.3211	38.2585	0.0108235
-0.0534408	4.18976	780.78	0.24	0.247429	898.584	33.3687	38.1832	0.0112414
-0.0533865	4.24862	780.78	0.24	0.245162	898.681	33.3931	38.1389	0.0115595
-0.0533317	4.28604	780.78	0.24	0.242966	898.779	33.4253	38.0905	0.011764
-0.0532766	4.30392	780.78	0.24	0.240584	898.878	33.4687	38.0295	0.0118623
-0.0532215	4.30003	780.78	0.24	0.238195	898.977	33.516	37.9589	0.0118409
-0.0531666	4.27635	780.78	0.24	0.236	899.076	33.5504	37.9053	0.0117108
-0.0531123	4.23227	780.78	0.24	0.233717	899.174	33.5829	37.8565	0.0114707
-0.0530586	4.16752	780.78	0.24	0.231321	899.271	33.6158	37.8051	0.0111224
-0.0530061	4.08034	780.78	0.24	0.228798	899.367	33.6506	37.752	0.0106619
-0.0529548	3.97032	780.78	0.24	0.226238	899.46	33.6809	37.706	0.0100947
-0.0529052	3.83569	780.78	0.24	0.223964	899.551	33.691	37.6692	0.00942168
-0.0528576	3.68388	780.78	0.24	0.221961	899.638	33.674	37.6721	0.00869063
-0.052812	3.51534	780.78	0.24	0.220283	899.722	33.6448	37.6839	0.00791365
-0.0527687	3.33352	780.78	0.24	0.218863	899.802	33.5977	37.72	0.00711619
-0.0527279	3.13671	780.78	0.24	0.217289	899.878	33.5548	37.7559	0.0063007
-0.0526897	2.92808	780.78	0.24	0.21601	899.949	33.5345	37.7707	0.00549044
-0.0526543	2.70757	780.78	0.24	0.214703	900.016	33.5244	37.7724	0.00469464
-0.0526218	2.47724	780.78	0.24	0.213789	900.077	33.5067	37.7883	0.00392985
-0.0525924	2.23787	780.78	0.24	0.212827	900.132	33.5029	37.7867	0.00320709
-0.0525661	1.99146	780.78	0.24	0.212201	900.183	33.5242	37.7599	0.0025397
-0.052543	1.7379	780.78	0.24	0.211443	900.227	33.5395	37.7355	0.00193415
-0.0525232	1.47704	780.78	0.24	0.210675	900.266	33.5398	37.736	0.00139709
-0.0525068	1.2103	780.78	0.24	0.209968	900.298	33.5433	37.7323	0.000938058
-0.052494	0.937008	780.78	0.24	0.209341	900.325	33.5432	37.7398	0.000562248
-0.0524846	0.656696	780.78	0.24	0.208668	900.345	33.5431	37.7418	0.000276166
-0.052479	0.370962	780.78	0.24	0.20789	900.358	33.5459	37.7433	8.81254e-05
-0.052477	0.0796106	780.78	0.24	0.207475	900.365	33.5234	37.7778	4.05867e-06
-0.0524788	-0.216172	780.78	0.24	0.207115	900.365	33.4808	37.8266	2.99255e-05
-0.0524844	-0.514442	780.78	0.24	0.207071	900.358	33.4322	37.8808	0.000169479
-0.0524939	-0.812075	780.78	0.24	0.207334	900.345	33.3819	37.9388	0.000422312
-0.0525071	-1.10782	780.78	0.24	0.207676	900.324	33.32	38.0128	0.000785917
-0.0525241	-1.3991	780.78	0.24	0.20796	900.297	33.2638	38.0802	0.00125355
-0.0525448	-1.68828	780.78	0.24	0.208328	900.263	33.202	38.1545	0.00182527
-0.0525692	-1.97212	780.78	0.24	0.209024	900.223	33.1122	38.2601	0.00249062
-0.0525971	-2.24836	780.78	0.24	0.209943	900.176	33.0006	38.3899	0.00323723
-0.0526285	-2.51574	780.78	0.24	0.211048	900.122	32.8983	38.4956	0.00405295
-0.0526632	-2.77534	780.78	0.24	0.211838	900.063	32.7613	38.6526	0.00493257
-0.0527011	-3.02613	780.78	0.24	0.212949	899.997	32.6446	38.785	0.00586432
-0.0527422	-3.26932	780.78	0.24	0.21415	899.926	32.559	38.8967	0.00684472
-0.0527863	-3.49807	780.78	0.24	0.21555	899.849	32.4977	38.9822	0.00783609
-0.0528332	-3.71542	780.78	0.24	0.216815	899.768	32.4347	39.0757	0.00884008
-0.0528828	-3.92552	780.78	0.24	0.218212	899.681	32.3891	39.1669	0.00986814
-0.052935	-4.1193	780.78	0.24	0.219536	899.589	32.3604	39.2217	0.0108664
-0.0529895	-4.30351	780.78	0.24	0.220228	899.493	32.3086	39.3141	0.0118601
-0.0530463	-4.48334	780.78	0.24	0.222777	899.393	32.3221	39.3286	0.012872
-0.0531052	-4.62685	780.78	0.24	0.226115	899.289	32.3951	39.2807	0.0137092
-0.0531656	-4.74465	780.78	0.24	0.228426	899.182	32.4096	39.3	0.0144162
-0.0532273	-4.84449	780.78	0.24	0.230114	899.072	32.4052	39.3379	0.0150293
-0.0532902	-4.93205	780.78	0.24	0.231205	898.96	32.4199	39.357	0.0155774
-0.0533541	-5.01313	780.78	0.24	0.232141	898.846	32.465	39.3215	0.0160938
-0.053419	-5.07882	780.78	0.24	0.234125	898.73	32.5158	39.294	0.0165184
-0.0534845	-5.12797	780.78	0.24	0.235767	898.612	32.5575	39.2849	0.0168396
-0.0535506	-5.16414	780.78	0.24	0.236986	898.494	32.5777	39.2981	0.017078
-0.053617	-5.19586	780.78	0.24	0.238097	898.375	32.5964	39.3165	0.0172884
-0.0536837	-5.21109	780.78	0.24	0.239595	898.256	32.6281	39.3197	0.01739
-0.0537505	-5.21275	780.78	0.24	0.241028	898.136	32.662	39.3216	0.0174011
-0.0538171	-5.20441	780.78	0.24	0.242651	898.016	32.7046	39.3169	0.0173454
-0.0538835	-5.17457	780.78	0.24	0.244882	897.896	32.7775	39.2746	0.0171471
-0.0539493	-5.12435	780.78	0.24	0.247066	897.777	32.8866	39.1912	0.0168158
-0.0540143	-5.05513	780.78	0.24	0.24912	897.66	32.984	39.1315	0.0163646
-0.0540782	-4.9689	780.78	0.24	0.250869	897.544	33.0534	39.095	0.0158111
-0.0541409	-4.86735	780.78	0.24	0.252564	897.431	33.0995	39.077	0.0151714
-0.0542022	-4.75106	780.78	0.24	0.254088	897.319	33.1239	39.0828	0.0144551
-0.0542618	-4.62402	780.78	0.24	0.255559	897.211	33.1099	39.1181	0.0136924
-0.0543197	-4.4819	780.78	0.24	0.256818	897.105	33.0815	39.1771	0.0128637
-0.0543756	-4.33448	780.78	0.24	0.258343	897.003	33.1024	39.1987	0.0120314
-0.0544295	-4.16624	780.78	0.24	0.259838	896.905	33.1889	39.1291	0.0111155
-0.0544812	-3.98733	780.78	0.24	0.260821	896.81	33.2708	39.0758	0.0101814
-0.0545305	-3.80279	780.78	0.24	0.260919	896.719	33.3047	39.0774	0.00926077
-0.0545774	-3.619	780.78	0.24	0.26089	896.633	33.3431	39.0698	0.00838721
-0.0546219	-3.42887	780.78	0.24	0.262028	896.551	33.3643	39.0691	0.0075291
-0.054664	-3.23773	780.78	0.24	0.262206	896.474	33.4257	39.0296	0.00671308
-0.0547036	-3.04148	780.78	0.24	0.262068	896.4	33.5264	38.9498	0.00592396
-0.0547406	-2.84527	780.78	0.24	0.262331	896.332	33.6167	38.8784	0.00518427
-0.0547752	-2.64646	780.78	0.24	0.262524	896.267	33.6839	38.8291	0.00448508
-0.0548071	-2.44669	780.78	0.24	0.262543	896.208	33.7569	38.7728	0.00383354
-0.0548365	-2.24671	780.78	0.24	0.262691	896.153	33.8667	38.6815	0.00323246
-0.0548634	-2.04482	780.78	0.24	0.262753	896.102	33.9831	38.5832	0.00267762
-0.0548876	-1.84232	780.78	0.24	0.262742	896.057	34.0852	38.4986	0.00217357
-0.0549093	-1.64015	780.78	0.24	0.262683	896.016	34.175	38.4231	0.0017227
-0.0549283	-1.43912	780.78	0.24	0.262393	895.979	34.2519	38.3578	0.00132627
-0.0549449	-1.24134	780.78	0.24	0.261931	895.947	34.313	38.3075	0.000986778
-0.0549589	-1.04833	780.78	0.24	0.261428	895.92	34.3541	38.2794	0.000703777
-0.0549705	-0.861802	780.78	0.24	0.260948	895.897	34.3772	38.2659	0.000475615
-0.0549797	-0.675075	780.78	0.24	0.261039	895.878	34.3784	38.275	0.000291841
-0.0549866	-0.487279	780.78	0.24	0.261116	895.864	34.3751	38.2853	0.000152054
-0.054991	-0.297134	780.78	0.24	0.261733	895.854	34.3579	38.3109	5.65389e-05
-0.0549929	-0.102135	780.78	0.24	0.262651	895.848	34.3559	38.3177	6.68024e-06
-0.0549923	0.104588	780.78	0.24	0.263777	895.847	34.3665	38.3123	7.00493e-06
-0.0549889	0.321994	780.78	0.24	0.2648	895.85	34.3746	38.3077	6.63952e-05
-0.0549826	0.547491	780.78	0.24	0.265735	895.859	34.3697	38.3138	0.000191953
-0.0549733	0.784013	780.78	0.24	0.267335	895.873	34.396	38.2842	0.00039363
-0.0549609	1.03323	780.78	0.24	0.268277	895.892	34.4026	38.2773	0.000683654
-0.0549452	1.28759	780.78	0.24	0.268776	895.918	34.3803	38.2969	0.00106168
-0.0549262	1.54766	780.78	0.24	0.269226	895.949	34.3338	38.343	0.00153387
-0.0549039	1.80901	780.78	0.24	0.269306	895.986	34.2826	38.3917	0.00209568
-0.0548782	2.07273	780.78	0.24	0.269688	896.029	34.2607	38.3817	0.00275123
-0.0548491	2.34202	780.78	0.24	0.270362	896.078	34.2495	38.3847	0.00351254
-0.0548164	2.61705	780.78	0.24	0.27085	896.133	34.2357	38.3836	0.00438598
-0.0547803	2.89543	780.78	0.24	0.271105	896.195	34.2107	38.3984	0.00536867
-0.0547405	3.17553	780.78	0.24	0.270997	896.263	34.172	38.4231	0.00645764
-0.0546972	3.4536	780.78	0.24	0.270625	896.337	34.1221	38.4543	0.00763808
-0.0546503	3.72659	780.78	0.24	0.269976	896.418	34.0602	38.4991	0.00889334
-0.0546	3.99198	780.78	0.24	0.269155	896.505	33.9885	38.5533	0.0102051
-0.0545464	4.25144	780.78	0.24	0.268202	896.598	33.9151	38.6039	0.0115748
-0.0544895	4.50139	780.78	0.24	0.266985	896.698	33.8333	38.6642	0.0129758
-0.0544296	4.73877	780.78	0.24	0.265453	896.802	33.7451	38.7282	0.0143805
-0.0543667	4.96076	780.78	0.24	0.263796	896.912	33.6517	38.7966	0.0157593
-0.0543012	5.16882	780.78	0.24	0.26198	897.028	33.5522	38.8709	0.017109
-0.0542331	5.3589	780.78	0.24	0.260108	897.148	33.4425	38.955	0.0183905
-0.0541628	5.53347	780.78	0.24	0.258298	897.272	33.3223	39.0478	0.0196081
-0.0540904	5.69247	780.78	0.24	0.256414	897.4	33.2027	39.1361	0.0207512
-0.0540161	5.83408	780.78	0.24	0.254375	897.532	33.0993	39.2095	0.0217964
-0.0539402	5.95461	780.78	0.24	0.252055	897.667	32.9911	39.2898	0.0227064
-0.0538629	6.05381	780.78	0.24	0.249542	897.804	32.8948	39.3521	0.0234692
-0.0537846	6.13178	780.78	0.24	0.247059	897.944	32.7979	39.4164	0.0240777
-0.0537055	6.18732	780.78	0.24	0.244508	898.085	32.6984	39.4923	0.0245159
-0.0536259	6.21995	780.78	0.24	0.241905	898.228	32.5956	39.5659	0.0247751
-0.0535462	6.22813	780.78	0.24	0.239115	898.371	32.5021	39.6335	0.0248403
-0.0534665	6.21047	780.78	0.24	0.23655	898.514	32.4083	39.7009	0.0246996
-0.0533874	6.17197	780.78	0.24	0.234242	898.657	32.3343	39.7463	0.0243943
-0.0533089	6.11255	780.78	0.24	0.231871	898.799	32.283	39.7665	0.0239269
-0.0532313	6.03264	780.78	0.24	0.229708	898.939	32.2596	39.7535	0.0233054
-0.053155	5.93329	780.78	0.24	0.227467	899.078	32.2503	39.7341	0.0225441
-0.0530801	5.8129	780.78	0.24	0.225045	899.214	32.2354	39.7205	0.0216385
-0.053007	5.67082	780.78	0.24	0.222764	899.347	32.2135	39.7141	0.0205936
-0.0529359	5.50974	780.78	0.24	0.220745	899.476	32.1956	39.7053	0.0194403
-0.052867	5.33098	780.78	0.24	0.218842	899.602	32.1712	39.706	0.0181993
-0.0528006	5.13262	780.78	0.24	0.216792	899.724	32.161	39.6968	0.0168702
-0.0527369	4.91967	780.78	0.24	0.215468	899.841	32.1772	39.6511	0.0154993
-0.0526761	4.69503	780.78	0.24	0.214344	899.953	32.2096	39.598	0.0141162
-0.0526182	4.46162	780.78	0.24	0.213234	900.06	32.2592	39.5289	0.0127476
-0.0525634	4.21681	780.78	0.24	0.211948	900.162	32.3186	39.4513	0.011387
-0.0525118	3.96007	780.78	0.24	0.21099	900.258	32.372	39.3721	0.0100426
-0.0524636	3.69783	780.78	0.24	0.210318	900.347	32.4239	39.301	0.0087566
-0.0524188	3.42928	780.78	0.24	0.209616	900.431	32.468	39.2415	0.00753092
-0.0523775	3.15389	780.78	0.24	0.208968	900.509	32.5004	39.197	0.00636992
-0.0523398	2.873	780.78	0.24	0.208264	900.58	32.5273	39.1578	0.00528582
-0.0523058	2.58524	780.78	0.24	0.207604	900.644	32.5669	39.1026	0.00428001
-0.0522755	2.2919	780.78	0.24	0.207004	900.702	32.6153	39.045	0.00336383
-0.052249	1.99208	780.78	0.24	0.206287	900.754	32.6665	38.984	0.0025413
-0.0522265	1.68346	780.78	0.24	0.205505	900.798	32.7178	38.9233	0.00181488
-0.0522079	1.37135	780.78	0.24	0.205343	900.835	32.7747	38.8555	0.0012043
-0.0521933	1.05984	780.78	0.24	0.205498	900.865	32.8231	38.8062	0.000719315
-0.0521827	0.748601	780.78	0.24	0.20561	900.887	32.8634	38.7586	0.000358874
-0.0521761	0.438891	780.78	0.24	0.205646	900.903	32.8974	38.724	0.000123354
-0.0521735	0.128362	780.78	0.24	0.205487	900.911	32.9349	38.6866	1.05514e-05
-0.0521748	-0.185215	780.78	0.24	0.205458	900.912	32.9743	38.6504	2.19682e-05
-0.0521802	-0.49585	780.78	0.24	0.205819	900.906	33.0097	38.6183	0.00015745
-0.0521895	-0.803731	780.78	0.24	0.206095	900.893	33.0462	38.5864	0.000413678
-0.0522027	-1.10962	780.78	0.24	0.20646	900.873	33.0799	38.5622	0.000788481
-0.0522198	-1.40969	780.78	0.24	0.207125	900.845	33.0936	38.5592	0.00127258
-0.0522407	-1.70585	780.78	0.24	0.20795	900.811	33.0973	38.5627	0.00186347
-0.0522653	-1.9913	780.78	0.24	0.209147	900.77	33.0924	38.5756	0.0025393
-0.0522935	-2.2658	780.78	0.24	0.210372	900.723	33.0769	38.6006	0.00328764
-0.0523251	-2.52982	780.78	0.24	0.211618	900.669	33.0581	38.637	0.00409845
-0.0523599	-2.78219	780.78	0.24	0.212856	900.609	33.0369	38.6729	0.00495697
-0.0523979	-3.02395	780.78	0.24	0.213991	900.543	33.0074	38.7216	0.00585585
-0.0524388	-3.25475	780.78	0.24	0.215198	900.472	32.9763	38.7713	0.00678385
-0.0524826	-3.475	780.78	0.24	0.216419	900.396	32.9395	38.8333	0.00773306
-0.0525291	-3.68343	780.78	0.24	0.217824	900.315	32.889	38.9091	0.00868852
-0.0525782	-3.87976	780.78	0.24	0.219217	900.228	32.8259	38.9928	0.00963944
-0.0526297	-4.0643	780.78	0.24	0.220352	900.138	32.7713	39.0713	0.0105782
-0.0526834	-4.24126	780.78	0.24	0.221578	900.043	32.7266	39.1394	0.0115195
-0.0527394	-4.40666	780.78	0.24	0.22332	899.944	32.6754	39.2055	0.0124354
-0.0527972	-4.55278	780.78	0.24	0.225197	899.842	32.6133	39.2958	0.0132738
-0.0528568	-4.68165	780.78	0.24	0.226912	899.736	32.5626	39.3736	0.0140359
-0.0529178	-4.79498	780.78	0.24	0.228715	899.628	32.5346	39.4268	0.0147237
-0.0529802	-4.89036	780.78	0.24	0.230785	899.517	32.5274	39.4546	0.0153152
-0.0530436	-4.96797	780.78	0.24	0.232675	899.403	32.5374	39.4737	0.0158051
-0.0531078	-5.02892	780.78	0.24	0.234445	899.289	32.5594	39.481	0.0161954
-0.0531727	-5.07471	780.78	0.24	0.236093	899.173	32.5705	39.5051	0.0164916
-0.053238	-5.10975	780.78	0.24	0.237541	899.055	32.5756	39.5254	0.0167202
-0.0533036	-5.12916	780.78	0.24	0.238826	898.938	32.5779	39.5529	0.0168474
-0.0533694	-5.13987	780.78	0.24	0.239833	898.819	32.5844	39.5738	0.0169179
-0.0534353	-5.14406	780.78	0.24	0.240807	898.701	32.6055	39.5895	0.0169454
-0.0535011	-5.13846	780.78	0.24	0.241764	898.583	32.65	39.5713	0.0169086
-0.0535668	-5.12052	780.78	0.24	0.242906	898.465	32.6983	39.5513	0.0167907
-0.0536321	-5.0942	780.78	0.24	0.243831	898.347	32.7413	39.5384	0.0166185
-0.053697	-5.0603	780.78	0.24	0.244655	898.23	32.7699	39.5387	0.0163981
-0.0537614	-5.01772	780.78	0.24	0.245718	898.114	32.7998	39.5397	0.0161233
-0.0538252	-4.96514	780.78	0.24	0.246805	897.999	32.8548	39.5141	0.0157872
-0.0538882	-4.90345	780.78	0.24	0.247643	897.885	32.921	39.4722	0.0153973
-0.0539503	-4.83304	780.78	0.24	0.248792	897.772	32.9928	39.4331	0.0149583
-0.0540115	-4.75525	780.78	0.24	0.24955	897.662	33.0832	39.3615	0.0144807
-0.0540716	-4.67098	780.78	0.24	0.250131	897.553	33.1795	39.2912	0.013972
-0.0541305	-4.58216	780.78	0.24	0.250464	897.446	33.2807	39.2159	0.0134457
-0.0541883	-4.49323	780.78	0.24	0.250674	897.341	33.3864	39.1329	0.0129288
-0.054245	-4.40099	780.78	0.24	0.25079	897.238	33.482	39.0642	0.0124034
-0.0543004	-4.30719	780.78	0.24	0.250909	897.138	33.5736	38.9971	0.0118804
-0.0543547	-4.20991	780.78	0.24	0.251621	897.039	33.6466	38.9578	0.0113498
-0.0544076	-4.10534	780.78	0.24	0.252596	896.943	33.707	38.9194	0.0107929
-0.0544591	-3.99245	780.78	0.24	0.253299	896.85	33.7578	38.8896	0.0102075
-0.0545091	-3.87216	780.78	0.24	0.254197	896.759	33.7854	38.8842	0.00960167
-0.0545574	-3.74411	780.78	0.24	0.254979	896.67	33.8013	38.8916	0.00897716
-0.0546041	-3.60948	780.78	0.24	0.255815	896.585	33.8093	38.9045	0.00834316
-0.054649	-3.46674	780.78	0.24	0.256483	896.503	33.8144	38.9198	0.00769632
-0.0546919	-3.32071	780.78	0.24	0.256745	896.424	33.8235	38.9257	0.00706159
-0.054733	-3.17099	780.78	0.24	0.257115	896.349	33.8389	38.923	0.0064392
-0.0547722	-3.01887	780.78	0.24	0.25732	896.277	33.8422	38.9394	0.00583618
-0.0548094	-2.86635	780.78	0.24	0.25717	896.209	33.8442	38.9516	0.00526138
-0.0548446	-2.7169	780.78	0.24	0.256663	896.144	33.8419	38.9719	0.00472702
-0.054878	-2.57337	780.78	0.24	0.255764	896.082	33.8417	38.9867	0.00424077
-0.0549097	-2.43937	780.78	0.24	0.254661	896.024	33.8469	38.9964	0.00381063
-0.0549397	-2.31428	780.78	0.24	0.254015	895.969	33.8617	38.9962	0.00342983
-0.0549682	-2.19128	780.78	0.24	0.253768	895.916	33.8835	38.9871	0.00307495
-0.0549951	-2.07039	780.78	0.24	0.253619	895.867	33.8941	38.9861	0.00274503
-0.0550204	-1.95195	780.78	0.24	0.253479	895.82	33.8913	38.9997	0.00243995
-0.0550443	-1.83377	780.78	0.24	0.253372	895.776	33.8664	39.0305	0.00215343
-0.0550666	-1.71598	780.78	0.24	0.253294	895.734	33.817	39.0914	0.00188567
-0.0550875	-1.59933	780.78	0.24	0.253415	895.696	33.7517	39.1664	0.00163802
-0.0551068	-1.47882	780.78	0.24	0.253896	895.66	33.6827	39.2422	0.00140045
-0.0551245	-1.35311	780.78	0.24	0.254478	895.627	33.5977	39.3375	0.00117248
-0.0551406	-1.22245	780.78	0.24	0.255024	895.596	33.5054	39.4368	0.000956975
-0.055155	-1.08765	780.78	0.24	0.255554	895.569	33.4112	39.5405	0.000757561
-0.0551676	-0.946773	780.78	0.24	0.256266	895.545	33.3356	39.6218	0.000574028
-0.0551783	-0.798154	780.78	0.24	0.257113	895.524	33.2688	39.6936	0.000407957
-0.055187	-0.642607	780.78	0.24	0.258046	895.507	33.2117	39.751	0.000264443
-0.0551937	-0.47747	780.78	0.24	0.25896	895.493	33.1703	39.7936	0.000145994
-0.0551981	-0.304792	780.78	0.24	0.259757	895.483	33.1461	39.8203	5.94905e-05
-0.0552003	-0.125484	780.78	0.24	0.260306	895.477	33.1401	39.8258	1.00837e-05
-0.0552002	0.0570728	780.78	0.24	0.260471	895.475	33.1537	39.8102	2.08593e-06
-0.0551977	0.241624	780.78	0.24	0.260973	895.477	33.1559	39.8101	3.73869e-05
-0.0551928	0.432398	780.78	0.24	0.261581	895.484	33.1644	39.7966	0.000119731
-0.0551854	0.62707	780.78	0.24	0.262066	895.495	33.1749	39.779	0.00025181
-0.0551754	0.826189	780.78	0.24	0.262338	895.51	33.1862	39.7606	0.000437119
-0.0551629	1.02563	780.78	0.24	0.262576	895.531	33.1976	39.7421	0.000673635
-0.0551478	1.22919	780.78	0.24	0.262881	895.555	33.2066	39.7224	0.00096757
-0.0551301	1.43596	780.78	0.24	0.263261	895.585	33.2132	39.7022	0.00132045
-0.0551097	1.64643	780.78	0.24	0.263606	895.619	33.204	39.7009	0.00173591
-0.0550866	1.8593	780.78	0.24	0.263815	895.658	33.1933	39.6974	0.00221382
-0.0550607	2.07424	780.78	0.24	0.263977	895.702	33.1888	39.6861	0.00275523
-0.0550321	2.28881	780.78	0.24	0.263845	895.75	33.1889	39.6696	0.00335475
-0.0550007	2.50176	780.78	0.24	0.263429	895.804	33.1952	39.6449	0.00400805
-0.0549667	2.71036	780.78	0.24	0.262938	895.863	33.2025	39.6215	0.00470429
-0.05493	2.91404	780.78	0.24	0.262469	895.926	33.219	39.5856	0.00543792
-0.0548907	3.11462	780.78	0.24	0.262183	895.994	33.2455	39.5383	0.00621229
-0.0548489	3.31315	780.78	0.24	0.26178	896.067	33.2736	39.4859	0.00702948
-0.0548046	3.50705	780.78	0.24	0.261245	896.144	33.3003	39.4326	0.00787635
-0.0547579	3.69507	780.78	0.24	0.260574	896.226	33.328	39.3759	0.00874354
-0.0547088	3.87738	780.78	0.24	0.259782	896.311	33.352	39.3226	0.00962762
-0.0546575	4.05154	780.78	0.24	0.258794	896.402	33.3681	39.2786	0.0105119
-0.054604	4.21734	780.78	0.24	0.258042	896.496	33.3725	39.247	0.0113899
-0.0545484	4.37478	780.78	0.24	0.257581	896.593	33.3817	39.2131	0.0122562
-0.0544909	4.53081	780.78	0.24	0.257615	896.695	33.3883	39.1776	0.013146
-0.0544313	4.69103	780.78	0.24	0.257575	896.8	33.3944	39.139	0.0140921
-0.0543697	4.84978	780.78	0.24	0.257265	896.908	33.4025	39.0948	0.0150621
-0.0543062	4.99931	780.78	0.24	0.256797	897.021	33.4152	39.0482	0.0160052
-0.0542407	5.14632	780.78	0.24	0.256417	897.136	33.4366	38.9965	0.0169603
-0.0541734	5.29443	780.78	0.24	0.256281	897.256	33.49	38.8835	0.0179506
-0.0541042	5.44271	780.78	0.24	0.25616	897.378	33.5337	38.8044	0.0189702
-0.0540331	5.58704	780.78	0.24	0.255524	897.504	33.5473	38.7536	0.0199896
-0.0539602	5.72411	780.78	0.24	0.254656	897.633	33.5322	38.7301	0.0209825
-0.0538856	5.85471	780.78	0.24	0.253839	897.766	33.4893	38.733	0.0219509
-0.0538095	5.97645	780.78	0.24	0.252638	897.901	33.4077	38.7763	0.0228732
-0.0537319	6.08069	780.78	0.24	0.251277	898.039	33.3252	38.8393	0.0236781
-0.053653	6.17925	780.78	0.24	0.250065	898.18	33.2692	38.8562	0.0244519
-0.0535731	6.26606	780.78	0.24	0.248706	898.322	33.2116	38.8724	0.0251438
-0.0534921	6.33713	780.78	0.24	0.246892	898.467	33.1542	38.8903	0.0257174
-0.0534104	6.39217	780.78	0.24	0.244889	898.613	33.1073	38.895	0.0261661
-0.0533281	6.43014	780.78	0.24	0.243257	898.761	33.0447	38.9132	0.0264778
-0.0532455	6.45796	780.78	0.24	0.242204	898.909	32.9549	38.9658	0.0267075
-0.0531626	6.47474	780.78	0.24	0.241024	899.058	32.8745	39.0018	0.0268464
-0.0530796	6.47978	780.78	0.24	0.239459	899.207	32.8034	39.0347	0.0268882
-0.0529967	6.47105	780.78	0.24	0.238186	899.356	32.74	39.0482	0.0268158
-0.052914	6.44943	780.78	0.24	0.237659	899.505	32.657	39.0889	0.0266369
-0.0528316	6.42955	780.78	0.24	0.237555	899.654	32.5883	39.1166	0.0264729
-0.0527495	6.40734	780.78	0.24	0.236888	899.802	32.552	39.1124	0.0262903
-0.0526677	6.37805	780.78	0.24	0.23601	899.949	32.5273	39.0938	0.0260506
-0.0525864	6.34094	780.78	0.24	0.235282	900.096	32.5064	39.0681	0.0257483
-0.0525056	6.29671	780.78	0.24	0.234661	900.242	32.4867	39.0486	0.0253903
-0.0524254	6.24794	780.78	0.24	0.234076	900.387	32.486	39.0043	0.0249986
-0.0523459	6.19686	780.78	0.24	0.234047	900.531	32.4607	38.993	0.0245915
-0.052267	6.14574	780.78	0.24	0.234292	900.673	32.4304	38.9803	0.0241874
-0.0521888	6.09749	780.78	0.24	0.234438	900.815	32.396	38.9753	0.0238091
-0.0521111	6.04966	780.78	0.24	0.234269	900.955	32.3488	38.9843	0.0234371
-0.0520341	5.99725	780.78	0.24	0.233959	901.095	32.2844	39.0102	0.0230327
-0.0519578	5.94497	780.78	0.24	0.233774	901.233	32.2111	39.0436	0.0226329
-0.0518822	5.88764	780.78	0.24	0.233255	901.37	32.1513	39.0671	0.0221985
-0.0518074	5.82542	780.78	0.24	0.232525	901.505	32.1183	39.0638	0.0217318
-0.0517335	5.75635	780.78	0.24	0.231852	901.639	32.1065	39.0355	0.0212195
-0.0516605	5.68282	780.78	0.24	0.231496	901.772	32.0815	39.0193	0.0206809
-0.0515884	5.60864	780.78	0.24	0.231439	901.903	32.026	39.0421	0.0201445
-0.0515173	5.53379	780.78	0.24	0.23154	902.032	31.9751	39.0617	0.0196104
-0.0514471	5.45989	780.78	0.24	0.231507	902.159	31.9526	39.0485	0.0190901
-0.0513779	5.38319	780.78	0.24	0.231315	902.285	31.9522	39.014	0.0185576
-0.0513097	5.30498	780.78	0.24	0.231188	902.409	31.9683	38.9625	0.0180222
-0.0512426	5.22675	780.78	0.24	0.231088	902.531	32.005	38.8891	0.0174946
-0.0511764	5.14684	780.78	0.24	0.230901	902.652	32.0361	38.8205	0.0169638
-0.0511112	5.06717	780.78	0.24	0.230999	902.77	32.0472	38.7733	0.0164427
-0.0510471	4.98824	780.78	0.24	0.23097	902.887	32.0562	38.7265	0.0159344
-0.050984	4.90736	780.78	0.24	0.230635	903.002	32.0581	38.692	0.0154218
-0.050922	4.82237	780.78	0.24	0.230084	903.115	32.0594	38.6583	0.0148923
-0.0508611	4.73008	780.78	0.24	0.229368	903.226	32.0629	38.6224	0.0143278
-0.0508014	4.63341	780.78	0.24	0.228743	903.335	32.0666	38.5873	0.0137481
-0.0507431	4.53086	780.78	0.24	0.228061	903.441	32.0769	38.5455	0.0131462
-0.0506861	4.42189	780.78	0.24	0.227422	903.546	32.0932	38.4991	0.0125215
-0.0506305	4.30713	780.78	0.24	0.226867	903.647	32.1031	38.4593	0.01188
-0.0505765	4.18795	780.78	0.24	0.226559	903.746	32.0942	38.4364	0.0112317
-0.050524	4.06718	780.78	0.24	0.22644	903.842	32.0648	38.4378	0.0105932
-0.0504731	3.94583	780.78	0.24	0.226394	903.936	32.0262	38.4469	0.00997051
-0.0504238	3.82354	780.78	0.24	0.226418	904.027	31.9897	38.4574	0.00936211
-0.050376	3.70282	780.78	0.24	0.226564	904.114	31.9471	38.4734	0.00878026
-0.0503297	3.58246	780.78	0.24	0.226691	904.199	31.8995	38.4878	0.0082187
-0.0502849	3.46487	780.78	0.24	0.226922	904.282	31.8358	38.5273	0.00768803
-0.0502417	3.34719	780.78	0.24	0.226838	904.361	31.7734	38.5645	0.00717468
-0.0502	3.2279	780.78	0.24	0.226653	904.438	31.7014	38.6091	0.0066724
-0.0501598	3.10756	780.78	0.24	0.226401	904.512	31.6252	38.662	0.00618416
-0.0501212	2.98054	780.78	0.24	0.225998	904.584	31.5584	38.7126	0.00568894
-0.0500842	2.8544	780.78	0.24	0.226124	904.652	31.5032	38.7468	0.00521759
-0.0500489	2.7295	780.78	0.24	0.226198	904.717	31.4594	38.7702	0.00477099
-0.0500151	2.6051	780.78	0.24	0.226076	904.78	31.4209	38.7885	0.00434599
-0.049983	2.47796	780.78	0.24	0.225733	904.84	31.3908	38.7989	0.00393216
-0.0499525	2.34535	780.78	0.24	0.225249	904.896	31.3682	38.8026	0.00352254
-0.0499238	2.2098	780.78	0.24	0.224659	904.95	31.3561	38.7953	0.00312715
-0.0498968	2.06801	780.78	0.24	0.223824	905	31.3531	38.7806	0.00273871
-0.0498717	1.91936	780.78	0.24	0.223122	905.047	31.3504	38.7666	0.00235914
-0.0498487	1.76265	780.78	0.24	0.222351	905.091	31.3419	38.7575	0.00198962
-0.0498276	1.59965	780.78	0.24	0.221696	905.131	31.3108	38.7728	0.00163866
-0.0498087	1.43264	780.78	0.24	0.221382	905.167	31.2521	38.818	0.00131436
-0.049792	1.26383	780.78	0.24	0.221249	905.199	31.1759	38.8817	0.00102286
-0.0497775	1.09515	780.78	0.24	0.221442	905.228	31.123	38.9019	0.000768047
-0.049765	0.927229	780.78	0.24	0.22173	905.252	31.0895	38.9261	0.000550573
-0.0497547	0.764683	780.78	0.24	0.222304	905.273	31.0626	38.9414	0.000374459
-0.0497465	0.606048	780.78	0.24	0.222738	905.289	31.0372	38.9565	0.00023521
-0.0497402	0.451292	780.78	0.24	0.223164	905.302	31.0169	38.9656	0.000130424
-0.0497359	0.30112	780.78	0.24	0.223672	905.312	30.9942	38.976	5.80659e-05
-0.0497334	0.156637	780.78	0.24	0.224502	905.318	30.9881	38.9683	1.5712e-05
-0.0497327	0.0210357	780.78	0.24	0.225739	905.321	30.9607	38.9954	2.83371e-07
-0.0497337	-0.10353	780.78	0.24	0.227223	905.321	30.9198	39.0226	6.86392e-06
-0.0497361	-0.212261	780.78	0.24	0.22884	905.318	30.8744	39.0615	2.88525e-05
-0.0497397	-0.307186	780.78	0.24	0.23036	905.312	30.8312	39.0983	6.04287e-05
-0.0497445	-0.390085	780.78	0.24	0.231611	905.305	30.7977	39.1294	9.74451e-05
-0.0497502	-0.462306	780.78	0.24	0.232705	905.295	30.7822	39.1365	0.000136868
-0.0497567	-0.524213	780.78	0.24	0.233726	905.284	30.7671	39.1457	0.000175977
-0.0497639	-0.577543	780.78	0.24	0.234605	905.271	30.7534	39.1531	0.000213604
-0.0497718	-0.623579	780.78	0.24	0.235387	905.258	30.7453	39.1564	0.000249014
-0.0497802	-0.665111	780.78	0.24	0.236016	905.243	30.7456	39.1466	0.000283289
-0.049789	-0.699981	780.78	0.24	0.23667	905.227	30.7475	39.1382	0.000313771
-0.0497983	-0.72942	780.78	0.24	0.237221	905.211	30.7476	39.1329	0.000340719
-0.0498078	-0.753839	780.78	0.24	0.237861	905.194	30.7352	39.1353	0.000363914
-0.0498177	-0.770465	780.78	0.24	0.238654	905.176	30.7085	39.1574	0.000380143
-0.0498276	-0.781649	780.78	0.24	0.239288	905.158	30.6921	39.1767	0.000391259
-0.0498377	-0.785509	780.78	0.24	0.24001	905.14	30.6908	39.1735	0.000395134
-0.0498477	-0.783158	780.78	0.24	0.240666	905.122	30.6931	39.1644	0.000392772
-0.0498577	-0.77547	780.78	0.24	0.241151	905.104	30.702	39.1487	0.000385098
-0.0498675	-0.764894	780.78	0.24	0.241459	905.086	30.7164	39.1281	0.000374665
-0.0498772	-0.75013	780.78	0.24	0.241996	905.068	30.7194	39.1192	0.000360341
-0.0498866	-0.730202	780.78	0.24	0.242517	905.051	30.7234	39.1081	0.00034145
-0.0498957	-0.706103	780.78	0.24	0.242888	905.034	30.7292	39.0949	0.000319284
-0.0499045	-0.679845	780.78	0.24	0.243123	905.018	30.7361	39.0813	0.000295979
-0.049913	-0.651246	780.78	0.24	0.243308	905.002	30.7459	39.0619	0.000271601
-0.049921	-0.621863	780.78	0.24	0.243519	904.988	30.7546	39.0439	0.000247645
-0.0499287	-0.589495	780.78	0.24	0.24379	904.973	30.7759	39.0126	0.000222536
-0.0499359	-0.554877	780.78	0.24	0.243975	904.96	30.8081	38.9711	0.000197167
-0.0499427	-0.519354	780.78	0.24	0.244053	904.947	30.8416	38.9294	0.00017273
-0.049949	-0.48466	780.78	0.24	0.244008	904.935	30.8845	38.8767	0.000150424
-0.0499548	-0.449607	780.78	0.24	0.244002	904.924	30.9369	38.8149	0.000129452
-0.0499603	-0.412118	780.78	0.24	0.244382	904.914	30.9904	38.7555	0.000108764
-0.0499651	-0.370495	780.78	0.24	0.245073	904.905	31.0428	38.6885	8.79035e-05
-0.0499694	-0.321872	780.78	0.24	0.245702	904.896	31.0879	38.6318	6.6345e-05
-0.049973	-0.269266	780.78	0.24	0.245979	904.889	31.1297	38.578	4.64307e-05
-0.049976	-0.21553	780.78	0.24	0.246059	904.883	31.169	38.5263	2.9748e-05
-0.0499782	-0.160693	780.78	0.24	0.246124	904.879	31.2066	38.4743	1.65361e-05
-0.0499797	-0.104374	780.78	0.24	0.246357	904.875	31.2286	38.4421	6.97626e-06
-0.0499805	-0.0477246	780.78	0.24	0.24651	904.873	31.2358	38.419	1.45857e-06
-0.0499806	0.0113108	780.78	0.24	0.246627	904.872	31.2339	38.4077	8.19276e-08
-0.0499798	0.0710733	780.78	0.24	0.246625	904.873	31.233	38.3939	3.23485e-06
-0.0499784	0.130529	780.78	0.24	0.246627	904.875	31.2232	38.3904	1.09109e-05
-0.0499761	0.189953	780.78	0.24	0.246565	904.878	31.2033	38.3941	2.31066e-05
-0.0499731	0.247827	780.78	0.24	0.24627	904.883	31.1726	38.4093	3.93314e-05
-0.0499694	0.302653	780.78	0.24	0.245888	904.889	31.1313	38.4352	5.86584e-05
-0.049965	0.352992	780.78	0.24	0.245213	904.897	31.0745	38.4806	7.97941e-05
-0.0499601	0.395052	780.78	0.24	0.244423	904.905	31.0043	38.5371	9.99422e-05
-0.0499547	0.432498	780.78	0.24	0.243814	904.914	30.9354	38.5862	0.000119787
-0.0499488	0.463271	780.78	0.24	0.243032	904.925	30.853	38.6549	0.000137439
-0.0499427	0.486485	780.78	0.24	0.242137	904.936	30.7553	38.7365	0.000151559
-0.0499363	0.501273	780.78	0.24	0.241293	904.947	30.6696	38.8053	0.000160912
-0.0499298	0.507846	780.78	0.24	0.240214	904.959	30.6045	38.8528	0.00016516
-0.0499233	0.502021	780.78	0.24	0.238702	904.97	30.5782	38.8625	0.000161393
-0.049917	0.482023	780.78	0.24	0.236962	904.982	30.6055	38.8131	0.000148791
-0.0499112	0.447037	780.78	0.24	0.235441	904.993	30.6301	38.7597	0.000127976
-0.0499059	0.401403	780.78	0.24	0.234891	905.003	30.559	38.8216	0.000103181
-0.0499012	0.352718	780.78	0.24	0.235054	905.012	30.4789	38.8856	7.96703e-05
-0.0498971	0.307911	780.78	0.24	0.23533	905.02	30.4646	38.8846	6.07143e-05
-0.0498936	0.266398	780.78	0.24	0.235646	905.027	30.5011	38.8313	4.54469e-05
-0.0498905	0.226228	780.78	0.24	0.235747	905.033	30.544	38.7672	3.27743e-05
-0.049888	0.187937	780.78	0.24	0.235913	905.038	30.5673	38.7244	2.26187e-05
-0.049886	0.151215	780.78	0.24	0.23596	905.042	30.5838	38.6884	1.46431e-05
-0.0498844	0.113087	780.78	0.24	0.235728	905.045	30.5916	38.6621	8.18963e-06
-0.0498833	0.0724536	780.78	0.24	0.235338	905.048	30.5916	38.6429	3.36172e-06
-0.0498828	0.0254583	780.78	0.24	0.234697	905.049	30.5844	38.6301	4.15051e-07
-0.049883	-0.0262181	780.78	0.24	0.234313	905.05	30.5592	38.6332	4.40195e-07
-0.0498838	-0.0800565	780.78	0.24	0.234047	905.049	30.5162	38.6588	4.10426e-06
-0.0498854	-0.136802	780.78	0.24	0.233675	905.046	30.4835	38.6751	1.19846e-05
-0.0498877	-0.196026	780.78	0.24	0.233402	905.043	30.4682	38.6732	2.46075e-05
-0.0498908	-0.258757	780.78	0.24	0.233068	905.038	30.4598	38.6627	4.28772e-05
-0.0498947	-0.323396	780.78	0.24	0.232687	905.032	30.4507	38.653	6.69747e-05
-0.0498995	-0.39279	780.78	0.24	0.232453	905.024	30.4469	38.6414	9.88013e-05
-0.0499052	-0.461914	780.78	0.24	0.232472	905.014	30.4464	38.6247	0.000136635
-0.0499118	-0.529623	780.78	0.24	0.232615	905.003	30.4584	38.5914	0.000179628
-0.0499192	-0.594824	780.78	0.24	0.233112	904.991	30.4736	38.5557	0.000226578
-0.0499274	-0.655761	780.78	0.24	0.233683	904.976	30.4948	38.5138	0.00027538
-0.0499364	-0.711721	780.78	0.24	0.234403	904.961	30.5006	38.4891	0.000324385
-0.0499459	-0.759639	780.78	0.24	0.23516	904.944	30.4997	38.4732	0.000369535
-0.0499561	-0.801638	780.78	0.24	0.235754	904.926	30.4921	38.4649	0.000411527
-0.0499667	-0.839123	780.78	0.24	0.236106	904.907	30.485	38.4556	0.000450913
-0.0499778	-0.873637	780.78	0.24	0.236566	904.888	30.4835	38.4379	0.000488768
-0.0499893	-0.904543	780.78	0.24	0.236925	904.867	30.4808	38.4253	0.000523962
-0.0500011	-0.931886	780.78	0.24	0.237297	904.846	30.4796	38.4112	0.000556118
-0.0500133	-0.960645	780.78	0.24	0.23745	904.824	30.4758	38.3983	0.000590973
-0.0500259	-0.982152	780.78	0.24	0.237876	904.802	30.494	38.3537	0.00061773
-0.0500386	-1.00075	780.78	0.24	0.238178	904.779	30.5203	38.31	0.000641344
-0.0500516	-1.01695	780.78	0.24	0.238334	904.756	30.539	38.2755	0.000662281
-0.0500648	-1.03344	780.78	0.24	0.238179	904.732	30.5495	38.249	0.000683932
-0.0500782	-1.05359	780.78	0.24	0.237899	904.708	30.5592	38.2276	0.000710858
-0.0500919	-1.07363	780.78	0.24	0.238065	904.684	30.6163	38.1558	0.000738161
-0.0501058	-1.09173	780.78	0.24	0.238049	904.659	30.6459	38.1136	0.000763265
-0.05012	-1.11147	780.78	0.24	0.237962	904.633	30.6791	38.0693	0.000791107
-0.0501344	-1.13746	780.78	0.24	0.237616	904.607	30.7139	38.0541	0.000828539
-0.0501492	-1.16437	780.78	0.24	0.236591	904.581	30.7233	38.0261	0.0008682
-0.0501645	-1.20105	780.78	0.24	0.23557	904.554	30.7686	37.9398	0.000923772
-0.0501803	-1.24685	780.78	0.24	0.234559	904.526	30.827	37.8638	0.000995562
-0.0501968	-1.30411	780.78	0.24	0.233554	904.497	30.8775	37.7921	0.00108911
-0.0502141	-1.36693	780.78	0.24	0.232753	904.466	30.9277	37.7249	0.00119657
-0.0502322	-1.43966	780.78	0.24	0.232047	904.434	30.9901	37.6528	0.00132727
-0.0502514	-1.51457	780.78	0.24	0.231624	904.4	31.065	37.5608	0.00146899
-0.0502715	-1.59416	780.78	0.24	0.231171	904.365	31.1407	37.4708	0.00162743
-0.0502928	-1.67699	780.78	0.24	0.230705	904.327	31.2138	37.3828	0.00180096
-0.0503151	-1.76397	780.78	0.24	0.230268	904.288	31.2809	37.2989	0.00199262
-0.0503385	-1.85577	780.78	0.24	0.22976	904.247	31.3433	37.2244	0.00220541
-0.0503632	-1.94871	780.78	0.24	0.229932	904.203	31.4029	37.1528	0.00243186
-0.050389	-2.04021	780.78	0.24	0.230297	904.157	31.4691	37.0806	0.00266557
-0.050416	-2.12641	780.78	0.24	0.230938	904.11	31.5342	37.0103	0.00289557
-0.050444	-2.206	780.78	0.24	0.231739	904.06	31.5978	36.9344	0.00311639
-0.0504729	-2.27764	780.78	0.24	0.232781	904.008	31.6565	36.867	0.0033221
-0.0505027	-2.33991	780.78	0.24	0.233822	903.955	31.7221	36.791	0.00350622
-0.0505332	-2.39258	780.78	0.24	0.234909	903.901	31.7845	36.7222	0.00366585
-0.0505643	-2.4344	780.78	0.24	0.236101	903.845	31.8452	36.6577	0.00379512
-0.0505958	-2.46524	780.78	0.24	0.23723	903.788	31.906	36.5891	0.00389188
-0.0506276	-2.48784	780.78	0.24	0.238255	903.731	31.9743	36.5124	0.00396357
-0.0506595	-2.50017	780.78	0.24	0.239335	903.674	32.0429	36.4369	0.00400294
-0.0506916	-2.50361	780.78	0.24	0.240482	903.616	32.096	36.3709	0.00401397
-0.0507236	-2.4939	780.78	0.24	0.241845	903.558	32.1112	36.3484	0.00398289
-0.0507553	-2.47251	780.78	0.24	0.243319	903.5	32.0905	36.3653	0.00391486
-0.0507867	-2.43631	780.78	0.24	0.244881	903.443	32.0652	36.3848	0.00380109
-0.0508174	-2.3887	780.78	0.24	0.246056	903.387	32.0507	36.3912	0.00365395
-0.0508475	-2.3304	780.78	0.24	0.247102	903.332	32.0323	36.4028	0.0034778
-0.0508767	-2.26462	780.78	0.24	0.247618	903.278	32.0314	36.3959	0.00328422
-0.0509051	-2.19534	780.78	0.24	0.248026	903.226	32.0245	36.391	0.00308635
-0.0509325	-2.12003	780.78	0.24	0.248892	903.176	31.9733	36.4401	0.00287823
-0.0509588	-2.03697	780.78	0.24	0.249666	903.127	31.9187	36.4893	0.00265711
-0.0509841	-1.94949	780.78	0.24	0.249927	903.081	31.8859	36.5148	0.00243379
-0.0510082	-1.86371	780.78	0.24	0.249787	903.036	31.8756	36.5145	0.00222432
-0.0510312	-1.77528	780.78	0.24	0.249991	902.994	31.8665	36.5235	0.00201825
-0.0510531	-1.6849	780.78	0.24	0.250217	902.953	31.8538	36.5283	0.00181797
-0.0510738	-1.59376	780.78	0.24	0.250217	902.915	31.8443	36.5287	0.00162663
-0.0510933	-1.50476	780.78	0.24	0.250086	902.878	31.8386	36.5293	0.00145003
-0.0511118	-1.41569	780.78	0.24	0.249891	902.844	31.8256	36.5353	0.00128344
-0.051129	-1.32913	780.78	0.24	0.249698	902.812	31.8026	36.5498	0.0011313
-0.0511452	-1.24452	780.78	0.24	0.249515	902.782	31.7667	36.578	0.000991849
-0.0511604	-1.1591	780.78	0.24	0.2497	902.753	31.7172	36.6184	0.000860371
-0.0511744	-1.07076	780.78	0.24	0.250015	902.727	31.6557	36.6697	0.000734219
-0.0511872	-0.979112	780.78	0.24	0.25042	902.703	31.5784	36.7397	0.000613912
-0.0511988	-0.883355	780.78	0.24	0.250988	902.681	31.4896	36.8187	0.000499703
-0.0512092	-0.78151	780.78	0.24	0.251639	902.661	31.4043	36.8906	0.000391121
-0.0512182	-0.67467	780.78	0.24	0.252111	902.643	31.3248	36.9583	0.000291491
-0.0512258	-0.566184	780.78	0.24	0.252474	902.628	31.2554	37.0215	0.000205285
-0.0512319	-0.452633	780.78	0.24	0.252817	902.616	31.1985	37.0655	0.0001312
-0.0512366	-0.336446	780.78	0.24	0.253043	902.606	31.1433	37.1077	7.24888e-05
-0.0512398	-0.217805	780.78	0.24	0.25334	902.599	31.0774	37.1616	3.03793e-05
-0.0512414	-0.0980901	780.78	0.24	0.253272	902.595	31.0108	37.2147	6.16158e-06
-0.0512415	0.0190426	780.78	0.24	0.252909	902.593	30.9495	37.258	2.32217e-07
-0.0512402	0.132037	780.78	0.24	0.25252	902.594	30.9032	37.2991	1.11643e-05
-0.0512374	0.24286	780.78	0.24	0.252032	902.598	30.8737	37.3132	3.77705e-05
-0.0512333	0.34802	780.78	0.24	0.25131	902.604	30.8506	37.3206	7.75622e-05
-0.0512279	0.44538	780.78	0.24	0.250271	902.613	30.834	37.32	0.000127029
-0.0512213	0.532016	780.78	0.24	0.249147	902.624	30.8285	37.3117	0.000181255
-0.0512138	0.607942	780.78	0.24	0.247906	902.637	30.8393	37.2833	0.000236682
-0.0512053	0.673643	780.78	0.24	0.246842	902.651	30.8587	37.2455	0.000290603
-0.0511962	0.729202	780.78	0.24	0.245684	902.667	30.8795	37.2077	0.000340516
-0.0511864	0.774571	780.78	0.24	0.244494	902.684	30.9018	37.1703	0.000384206
-0.0511761	0.808376	780.78	0.24	0.243165	902.702	30.922	37.1319	0.000418474
-0.0511655	0.830969	780.78	0.24	0.241911	902.721	30.9371	37.101	0.000442193
-0.0511547	0.842658	780.78	0.24	0.240698	902.74	30.9534	37.0713	0.00045472
-0.0511439	0.842872	780.78	0.24	0.239284	902.76	30.9644	37.044	0.000454951
-0.0511332	0.829656	780.78	0.24	0.237794	902.779	30.9774	37.0147	0.000440796
-0.0511228	0.802613	780.78	0.24	0.236434	902.798	30.9868	36.9891	0.000412528
-0.0511129	0.764481	780.78	0.24	0.235276	902.817	30.9962	36.9627	0.000374261
-0.0511036	0.717633	780.78	0.24	0.234414	902.834	30.9929	36.951	0.000329796
-0.0510949	0.66425	780.78	0.24	0.233704	902.851	30.9846	36.9458	0.000282556
-0.0510869	0.604731	780.78	0.24	0.233203	902.866	30.987	36.9322	0.000234189
-0.0510798	0.541278	780.78	0.24	0.232742	902.879	31.0014	36.9022	0.000187621
-0.0510735	0.473558	780.78	0.24	0.232218	902.891	30.9945	36.8936	0.000143611
-0.0510682	0.388837	780.78	0.24	0.230956	902.902	30.9697	36.9341	9.68224e-05
-0.051064	0.306266	780.78	0.24	0.230743	902.91	30.994	36.8762	6.00676e-05
-0.0510612	0.169878	780.78	0.24	0.230885	902.917	30.9071	37.0409	1.84806e-05
-0.05106	0.0549178	780.78	0.24	0.2298	902.92	30.8325	37.2458	1.93138e-06
-0.0510603	-0.0441344	780.78	0.24	0.228979	902.921	30.8012	37.2671	1.24737e-06
-0.0510618	-0.146274	780.78	0.24	0.228414	902.92	30.7857	37.2771	1.37017e-05
-0.0510647	-0.252705	780.78	0.24	0.228122	902.916	30.764	37.2927	4.08949e-05
-0.051069	-0.360563	780.78	0.24	0.228061	902.909	30.7518	37.2968	8.32538e-05
-0.0510746	-0.470357	780.78	0.24	0.22819	902.9	30.7375	37.3044	0.000141676
-0.0510817	-0.576176	780.78	0.24	0.22855	902.889	30.7171	37.3221	0.000212594
-0.05109	-0.678756	780.78	0.24	0.228963	902.875	30.6994	37.3371	0.000295032
-0.0510997	-0.777436	780.78	0.24	0.229331	902.859	30.6991	37.3348	0.000387053
-0.0511106	-0.873244	780.78	0.24	0.229613	902.84	30.7151	37.3188	0.000488329
-0.0511227	-0.967409	780.78	0.24	0.229884	902.819	30.7454	37.2888	0.000599324
-0.0511359	-1.05755	780.78	0.24	0.230354	902.796	30.7832	37.2508	0.000716221
-0.0511503	-1.14287	780.78	0.24	0.230877	902.771	30.8243	37.2099	0.00083644
-0.0511657	-1.22499	780.78	0.24	0.231147	902.744	30.8655	37.1701	0.000960964
-0.0511822	-1.30632	780.78	0.24	0.231154	902.716	30.9088	37.1279	0.0010928
-0.0511997	-1.3876	780.78	0.24	0.231135	902.685	30.9493	37.0906	0.00123301
-0.0512182	-1.46974	780.78	0.24	0.231051	902.652	30.9893	37.0538	0.00138333
-0.0512379	-1.55184	780.78	0.24	0.23111	902.618	31.0321	37.0165	0.00154218
-0.0512585	-1.63352	780.78	0.24	0.231186	902.582	31.0741	36.9802	0.0017088
-0.0512802	-1.71426	780.78	0.24	0.231217	902.543	31.1176	36.9438	0.00188188
-0.0513029	-1.79653	780.78	0.24	0.231092	902.503	31.1633	36.9018	0.00206686
-0.0513267	-1.87909	780.78	0.24	0.230837	902.461	31.212	36.8604	0.00226119
-0.0513516	-1.96479	780.78	0.24	0.230408	902.417	31.2662	36.8145	0.00247214
-0.0513776	-2.056	780.78	0.24	0.229637	902.372	31.3301	36.7589	0.00270698
-0.0514049	-2.15678	780.78	0.24	0.228688	902.323	31.4148	36.6859	0.00297889
-0.0514336	-2.26614	780.78	0.24	0.22772	902.273	31.5199	36.5888	0.00328863
-0.0514637	-2.38298	780.78	0.24	0.227003	902.22	31.6254	36.4951	0.00363648
-0.0514954	-2.50518	780.78	0.24	0.226255	902.164	31.7339	36.3962	0.00401901
-0.0515287	-2.63416	780.78	0.24	0.225631	902.106	31.8284	36.3178	0.0044435
-0.0515637	-2.76752	780.78	0.24	0.225501	902.044	31.8971	36.2665	0.00490481
-0.0516004	-2.89916	780.78	0.24	0.226027	901.979	31.9386	36.2415	0.00538252
-0.0516387	-3.02485	780.78	0.24	0.226883	901.912	31.9649	36.2335	0.00585936
-0.0516786	-3.14039	780.78	0.24	0.227996	901.841	31.9904	36.2266	0.0063155
-0.0517198	-3.24474	780.78	0.24	0.229361	901.768	32.0188	36.2235	0.0067422
-0.0517623	-3.33767	780.78	0.24	0.230904	901.692	32.0588	36.2073	0.00713391
-0.0518058	-3.41491	780.78	0.24	0.232617	901.615	32.1156	36.1696	0.00746792
-0.0518501	-3.47678	780.78	0.24	0.234232	901.536	32.1777	36.1298	0.00774097
-0.0518951	-3.52378	780.78	0.24	0.23596	901.455	32.2227	36.1107	0.00795167
-0.0519406	-3.55483	780.78	0.24	0.237854	901.373	32.2954	36.0483	0.00809243
-0.0519863	-3.56931	780.78	0.24	0.239588	901.291	32.3259	36.0432	0.00815848
-0.052032	-3.57076	780.78	0.24	0.241009	901.209	32.2917	36.0985	0.00816512
-0.0520777	-3.56522	780.78	0.24	0.242479	901.126	32.245	36.2114	0.0081398
-0.0521231	-3.53913	780.78	0.24	0.244155	901.044	32.2243	36.2571	0.0080211
-0.052168	-3.49742	780.78	0.24	0.245751	900.963	32.2049	36.3034	0.00783314
-0.0522123	-3.44392	780.78	0.24	0.246923	900.882	32.2121	36.3258	0.00759533
-0.0522558	-3.38081	780.78	0.24	0.247793	900.803	32.2576	36.3107	0.00731954
-0.0522985	-3.31177	780.78	0.24	0.248526	900.726	32.33	36.2731	0.00702363
-0.0523401	-3.23468	780.78	0.24	0.249172	900.65	32.4306	36.2008	0.00670047
-0.0523808	-3.15177	780.78	0.24	0.249934	900.576	32.5173	36.1426	0.00636136
-0.0524203	-3.05969	780.78	0.24	0.251026	900.503	32.5572	36.135	0.00599511
-0.0524585	-2.95809	780.78	0.24	0.252233	900.433	32.5636	36.1629	0.00560358
-0.0524953	-2.84458	780.78	0.24	0.253505	900.366	32.5652	36.1964	0.00518175
-0.0525305	-2.72129	780.78	0.24	0.254605	900.301	32.5714	36.22	0.00474233
-0.0525641	-2.58752	780.78	0.24	0.255649	900.239	32.5813	36.2421	0.00428756
-0.0525959	-2.44589	780.78	0.24	0.256521	900.18	32.5969	36.2553	0.00383102
-0.0526258	-2.29708	780.78	0.24	0.257089	900.125	32.6151	36.2675	0.00337904
-0.0526537	-2.14379	780.78	0.24	0.257483	900.072	32.6407	36.2705	0.00294311
-0.0526797	-1.9885	780.78	0.24	0.25758	900.024	32.6715	36.273	0.00253216
-0.0527037	-1.83433	780.78	0.24	0.257652	899.979	32.7057	36.2681	0.00215474
-0.0527256	-1.67549	780.78	0.24	0.257996	899.938	32.7442	36.2562	0.00179774
-0.0527456	-1.515	780.78	0.24	0.25801	899.9	32.786	36.2447	0.00146983
-0.0527634	-1.35618	780.78	0.24	0.257728	899.866	32.8205	36.2403	0.00117782
-0.0527793	-1.20079	780.78	0.24	0.257271	899.836	32.8541	36.2342	0.000923365
-0.0527932	-1.0511	780.78	0.24	0.256831	899.809	32.8773	36.2357	0.000707504
-0.0528052	-0.903341	780.78	0.24	0.256574	899.785	32.8886	36.2529	0.00052257
-0.0528154	-0.758393	780.78	0.24	0.256016	899.766	32.8984	36.274	0.000368324
-0.0528238	-0.619219	780.78	0.24	0.255126	899.749	32.9079	36.2938	0.000245544
-0.0528304	-0.489001	780.78	0.24	0.253928	899.735	32.9145	36.317	0.00015313
-0.0528355	-0.37186	780.78	0.24	0.252314	899.725	32.9206	36.3433	8.85522e-05
-0.0528393	-0.271452	780.78	0.24	0.250645	899.717	32.9339	36.3579	4.71874e-05
-0.0528419	-0.184024	780.78	0.24	0.248908	899.711	32.942	36.3821	2.16865e-05
-0.0528436	-0.113425	780.78	0.24	0.246909	899.707	32.9482	36.4074	8.23867e-06
-0.0528445	-0.0609552	780.78	0.24	0.24491	899.705	32.9543	36.4319	2.37937e-06
-0.0528449	-0.0261752	780.78	0.24	0.242829	899.704	32.9485	36.4775	4.38754e-07
-0.0528451	-0.0122314	780.78	0.24	0.240627	899.704	32.9384	36.5218	9.58068e-08
-0.0528452	-0.0170071	780.78	0.24	0.238386	899.703	32.925	36.5709	1.85225e-07
-0.0528456	-0.0417477	780.78	0.24	0.236308	899.703	32.9064	36.6221	1.11611e-06
-0.0528466	-0.0850251	780.78	0.24	0.234178	899.702	32.8784	36.6854	4.62951e-06
-0.0528482	-0.147692	780.78	0.24	0.232051	899.699	32.8475	36.7557	1.39687e-05
-0.0528509	-0.229248	780.78	0.24	0.229933	899.696	32.8208	36.821	3.36552e-05
-0.0528547	-0.330845	780.78	0.24	0.227709	899.69	32.7907	36.89	7.00957e-05
-0.0528601	-0.452159	780.78	0.24	0.225574	899.682	32.7676	36.9525	0.000130925
-0.0528672	-0.592853	780.78	0.24	0.223697	899.67	32.7544	37.0145	0.000225079
-0.0528763	-0.749171	780.78	0.24	0.222048	899.656	32.7515	37.0653	0.00035942
-0.0528875	-0.917906	780.78	0.24	0.220709	899.638	32.7477	37.1225	0.000539558
-0.0529009	-1.09817	780.78	0.24	0.219752	899.616	32.7386	37.1805	0.000772286
-0.0529168	-1.28524	780.78	0.24	0.219178	899.589	32.7268	37.2403	0.00105781
-0.0529351	-1.47675	780.78	0.24	0.218984	899.558	32.6995	37.3152	0.00139654
-0.0529558	-1.66489	780.78	0.24	0.219625	899.523	32.6484	37.4208	0.00177505
-0.0529789	-1.84708	780.78	0.24	0.220435	899.484	32.591	37.5342	0.00218481
-0.0530042	-2.02136	780.78	0.24	0.221387	899.44	32.5288	37.6557	0.00261656
-0.0530317	-2.18804	780.78	0.24	0.222239	899.393	32.4781	37.766	0.00306585
-0.0530613	-2.34818	780.78	0.24	0.222944	899.342	32.4432	37.8604	0.00353105
-0.0530928	-2.5029	780.78	0.24	0.223608	899.287	32.427	37.938	0.00401169
-0.0531263	-2.65226	780.78	0.24	0.223944	899.228	32.4295	37.9977	0.00450479
-0.0531616	-2.79713	780.78	0.24	0.224746	899.166	32.4338	38.0583	0.00501034
-0.0531988	-2.93652	780.78	0.24	0.22555	899.101	32.4347	38.119	0.00552214
-0.0532377	-3.06582	780.78	0.24	0.226613	899.033	32.4148	38.2201	0.00601914
-0.0532781	-3.18517	780.78	0.24	0.227958	898.961	32.3802	38.3237	0.00649692
-0.0533199	-3.29285	780.78	0.24	0.229169	898.887	32.3513	38.421	0.0069436
-0.053363	-3.38999	780.78	0.24	0.23033	898.811	32.3223	38.5198	0.00735933
-0.0534073	-3.47682	780.78	0.24	0.231467	898.732	32.2977	38.6121	0.00774116
-0.0534525	-3.55472	780.78	0.24	0.232353	898.652	32.278	38.7011	0.00809192
-0.0534987	-3.62584	780.78	0.24	0.232896	898.57	32.271	38.7775	0.00841896
-0.0535458	-3.69327	780.78	0.24	0.233482	898.486	32.2695	38.8479	0.008735
-0.0535937	-3.75484	780.78	0.24	0.233906	898.401	32.2782	38.9092	0.00902869
-0.0536423	-3.81344	780.78	0.24	0.23435	898.314	32.2879	38.9654	0.00931271
-0.0536917	-3.86678	780.78	0.24	0.23516	898.226	32.2771	39.0522	0.00957501
-0.0537416	-3.9103	780.78	0.24	0.23672	898.137	32.2986	39.1028	0.00979176
-0.053792	-3.93669	780.78	0.24	0.238468	898.046	32.32	39.1501	0.00992441
-0.0538425	-3.94952	780.78	0.24	0.239744	897.956	32.3164	39.2326	0.00998919
-0.0538931	-3.95004	780.78	0.24	0.241568	897.865	32.3415	39.2726	0.00999179
-0.0539435	-3.93261	780.78	0.24	0.243384	897.774	32.3602	39.3248	0.00990382
-0.0539936	-3.90081	780.78	0.24	0.244878	897.684	32.3758	39.3802	0.00974431
-0.0540431	-3.85698	780.78	0.24	0.245953	897.594	32.4017	39.4245	0.00952658
-0.054092	-3.79997	780.78	0.24	0.247984	897.506	32.4083	39.4959	0.00924703
-0.05414	-3.72626	780.78	0.24	0.249432	897.419	32.472	39.4963	0.00889175
-0.0541869	-3.64281	780.78	0.24	0.25025	897.334	32.5224	39.5148	0.00849796
-0.054233	-3.59597	780.78	0.24	0.250506	897.251	32.5184	39.7185	0.00828083
-0.0542783	-3.52573	780.78	0.24	0.249248	897.169	32.5115	39.7832	0.00796048
-0.0543227	-3.45887	780.78	0.24	0.249224	897.088	32.5307	39.8084	0.00766143
-0.0543663	-3.38153	780.78	0.24	0.249047	897.009	32.5597	39.8368	0.00732266
-0.0544088	-3.30925	780.78	0.24	0.249373	896.932	32.586	39.8693	0.00701294
-0.0544504	-3.22712	780.78	0.24	0.250013	896.856	32.6425	39.8552	0.00666918
-0.0544909	-3.13761	780.78	0.24	0.250914	896.783	32.6606	39.8976	0.00630433
-0.0545301	-3.03913	780.78	0.24	0.251786	896.711	32.6493	39.9629	0.00591482
-0.054568	-2.93283	780.78	0.24	0.252649	896.642	32.6532	40.0088	0.00550826
-0.0546045	-2.82002	780.78	0.24	0.253303	896.575	32.6567	40.0598	0.00509267
-0.0546396	-2.7145	780.78	0.24	0.254	896.511	32.6508	40.1098	0.00471867
-0.0546731	-2.58655	780.78	0.24	0.255285	896.45	32.669	40.1425	0.00428434
-0.0547049	-2.44829	780.78	0.24	0.256516	896.391	32.7402	40.1174	0.00383855
-0.0547349	-2.29853	780.78	0.24	0.257525	896.336	32.8252	40.0783	0.00338331
-0.0547628	-2.14259	780.78	0.24	0.258274	896.284	32.9224	40.0281	0.00293982
-0.0547887	-1.97808	780.78	0.24	0.25907	896.236	33.0328	39.9567	0.00250571
-0.0548124	-1.80738	780.78	0.24	0.259649	896.191	33.134	39.8986	0.00209189
-0.0548338	-1.63327	780.78	0.24	0.260253	896.151	33.2251	39.8471	0.00170827
-0.054853	-1.44954	780.78	0.24	0.261091	896.114	33.2995	39.8102	0.00134556
-0.0548697	-1.25981	780.78	0.24	0.261715	896.082	33.3601	39.7868	0.00101638
-0.054884	-1.06494	780.78	0.24	0.262058	896.054	33.4055	39.777	0.000726258
-0.0548957	-0.868132	780.78	0.24	0.262056	896.031	33.4391	39.7763	0.000482628
-0.054905	-0.674495	780.78	0.24	0.2618	896.012	33.46	39.7874	0.000291339
-0.0549118	-0.480741	780.78	0.24	0.261552	895.998	33.471	39.806	0.000148001
-0.0549161	-0.290858	780.78	0.24	0.260897	895.988	33.4732	39.8307	5.41756e-05
-0.054918	-0.108315	780.78	0.24	0.260011	895.982	33.468	39.8597	7.51315e-06
-0.0549177	0.0662	780.78	0.24	0.259083	895.981	33.4478	39.9078	2.80645e-06
-0.0549153	0.231507	780.78	0.24	0.257986	895.983	33.4257	39.954	3.43218e-05
-0.0549108	0.386552	780.78	0.24	0.256605	895.99	33.4061	39.9924	9.5688e-05
-0.0549045	0.529104	780.78	0.24	0.255172	895.999	33.3872	40.0311	0.000179277
-0.0548964	0.657829	780.78	0.24	0.253677	896.012	33.3661	40.0725	0.000277119
-0.0548869	0.774541	780.78	0.24	0.252459	896.028	33.3413	40.1126	0.000384176
-0.0548759	0.880375	780.78	0.24	0.251233	896.046	33.3096	40.16	0.000496337
-0.0548637	0.976409	780.78	0.24	0.250202	896.067	33.2714	40.212	0.000610526
-0.0548503	1.06387	780.78	0.24	0.24924	896.09	33.236	40.2596	0.000724794
-0.0548359	1.14185	780.78	0.24	0.248281	896.115	33.1978	40.3093	0.000834951
-0.0548206	1.21064	780.78	0.24	0.247279	896.142	33.1604	40.3557	0.000938584
-0.0548045	1.27208	780.78	0.24	0.246469	896.17	33.1253	40.3991	0.00103627
-0.0547877	1.32689	780.78	0.24	0.245697	896.199	33.0811	40.4512	0.00112749
-0.0547702	1.37466	780.78	0.24	0.244877	896.23	33.0286	40.5104	0.00121014
-0.0547522	1.41524	780.78	0.24	0.24398	896.262	32.9764	40.5704	0.00128263
-0.0547338	1.44595	780.78	0.24	0.242695	896.295	32.931	40.6211	0.0013389
-0.0547151	1.46482	780.78	0.24	0.241296	896.328	32.8862	40.6754	0.00137408
-0.0546962	1.46971	780.78	0.24	0.239724	896.362	32.8572	40.7098	0.00138327
-0.0546775	1.46138	780.78	0.24	0.238397	896.395	32.8564	40.7135	0.00136762
-0.0546589	1.44145	780.78	0.24	0.237294	896.429	32.8533	40.727	0.00133058
-0.0546407	1.41359	780.78	0.24	0.236442	896.462	32.8657	40.7132	0.00127965
-0.054623	1.37794	780.78	0.24	0.235514	896.494	32.8981	40.684	0.00121591
-0.0546057	1.33298	780.78	0.24	0.234358	896.526	32.9538	40.6317	0.00113786
-0.0545892	1.27376	780.78	0.24	0.232942	896.556	33.0243	40.5665	0.00103901
-0.0545735	1.20302	780.78	0.24	0.231397	896.585	33.1045	40.4885	0.000926804
-0.0545589	1.11766	780.78	0.24	0.229901	896.612	33.1782	40.4179	0.000799948
-0.0545455	1.0207	780.78	0.24	0.228411	896.637	33.2497	40.3477	0.000667167
-0.0545335	0.908587	780.78	0.24	0.226768	896.66	33.3179	40.2779	0.000528657
-0.054523	0.782774	780.78	0.24	0.225375	896.68	33.3711	40.224	0.000392386
-0.0545143	0.646342	780.78	0.24	0.224387	896.697	33.4092	40.1882	0.000267526
-0.0545074	0.501448	780.78	0.24	0.223515	896.711	33.4421	40.1616	0.000161025
-0.0545024	0.349038	780.78	0.24	0.222638	896.722	33.4852	40.1229	7.80167e-05
-0.0544995	0.188746	780.78	0.24	0.222034	896.729	33.5197	40.0886	2.28137e-05
-0.0544986	0.027527	780.78	0.24	0.222051	896.733	33.5428	40.0719	4.85244e-07
-0.0544998	-0.13537	780.78	0.24	0.22179	896.732	33.571	40.0485	1.1735e-05
-0.0545031	-0.301478	780.78	0.24	0.221204	896.728	33.5965	40.0287	5.8204e-05
-0.0545087	-0.47442	780.78	0.24	0.220418	896.72	33.6187	40.0141	0.000144134
-0.0545164	-0.654164	780.78	0.24	0.219695	896.708	33.6344	40.0094	0.00027404
-0.0545266	-0.841017	780.78	0.24	0.219059	896.692	33.647	40.0066	0.000452951
-0.0545392	-1.0323	780.78	0.24	0.218699	896.672	33.6558	40.0031	0.000682419
-0.0545543	-1.22636	780.78	0.24	0.218275	896.647	33.6628	40.0056	0.000963106
-0.0545719	-1.42494	780.78	0.24	0.217942	896.618	33.6736	40.0039	0.00130028
-0.054592	-1.62557	780.78	0.24	0.217789	896.584	33.6868	39.9996	0.00169219
-0.0546148	-1.82765	780.78	0.24	0.217747	896.546	33.6977	39.9983	0.00213907
-0.0546401	-2.02859	780.78	0.24	0.21804	896.502	33.7006	40.0031	0.00263529
-0.054668	-2.22682	780.78	0.24	0.218731	896.455	33.703	40.0089	0.00317549
-0.0546984	-2.41581	780.78	0.24	0.21997	896.402	33.7153	40.0102	0.00373739
-0.054731	-2.59178	780.78	0.24	0.221432	896.346	33.7307	40.0053	0.00430168
-0.0547658	-2.75222	780.78	0.24	0.223175	896.286	33.7487	39.9988	0.00485073
-0.0548024	-2.89724	780.78	0.24	0.22486	896.221	33.7598	40.004	0.00537538
-0.0548408	-3.02729	780.78	0.24	0.22661	896.154	33.7674	40.0107	0.00586881
-0.0548807	-3.14261	780.78	0.24	0.228299	896.084	33.7745	40.0171	0.00632443
-0.0549219	-3.24179	780.78	0.24	0.230019	896.011	33.7786	40.0303	0.00672996
-0.0549643	-3.32646	780.78	0.24	0.231704	895.936	33.7833	40.0411	0.0070861
-0.0550075	-3.39553	780.78	0.24	0.233338	895.86	33.7914	40.0504	0.00738338
-0.0550516	-3.45274	780.78	0.24	0.234779	895.781	33.8067	40.051	0.0076343
-0.0550962	-3.4958	780.78	0.24	0.236096	895.702	33.8304	40.0457	0.00782591
-0.0551413	-3.52798	780.78	0.24	0.237284	895.621	33.8595	40.0374	0.00797063
-0.0551867	-3.55038	780.78	0.24	0.238609	895.54	33.8934	40.0199	0.00807216
-0.0552323	-3.56064	780.78	0.24	0.239835	895.459	33.9397	39.99	0.00811892
-0.0552779	-3.56021	780.78	0.24	0.241014	895.377	33.994	39.9538	0.00811692
-0.0553234	-3.54893	780.78	0.24	0.242039	895.296	34.0594	39.9051	0.00806558
-0.0553687	-3.52938	780.78	0.24	0.242937	895.214	34.1325	39.849	0.00797695
-0.0554136	-3.50254	780.78	0.24	0.243864	895.134	34.2046	39.7941	0.00785612
-0.0554581	-3.46661	780.78	0.24	0.244818	895.053	34.2845	39.7309	0.00769576
-0.0555021	-3.42098	780.78	0.24	0.245929	894.974	34.3639	39.6683	0.00749451
-0.0555454	-3.3671	780.78	0.24	0.246878	894.896	34.4458	39.6025	0.00726029
-0.0555879	-3.30415	780.78	0.24	0.247902	894.819	34.5268	39.5372	0.00699136
-0.0556296	-3.23053	780.78	0.24	0.249104	894.744	34.6157	39.46	0.00668327
-0.0556701	-3.14603	780.78	0.24	0.25032	894.67	34.7033	39.3875	0.00633823
-0.0557095	-3.05079	780.78	0.24	0.251416	894.599	34.7803	39.3256	0.00596026
-0.0557476	-2.94822	780.78	0.24	0.252229	894.529	34.8482	39.27	0.00556623
-0.0557843	-2.83877	780.78	0.24	0.252868	894.463	34.9057	39.2255	0.00516061
-0.0558196	-2.72286	780.78	0.24	0.253482	894.398	34.9608	39.1829	0.0047478
-0.0558533	-2.60236	780.78	0.24	0.253781	894.336	35.0157	39.14	0.00433688
-0.0558854	-2.4805	780.78	0.24	0.253834	894.278	35.0641	39.103	0.00394022
-0.055916	-2.35977	780.78	0.24	0.253791	894.221	35.1031	39.0756	0.00356599
-0.0559451	-2.23816	780.78	0.24	0.254014	894.168	35.1364	39.0524	0.00320792
-0.0559726	-2.11317	780.78	0.24	0.254201	894.118	35.1641	39.0334	0.00285964
-0.0559984	-1.98823	780.78	0.24	0.254295	894.07	35.1915	39.0147	0.00253148
-0.0560227	-1.861	780.78	0.24	0.254641	894.025	35.2263	38.9846	0.00221787
-0.0560452	-1.72991	780.78	0.24	0.255035	893.983	35.2574	38.9621	0.00191641
-0.0560661	-1.59615	780.78	0.24	0.255446	893.944	35.2911	38.9303	0.00163151
-0.0560852	-1.45693	780.78	0.24	0.255916	893.909	35.3277	38.8987	0.00135931
-0.0561025	-1.31425	780.78	0.24	0.256206	893.876	35.3679	38.8644	0.00110611
-0.0561179	-1.16981	780.78	0.24	0.256384	893.847	35.4054	38.8346	0.00087634
-0.0561315	-1.02427	780.78	0.24	0.256579	893.821	35.438	38.8058	0.000671847
-0.0561432	-0.877256	780.78	0.24	0.256911	893.798	35.4691	38.7753	0.000492826
-0.056153	-0.723551	780.78	0.24	0.25767	893.779	35.4838	38.766	0.000335258
-0.0561607	-0.563828	780.78	0.24	0.258231	893.763	35.4953	38.755	0.00020358
-0.0561664	-0.398958	780.78	0.24	0.258849	893.751	35.5018	38.7509	0.000101929
-0.0561699	-0.228439	780.78	0.24	0.25938	893.743	35.504	38.7487	3.34181e-05
-0.0561711	-0.0557776	780.78	0.24	0.259769	893.739	35.5027	38.747	1.99233e-06
-0.0561701	0.123727	780.78	0.24	0.260385	893.739	35.4884	38.7594	9.80327e-06
-0.0561668	0.306485	780.78	0.24	0.260716	893.743	35.4672	38.776	6.01533e-05
-0.0561611	0.491039	780.78	0.24	0.260955	893.751	35.4408	38.8035	0.000154409
-0.056153	0.678446	780.78	0.24	0.261012	893.763	35.4102	38.8278	0.000294762
-0.0561425	0.865181	780.78	0.24	0.260838	893.78	35.3776	38.853	0.000479353
-0.0561297	1.04902	780.78	0.24	0.260485	893.8	35.3434	38.8808	0.000704714
-0.0561145	1.2305	780.78	0.24	0.260055	893.826	35.3078	38.9081	0.000969626
-0.056097	1.40685	780.78	0.24	0.259369	893.855	35.2686	38.9387	0.00126747
-0.0560774	1.57495	780.78	0.24	0.258474	893.888	35.2214	38.9706	0.00158846
-0.0560556	1.73698	780.78	0.24	0.25756	893.925	35.1589	39.0214	0.00193212
-0.0560319	1.88929	780.78	0.24	0.25647	893.966	35.0918	39.0751	0.00228581
-0.0560063	2.0321	780.78	0.24	0.255291	894.01	35.0239	39.1291	0.00264441
-0.055979	2.16386	780.78	0.24	0.253987	894.057	34.9542	39.1845	0.00299846
-0.0559501	2.28361	780.78	0.24	0.252659	894.107	34.8884	39.235	0.00333952
-0.0559198	2.39013	780.78	0.24	0.251082	894.16	34.8247	39.2831	0.00365834
-0.0558883	2.48219	780.78	0.24	0.249383	894.216	34.7659	39.326	0.00394558
-0.0558558	2.55934	780.78	0.24	0.247561	894.273	34.7161	39.3593	0.00419465
-0.0558224	2.6208	780.78	0.24	0.245856	894.332	34.6657	39.3978	0.00439853
-0.0557883	2.66658	780.78	0.24	0.244361	894.392	34.6172	39.4206	0.00455355
-0.0557538	2.70032	780.78	0.24	0.243066	894.454	34.5598	39.4651	0.00466953
-0.055719	2.72242	780.78	0.24	0.24177	894.516	34.5083	39.5018	0.00474626
-0.055684	2.73454	780.78	0.24	0.2407	894.578	34.461	39.5312	0.00478862
-0.055649	2.73438	780.78	0.24	0.239741	894.641	34.4079	39.559	0.00478806
-0.055614	2.72965	780.78	0.24	0.238992	894.703	34.3396	39.6129	0.00477151
-0.0555792	2.71712	780.78	0.24	0.238215	894.766	34.2647	39.6684	0.0047278
-0.0555445	2.69815	780.78	0.24	0.237322	894.828	34.1875	39.7297	0.004662
-0.0555102	2.67046	780.78	0.24	0.236334	894.89	34.1061	39.7979	0.00456681
-0.0554764	2.63371	780.78	0.24	0.235447	894.951	34.0248	39.8615	0.00444198
-0.055443	2.59057	780.78	0.24	0.234604	895.011	33.9478	39.922	0.00429766
-0.0554104	2.53673	780.78	0.24	0.233556	895.07	33.8851	39.9628	0.00412088
-0.0553784	2.47837	780.78	0.24	0.233699	895.128	33.7963	40.0301	0.00393346
-0.0553472	2.42615	780.78	0.24	0.234363	895.184	33.6948	40.1177	0.00376943
-0.0553166	2.37739	780.78	0.24	0.235032	895.24	33.6086	40.1936	0.00361943
-0.0552866	2.33592	780.78	0.24	0.23554	895.294	33.5594	40.2251	0.00349427
-0.055257	2.29637	780.78	0.24	0.235415	895.347	33.5174	40.2522	0.00337696
-0.055228	2.25532	780.78	0.24	0.235407	895.4	33.5082	40.2438	0.00325729
-0.0551996	2.205	780.78	0.24	0.234001	895.451	33.5119	40.2512	0.00311358
-0.0551719	2.1464	780.78	0.24	0.236211	895.502	33.5143	40.1999	0.00295029
-0.0551449	2.09073	780.78	0.24	0.236316	895.551	33.5255	40.2441	0.00279922
-0.0551185	2.03729	780.78	0.24	0.236945	895.598	33.5472	40.2559	0.00265796
-0.0550927	2.01455	780.78	0.24	0.237801	895.645	33.5719	40.2157	0.00259895
-0.055067	1.99824	780.78	0.24	0.238419	895.691	33.6218	40.15	0.00255704
-0.0550416	1.98497	780.78	0.24	0.238735	895.737	33.6699	40.0863	0.00252318
-0.0550162	1.97591	780.78	0.24	0.239124	895.782	33.7088	40.0299	0.00250021
-0.054991	1.97041	780.78	0.24	0.239532	895.828	33.748	39.974	0.00248632
-0.0549658	1.96939	780.78	0.24	0.240093	895.873	33.7647	39.9462	0.00248374
-0.0549405	1.9724	780.78	0.24	0.240434	895.918	33.781	39.9127	0.00249133
-0.0549152	1.97898	780.78	0.24	0.240995	895.963	33.7974	39.8852	0.00250797
-0.0548898	1.99259	780.78	0.24	0.241883	896.009	33.819	39.8457	0.0025426
-0.054864	2.01311	780.78	0.24	0.24291	896.055	33.8322	39.8087	0.00259522
-0.054838	2.04415	780.78	0.24	0.243984	896.101	33.8372	39.7835	0.00267588
-0.0548114	2.08475	780.78	0.24	0.244948	896.148	33.8463	39.7553	0.00278322
-0.0547843	2.13254	780.78	0.24	0.245939	896.196	33.8383	39.7453	0.00291229
-0.0547564	2.19032	780.78	0.24	0.246946	896.246	33.8268	39.7382	0.00307226
-0.0547278	2.25647	780.78	0.24	0.248026	896.296	33.8151	39.7261	0.00326062
-0.0546981	2.33368	780.78	0.24	0.249032	896.348	33.7944	39.7277	0.00348759
-0.0546674	2.41866	780.78	0.24	0.249714	896.402	33.7848	39.7148	0.0037462
-0.0546356	2.50866	780.78	0.24	0.25012	896.458	33.7817	39.6953	0.00403019
-0.0546026	2.60101	780.78	0.24	0.250387	896.517	33.775	39.6785	0.00433236
-0.0545684	2.69532	780.78	0.24	0.250416	896.577	33.7688	39.6611	0.00465225
-0.0545329	2.78993	780.78	0.24	0.250584	896.639	33.7463	39.6614	0.00498457
-0.0544963	2.88501	780.78	0.24	0.250586	896.704	33.7179	39.6696	0.00533011
-0.0544584	2.97918	780.78	0.24	0.250248	896.771	33.693	39.6692	0.00568376
-0.0544194	3.07003	780.78	0.24	0.249719	896.84	33.6716	39.6656	0.00603567
-0.0543793	3.15416	780.78	0.24	0.24878	896.911	33.6515	39.6612	0.00637101
-0.0543382	3.2267	780.78	0.24	0.2477	896.984	33.6372	39.6505	0.00666742
-0.0542962	3.29159	780.78	0.24	0.246642	897.058	33.6307	39.6299	0.00693829
-0.0542535	3.34689	780.78	0.24	0.245439	897.134	33.6263	39.6179	0.00717339
-0.0542102	3.39181	780.78	0.24	0.24441	897.211	33.6146	39.6023	0.00736722
-0.0541664	3.42811	780.78	0.24	0.243442	897.29	33.6096	39.5769	0.00752578
-0.0541222	3.45592	780.78	0.24	0.242494	897.369	33.605	39.5528	0.00764838
-0.0540778	3.47322	780.78	0.24	0.241695	897.448	33.587	39.5406	0.00772514
-0.0540331	3.4886	780.78	0.24	0.241423	897.528	33.5724	39.5258	0.00779368
-0.0539883	3.49979	780.78	0.24	0.240817	897.608	33.5598	39.5096	0.00784376
-0.0539435	3.50481	780.78	0.24	0.240099	897.689	33.5482	39.4931	0.00786628
-0.0538986	3.50277	780.78	0.24	0.239385	897.769	33.5333	39.4799	0.00785713
-0.0538538	3.49578	780.78	0.24	0.238864	897.85	33.5095	39.4815	0.00782583
-0.0538091	3.48451	780.78	0.24	0.238332	897.93	33.4821	39.4792	0.00777542
-0.0537646	3.46908	780.78	0.24	0.237879	898.01	33.4801	39.4511	0.00770673
-0.0537204	3.4486	780.78	0.24	0.23724	898.09	33.4889	39.4147	0.00761602
-0.0536765	3.42274	780.78	0.24	0.236834	898.169	33.4964	39.3822	0.00750219
-0.0536329	3.39434	780.78	0.24	0.236488	898.248	33.5051	39.346	0.00737823
-0.0535897	3.36327	780.78	0.24	0.236342	898.326	33.4971	39.3277	0.00724377
-0.053547	3.33074	780.78	0.24	0.236278	898.403	33.482	39.3149	0.00710431
-0.0535046	3.29882	780.78	0.24	0.236445	898.479	33.4563	39.3122	0.00696881
-0.0534627	3.2687	780.78	0.24	0.236702	898.555	33.4278	39.3142	0.00684214
-0.0534211	3.24129	780.78	0.24	0.236859	898.63	33.4059	39.3096	0.00672787
-0.0533798	3.21419	780.78	0.24	0.236861	898.705	33.3889	39.299	0.00661585
-0.0533389	3.18749	780.78	0.24	0.236941	898.779	33.3757	39.2868	0.00650639
-0.0532983	3.1611	780.78	0.24	0.237191	898.852	33.3546	39.2838	0.0063991
-0.0532581	3.13845	780.78	0.24	0.237643	898.924	33.3295	39.2829	0.00630772
-0.0532181	3.12042	780.78	0.24	0.238199	898.997	33.3008	39.2845	0.00623543
-0.0531782	3.10966	780.78	0.24	0.239085	899.068	33.2458	39.3131	0.00619253
-0.0531385	3.10557	780.78	0.24	0.239736	899.14	33.194	39.3389	0.00617623
-0.0530987	3.10603	780.78	0.24	0.240324	899.211	33.1427	39.35	0.00617806
-0.0530589	3.11251	780.78	0.24	0.240879	899.283	33.09	39.3711	0.00620387
-0.0530189	3.12242	780.78	0.24	0.241384	899.355	33.0309	39.4022	0.00624345
-0.0529788	3.13742	780.78	0.24	0.241967	899.427	32.9752	39.4315	0.00630358
-0.0529384	3.15963	780.78	0.24	0.242683	899.499	32.9111	39.4691	0.00639315
-0.0528977	3.18788	780.78	0.24	0.24336	899.572	32.84	39.5139	0.00650796
-0.0528565	3.22088	780.78	0.24	0.243727	899.646	32.7648	39.5614	0.00664338
-0.0528149	3.25673	780.78	0.24	0.243943	899.72	32.6863	39.612	0.00679212
-0.0527729	3.29432	780.78	0.24	0.244073	899.795	32.6101	39.6587	0.0069498
-0.0527303	3.33209	780.78	0.24	0.244028	899.871	32.5328	39.7079	0.00711007
-0.0526873	3.36796	780.78	0.24	0.244068	899.949	32.4424	39.7668	0.00726399
-0.0526438	3.40562	780.78	0.24	0.244205	900.026	32.3515	39.8309	0.00742735
-0.0525998	3.44449	780.78	0.24	0.244242	900.105	32.2668	39.8862	0.00759787
-0.0525553	3.48309	780.78	0.24	0.244071	900.185	32.1842	39.9386	0.00776909
-0.0525104	3.51929	780.78	0.24	0.243707	900.265	32.101	39.9912	0.00793141
-0.052465	3.55245	780.78	0.24	0.243385	900.347	32.0241	40.0356	0.0080816
-0.0524192	3.58118	780.78	0.24	0.242924	900.429	31.9475	40.0826	0.00821284
-0.0523731	3.60769	780.78	0.24	0.242679	900.511	31.8855	40.1127	0.00833487
-0.0523266	3.632	780.78	0.24	0.242462	900.595	31.8209	40.1472	0.0084476
-0.0522799	3.65406	780.78	0.24	0.242258	900.679	31.7645	40.1706	0.00855054
-0.0522329	3.67439	780.78	0.24	0.242099	900.763	31.7096	40.1931	0.00864594
-0.0521857	3.69439	780.78	0.24	0.242013	900.848	31.658	40.2124	0.00874031
-0.0521382	3.71312	780.78	0.24	0.241871	900.933	31.6094	40.2294	0.00882915
-0.0520904	3.73072	780.78	0.24	0.241757	901.019	31.566	40.2409	0.00891308
-0.0520425	3.74681	780.78	0.24	0.241591	901.105	31.5298	40.2464	0.0089901
-0.0519944	3.75983	780.78	0.24	0.241305	901.192	31.5015	40.238	0.0090527
-0.0519461	3.77057	780.78	0.24	0.240847	901.279	31.4827	40.2228	0.00910447
-0.0518978	3.77692	780.78	0.24	0.240234	901.366	31.475	40.1983	0.00913518
-0.0518494	3.77716	780.78	0.24	0.239524	901.453	31.483	40.1568	0.00913634
-0.0518011	3.77068	780.78	0.24	0.238786	901.54	31.509	40.0968	0.00910503
-0.0517529	3.75675	780.78	0.24	0.238034	901.627	31.5478	40.025	0.00903788
-0.051705	3.7365	780.78	0.24	0.237263	901.714	31.5955	39.9425	0.00894067
-0.0516574	3.70929	780.78	0.24	0.236547	901.8	31.6495	39.8525	0.00881095
-0.0516102	3.67495	780.78	0.24	0.236026	901.886	31.7038	39.7631	0.00864857
-0.0515635	3.63901	780.78	0.24	0.235676	901.97	31.7608	39.6723	0.00848024
-0.0515172	3.59809	780.78	0.24	0.235154	902.054	31.8155	39.5848	0.00829058
-0.0514716	3.55255	780.78	0.24	0.234506	902.137	31.8664	39.5003	0.00808204
-0.0514266	3.49975	780.78	0.24	0.233708	902.219	31.9132	39.4197	0.0078436
-0.0513823	3.44095	780.78	0.24	0.232951	902.3	31.953	39.3472	0.00758225
-0.0513389	3.37332	780.78	0.24	0.232192	902.379	31.9879	39.2865	0.00728711
-0.0512964	3.30066	780.78	0.24	0.231508	902.456	32.015	39.2278	0.00697657
-0.0512549	3.22167	780.78	0.24	0.230813	902.532	32.0391	39.171	0.00664666
-0.0512144	3.13735	780.78	0.24	0.230332	902.606	32.0564	39.1234	0.0063033
-0.0511751	3.04882	780.78	0.24	0.229874	902.678	32.0664	39.0826	0.00595256
-0.0511369	2.95605	780.78	0.24	0.229437	902.748	32.0736	39.0439	0.00559582
-0.0511	2.85628	780.78	0.24	0.229032	902.816	32.0768	39.0097	0.00522448
-0.0510644	2.75701	780.78	0.24	0.228862	902.881	32.0675	38.9894	0.00486765
-0.05103	2.65591	780.78	0.24	0.228536	902.945	32.055	38.9737	0.00451718
-0.050997	2.55052	780.78	0.24	0.228033	903.005	32.0415	38.9566	0.0041658
-0.0509654	2.44073	780.78	0.24	0.227575	903.064	32.026	38.9456	0.00381487
-0.0509352	2.32695	780.78	0.24	0.227083	903.12	32.0122	38.9333	0.00346749
-0.0509065	2.2079	780.78	0.24	0.226534	903.173	31.9906	38.9306	0.00312178
-0.0508795	2.08414	780.78	0.24	0.225982	903.223	31.9628	38.9351	0.00278159
-0.050854	1.95503	780.78	0.24	0.225318	903.271	31.9315	38.9437	0.00244766
-0.0508303	1.81871	780.78	0.24	0.224549	903.315	31.8996	38.9516	0.0021182
-0.0508083	1.67556	780.78	0.24	0.223739	903.356	31.8631	38.9678	0.00179788
-0.0507883	1.52489	780.78	0.24	0.222812	903.394	31.8287	38.9802	0.00148909
-0.0507703	1.36549	780.78	0.24	0.221779	903.429	31.7904	38.9986	0.00119404
-0.0507544	1.19656	780.78	0.24	0.220768	903.459	31.7505	39.0229	0.000916874
-0.0507408	1.01908	780.78	0.24	0.220014	903.486	31.7074	39.0429	0.000665052
-0.0507295	0.834915	780.78	0.24	0.21927	903.509	31.6596	39.0743	0.000446402
-0.0507206	0.644487	780.78	0.24	0.218686	903.527	31.6166	39.1022	0.000265993
-0.0507142	0.449805	780.78	0.24	0.218276	903.541	31.58	39.128	0.000129565
-0.0507104	0.251664	780.78	0.24	0.218191	903.55	31.5364	39.1574	4.05587e-05
-0.050709	0.054436	780.78	0.24	0.218293	903.555	31.4928	39.1856	1.89764e-06
-0.0507102	-0.141426	780.78	0.24	0.218369	903.555	31.4543	39.2121	1.28086e-05
-0.0507139	-0.33902	780.78	0.24	0.218421	903.55	31.4215	39.2348	7.36024e-05
-0.0507201	-0.533454	780.78	0.24	0.218704	903.541	31.3966	39.249	0.000182236
-0.0507288	-0.724222	780.78	0.24	0.219139	903.528	31.3798	39.2554	0.00033588
-0.0507399	-0.911527	780.78	0.24	0.219486	903.51	31.365	39.2613	0.000532084
-0.0507533	-1.09764	780.78	0.24	0.219729	903.488	31.3486	39.2674	0.000771539
-0.0507691	-1.27961	780.78	0.24	0.220165	903.461	31.323	39.2868	0.00104857
-0.0507872	-1.45835	780.78	0.24	0.220506	903.431	31.2958	39.3069	0.00136197
-0.0508076	-1.63386	780.78	0.24	0.22088	903.396	31.2594	39.3375	0.00170951
-0.0508302	-1.80571	780.78	0.24	0.22127	903.357	31.217	39.375	0.00208802
-0.0508549	-1.97495	780.78	0.24	0.221554	903.314	31.1663	39.4252	0.00249778
-0.0508818	-2.14166	780.78	0.24	0.221733	903.268	31.1131	39.4763	0.00293725
-0.0509109	-2.30878	780.78	0.24	0.221652	903.217	31.0643	39.5241	0.00341354
-0.050942	-2.47423	780.78	0.24	0.221994	903.163	31.0329	39.5534	0.00392032
-0.0509753	-2.6393	780.78	0.24	0.22258	903.105	30.98	39.6071	0.00446085
-0.0510106	-2.79299	780.78	0.24	0.223678	903.043	30.9559	39.6274	0.0049955
-0.0510478	-2.93962	780.78	0.24	0.224279	902.977	30.9473	39.6375	0.00553381
-0.0510868	-3.08148	780.78	0.24	0.224582	902.908	30.9337	39.653	0.00608079
-0.0511276	-3.22211	780.78	0.24	0.224661	902.836	30.9164	39.6714	0.00664848
-0.0511702	-3.36261	780.78	0.24	0.22473	902.761	30.8938	39.6986	0.00724094
-0.0512146	-3.5021	780.78	0.24	0.225027	902.683	30.8722	39.718	0.00785414
-0.0512608	-3.6375	780.78	0.24	0.225339	902.601	30.8477	39.748	0.00847321
-0.0513086	-3.77195	780.78	0.24	0.225504	902.516	30.8474	39.7542	0.00911116
-0.0513582	-3.90256	780.78	0.24	0.225977	902.428	30.8601	39.7485	0.00975307
-0.0514094	-4.02888	780.78	0.24	0.226398	902.337	30.8818	39.7341	0.0103946
-0.0514622	-4.15188	780.78	0.24	0.226835	902.243	30.92	39.7013	0.011039
-0.0515165	-4.27148	780.78	0.24	0.227317	902.147	30.9677	39.655	0.0116842
-0.0515723	-4.38474	780.78	0.24	0.228246	902.047	31.0052	39.6246	0.012312
-0.0516295	-4.48842	780.78	0.24	0.229348	901.945	31.0391	39.5989	0.0129011
-0.0516879	-4.58	780.78	0.24	0.230733	901.841	31.0501	39.5996	0.013433
-0.0517473	-4.65891	780.78	0.24	0.232162	901.735	31.0497	39.6124	0.0138998
-0.0518076	-4.72502	780.78	0.24	0.233601	901.627	31.0452	39.626	0.0142971
-0.0518686	-4.77716	780.78	0.24	0.23542	901.517	31.0399	39.6417	0.0146144
-0.0519302	-4.81357	780.78	0.24	0.237324	901.407	31.0395	39.65	0.014838
-0.051992	-4.831	780.78	0.24	0.239282	901.295	31.038	39.6612	0.0149457
-0.0520539	-4.83095	780.78	0.24	0.241272	901.184	31.0378	39.67	0.0149453
-0.0521157	-4.81424	780.78	0.24	0.243129	901.072	31.0405	39.6782	0.0148422
-0.052177	-4.77996	780.78	0.24	0.244874	900.961	31.0487	39.6832	0.0146315
-0.0522378	-4.73179	780.78	0.24	0.246435	900.851	31.0595	39.6835	0.0143381
-0.0522978	-4.6694	780.78	0.24	0.248049	900.743	31.0745	39.6775	0.0139625
-0.0523569	-4.59162	780.78	0.24	0.249731	900.635	31.0922	39.6687	0.0135012
-0.0524148	-4.49936	780.78	0.24	0.251421	900.53	31.1093	39.6619	0.0129641
-0.0524714	-4.39112	780.78	0.24	0.253381	900.427	31.1276	39.6562	0.0123479
-0.0525264	-4.26369	780.78	0.24	0.255269	900.326	31.1601	39.6333	0.0116416
-0.0525797	-4.12154	780.78	0.24	0.256811	900.229	31.2103	39.5909	0.0108783
-0.052631	-3.96459	780.78	0.24	0.258371	900.134	31.2727	39.5367	0.0100656
-0.0526802	-3.79514	780.78	0.24	0.259606	900.044	31.3485	39.4661	0.0092235
-0.0527271	-3.61773	780.78	0.24	0.260766	899.957	31.4244	39.3831	0.00838135
-0.0527716	-3.42458	780.78	0.24	0.262541	899.875	31.4732	39.3407	0.00751028
-0.0528134	-3.21526	780.78	0.24	0.264274	899.797	31.5274	39.2873	0.00662025
-0.0528525	-2.9918	780.78	0.24	0.266011	899.725	31.5978	39.213	0.005732
-0.0528885	-2.75207	780.78	0.24	0.26749	899.657	31.679	39.1312	0.0048502
-0.0529214	-2.50157	780.78	0.24	0.268409	899.595	31.7671	39.0413	0.00400742
-0.052951	-2.24461	780.78	0.24	0.268931	899.539	31.8648	38.9399	0.00322644
-0.0529772	-1.98375	780.78	0.24	0.269565	899.489	31.9711	38.8253	0.00252008
-0.053	-1.71568	780.78	0.24	0.270464	899.444	32.0866	38.7012	0.00188501
-0.0530194	-1.43935	780.78	0.24	0.271143	899.406	32.1995	38.5802	0.0013267
-0.0530351	-1.15721	780.78	0.24	0.271682	899.375	32.3043	38.4699	0.000857565
-0.0530472	-0.872436	780.78	0.24	0.271872	899.35	32.4095	38.3542	0.000487425
-0.0530556	-0.584622	780.78	0.24	0.272237	899.331	32.5237	38.2299	0.000218873
-0.0530603	-0.294475	780.78	0.24	0.272377	899.32	32.6458	38.0931	5.55313e-05
-0.0530613	-0.00317135	780.78	0.24	0.272424	899.314	32.7735	37.9535	6.44064e-09
-0.0530585	0.286426	780.78	0.24	0.272402	899.316	32.9231	37.7863	5.2537e-05
-0.0530521	0.577537	780.78	0.24	0.272284	899.324	33.0965	37.5924	0.0002136
-0.0530419	0.865855	780.78	0.24	0.271767	899.339	33.2809	37.3807	0.0004801
-0.0530281	1.14903	780.78	0.24	0.271155	899.361	33.4645	37.1753	0.00084548
-0.0530107	1.42529	780.78	0.24	0.270239	899.389	33.6254	36.9902	0.00130091
-0.0529898	1.69257	780.78	0.24	0.269071	899.423	33.7535	36.8374	0.00183458
-0.0529657	1.9486	780.78	0.24	0.267715	899.464	33.8406	36.7264	0.00243156
-0.0529384	2.19026	780.78	0.24	0.266176	899.51	33.8898	36.6502	0.00307209
-0.0529081	2.41889	780.78	0.24	0.264518	899.562	33.9002	36.6112	0.00374691
-0.0528751	2.63209	780.78	0.24	0.262716	899.619	33.8892	36.5966	0.00443652
-0.0528394	2.82937	780.78	0.24	0.261064	899.681	33.9031	36.5512	0.00512649
-0.0528014	3.0121	780.78	0.24	0.259281	899.747	33.9233	36.4982	0.00581006
-0.0527612	3.17576	780.78	0.24	0.256937	899.818	33.9298	36.4622	0.00645859
-0.0527192	3.31305	780.78	0.24	0.254418	899.892	33.939	36.4495	0.00702905
-0.0526756	3.43113	780.78	0.24	0.252015	899.969	33.9731	36.3816	0.00753902
-0.0526307	3.52957	780.78	0.24	0.24957	900.049	33.9894	36.3421	0.00797783
-0.0525847	3.60364	780.78	0.24	0.247819	900.13	33.9659	36.3217	0.0083162
-0.0525379	3.66904	780.78	0.24	0.24633	900.214	33.9081	36.3506	0.00862078
-0.0524904	3.71815	780.78	0.24	0.244512	900.299	33.8499	36.3803	0.00885311
-0.0524425	3.75125	780.78	0.24	0.242605	900.385	33.7869	36.4133	0.00901144
-0.0523943	3.76647	780.78	0.24	0.240366	900.472	33.7117	36.4603	0.00908467
-0.0523461	3.75859	780.78	0.24	0.237855	900.558	33.637	36.5066	0.00904673
-0.0522982	3.72829	780.78	0.24	0.23516	900.645	33.5611	36.5555	0.00890146
-0.0522509	3.67296	780.78	0.24	0.232372	900.731	33.4877	36.6013	0.00863919
-0.0522046	3.59178	780.78	0.24	0.229359	900.815	33.4237	36.6394	0.00826154
-0.0521596	3.48162	780.78	0.24	0.226549	900.897	33.3677	36.6687	0.00776253
-0.0521163	3.34983	780.78	0.24	0.224341	900.977	33.3159	36.7038	0.00718601
-0.0520748	3.20152	780.78	0.24	0.222549	901.054	33.2675	36.7307	0.00656378
-0.0520353	3.03669	780.78	0.24	0.220626	901.127	33.2203	36.7579	0.00590529
-0.0519981	2.8554	780.78	0.24	0.218936	901.196	33.1552	36.8033	0.00522126
-0.0519634	2.65906	780.78	0.24	0.21724	901.261	33.0804	36.8613	0.00452792
-0.0519314	2.44684	780.78	0.24	0.215368	901.321	33.0043	36.9233	0.003834
-0.0519022	2.21811	780.78	0.24	0.213845	901.376	32.921	36.9987	0.00315069
-0.0518761	1.97767	780.78	0.24	0.212844	901.426	32.837	37.0715	0.00250467
-0.0518532	1.72959	780.78	0.24	0.212307	901.47	32.7473	37.149	0.00191571
-0.0518334	1.47899	780.78	0.24	0.212193	901.509	32.6517	37.2361	0.00140078
-0.0518169	1.2293	780.78	0.24	0.212493	901.541	32.5508	37.3307	0.000967733
-0.0518035	0.983995	780.78	0.24	0.213076	901.568	32.4551	37.4209	0.00062005
-0.0517932	0.742368	780.78	0.24	0.213724	901.59	32.3738	37.4963	0.000352923
-0.051786	0.509508	780.78	0.24	0.214608	901.605	32.3063	37.5619	0.000166243
-0.0517816	0.286286	780.78	0.24	0.21588	901.616	32.2608	37.606	5.24859e-05
-0.05178	0.07549	780.78	0.24	0.21735	901.621	32.2222	37.6522	3.64939e-06
-0.0517809	-0.123773	780.78	0.24	0.218624	901.622	32.1883	37.6865	9.81058e-06
-0.0517843	-0.311689	780.78	0.24	0.219787	901.618	32.1716	37.7043	6.22136e-05
-0.0517901	-0.490404	780.78	0.24	0.220711	901.609	32.1658	37.7135	0.00015401
-0.051798	-0.660969	780.78	0.24	0.221711	901.597	32.1533	37.7326	0.000279772
-0.051808	-0.821627	780.78	0.24	0.222796	901.581	32.1429	37.7505	0.000432306
-0.05182	-0.974423	780.78	0.24	0.223889	901.561	32.141	37.7615	0.000608046
-0.0518339	-1.1161	780.78	0.24	0.224862	901.538	32.1516	37.759	0.000797708
-0.0518495	-1.25036	780.78	0.24	0.225689	901.511	32.1771	37.7426	0.00100117
-0.0518667	-1.37689	780.78	0.24	0.226745	901.482	32.2243	37.7052	0.00121405
-0.0518855	-1.49395	780.78	0.24	0.227905	901.449	32.2827	37.6577	0.00142927
-0.0519056	-1.59827	780.78	0.24	0.229216	901.414	32.3451	37.6092	0.00163585
-0.051927	-1.69175	780.78	0.24	0.230344	901.376	32.4068	37.5612	0.00183279
-0.0519495	-1.77618	780.78	0.24	0.231434	901.337	32.4595	37.5238	0.0020203
-0.0519729	-1.84978	780.78	0.24	0.232561	901.295	32.5022	37.4941	0.00219119
-0.0519973	-1.914	780.78	0.24	0.233649	901.252	32.5319	37.4794	0.002346
-0.0520223	-1.96783	780.78	0.24	0.234801	901.208	32.5375	37.4893	0.00247979
-0.0520479	-2.01104	780.78	0.24	0.23597	901.162	32.5225	37.522	0.0025899
-0.052074	-2.0461	780.78	0.24	0.23704	901.115	32.5017	37.5598	0.00268099
-0.0521005	-2.06963	780.78	0.24	0.238041	901.068	32.4786	37.6015	0.00274301
-0.0521272	-2.08764	780.78	0.24	0.238754	901.02	32.4621	37.6376	0.00279096
-0.052154	-2.09838	780.78	0.24	0.239367	900.972	32.4602	37.6552	0.00281975
-0.0521809	-2.1038	780.78	0.24	0.2398	900.924	32.4676	37.6672	0.00283434
-0.0522079	-2.10692	780.78	0.24	0.240071	900.875	32.5092	37.6411	0.00284274
-0.0522349	-2.10653	780.78	0.24	0.240708	900.826	32.5567	37.6095	0.00284168
-0.0522618	-2.09929	780.78	0.24	0.241335	900.778	32.6048	37.578	0.0028222
-0.0522886	-2.08717	780.78	0.24	0.242148	900.729	32.6504	37.5611	0.0027897
-0.0523151	-2.06654	780.78	0.24	0.243053	900.681	32.6987	37.5356	0.00273481
-0.0523413	-2.03774	780.78	0.24	0.243756	900.634	32.7381	37.5165	0.00265913
-0.0523671	-2.00408	780.78	0.24	0.244148	900.587	32.7694	37.505	0.002572
-0.0523924	-1.96734	780.78	0.24	0.244401	900.541	32.7867	37.5073	0.00247858
-0.0524172	-1.9297	780.78	0.24	0.244573	900.496	32.7924	37.5232	0.00238463
-0.0524415	-1.89058	780.78	0.24	0.244542	900.452	32.7977	37.5404	0.00228893
-0.0524654	-1.8525	780.78	0.24	0.244464	900.408	32.8177	37.5405	0.00219765
-0.0524887	-1.81511	780.78	0.24	0.244438	900.366	32.8492	37.526	0.00210983
-0.0525116	-1.7775	780.78	0.24	0.244756	900.324	32.8834	37.5102	0.0020233
-0.052534	-1.73345	780.78	0.24	0.245311	900.283	32.9208	37.4916	0.00192426
-0.0525557	-1.6855	780.78	0.24	0.245721	900.244	32.9552	37.4769	0.00181928
-0.0525768	-1.63309	780.78	0.24	0.246382	900.205	32.9749	37.4837	0.0017079
-0.0525971	-1.57255	780.78	0.24	0.247416	900.168	32.9893	37.4883	0.00158361
-0.0526166	-1.50304	780.78	0.24	0.248404	900.132	33.0113	37.4873	0.00144672
-0.0526351	-1.42445	780.78	0.24	0.249338	900.098	33.0343	37.4846	0.00129938
-0.0526526	-1.3396	780.78	0.24	0.250429	900.065	33.0382	37.4995	0.00114919
-0.0526688	-1.24241	780.78	0.24	0.251499	900.035	33.0379	37.5184	0.000988488
-0.0526837	-1.13639	780.78	0.24	0.252317	900.007	33.0353	37.54	0.000826989
-0.0526972	-1.02376	780.78	0.24	0.252991	899.981	33.0306	37.5647	0.000671173
-0.0527091	-0.905804	780.78	0.24	0.253691	899.958	33.0186	37.594	0.000525424
-0.0527196	-0.781597	780.78	0.24	0.25444	899.938	32.9898	37.6404	0.000391208
-0.0527283	-0.650458	780.78	0.24	0.255111	899.921	32.941	37.7096	0.000270944
-0.0527353	-0.513695	780.78	0.24	0.255609	899.907	32.8863	37.7817	0.000168986
-0.0527406	-0.37777	780.78	0.24	0.255318	899.896	32.8562	37.8341	9.13895e-05
-0.0527441	-0.245027	780.78	0.24	0.255433	899.888	32.8517	37.8499	3.84475e-05
-0.0527459	-0.105054	780.78	0.24	0.25628	899.883	32.8674	37.848	7.06746e-06
-0.0527459	0.0453718	780.78	0.24	0.257222	899.881	32.863	37.8718	1.3183e-06
-0.0527438	0.192151	780.78	0.24	0.257635	899.883	32.8129	37.9482	2.36444e-05
-0.0527399	0.347791	780.78	0.24	0.25827	899.889	32.7337	38.0384	7.74599e-05
-0.0527338	0.512862	780.78	0.24	0.258589	899.898	32.6559	38.1269	0.000168439
-0.0527256	0.681781	780.78	0.24	0.259069	899.91	32.6523	38.1405	0.000297667
-0.0527153	0.852397	780.78	0.24	0.258797	899.927	32.6188	38.1881	0.000465292
-0.0527027	1.01788	780.78	0.24	0.257876	899.948	32.5653	38.255	0.000663485
-0.0526882	1.172	780.78	0.24	0.256566	899.972	32.5013	38.3243	0.000879619
-0.0526718	1.31516	780.78	0.24	0.25511	900	32.4318	38.406	0.00110764
-0.0526537	1.4436	780.78	0.24	0.253447	900.031	32.3599	38.4824	0.00133454
-0.0526341	1.56094	780.78	0.24	0.252518	900.065	32.2686	38.5907	0.00156033
-0.052613	1.67158	780.78	0.24	0.252054	900.102	32.2076	38.6618	0.00178936
-0.0525906	1.7786	780.78	0.24	0.251587	900.141	32.1953	38.6776	0.00202581
-0.0525668	1.88374	780.78	0.24	0.251535	900.183	32.1568	38.7341	0.00227238
-0.0525417	1.98624	780.78	0.24	0.251181	900.227	32.1037	38.7921	0.00252642
-0.0525153	2.08492	780.78	0.24	0.250474	900.273	32.0399	38.8676	0.00278368
-0.0524877	2.17527	780.78	0.24	0.249369	900.322	31.9784	38.9376	0.00303019
-0.0524591	2.25335	780.78	0.24	0.24767	900.372	31.956	38.9703	0.00325162
-0.0524296	2.31842	780.78	0.24	0.246349	900.425	31.9726	38.9463	0.00344213
-0.0523993	2.37674	780.78	0.24	0.246632	900.478	31.9212	39.0227	0.00361746
-0.0523683	2.44059	780.78	0.24	0.247185	900.534	31.8997	39.0474	0.00381444
-0.0523364	2.50726	780.78	0.24	0.247199	900.59	31.9019	39.0511	0.0040257
-0.0523036	2.57294	780.78	0.24	0.246994	900.648	31.8903	39.0713	0.00423937
-0.0522701	2.63502	780.78	0.24	0.246503	900.708	31.8649	39.1041	0.0044464
-0.0522358	2.69052	780.78	0.24	0.245634	900.769	31.8454	39.1315	0.00463568
-0.0522009	2.73788	780.78	0.24	0.244373	900.832	31.8456	39.1417	0.00480032
-0.0521655	2.77013	780.78	0.24	0.242956	900.895	31.8882	39.1013	0.00491407
-0.0521298	2.79223	780.78	0.24	0.242119	900.959	31.926	39.0669	0.00499281
-0.0520938	2.81351	780.78	0.24	0.242163	901.024	31.9343	39.0672	0.00506917
-0.0520576	2.8332	780.78	0.24	0.24216	901.089	31.9535	39.0569	0.00514038
-0.0520211	2.85455	780.78	0.24	0.242097	901.154	32.005	39.0072	0.00521816
-0.0519843	2.87384	780.78	0.24	0.241712	901.22	32.0686	38.9506	0.00528892
-0.0519474	2.88766	780.78	0.24	0.240813	901.287	32.1436	38.881	0.00533989
-0.0519104	2.89097	780.78	0.24	0.239643	901.353	32.2268	38.8032	0.00535217
-0.0518734	2.88402	780.78	0.24	0.238288	901.42	32.3071	38.7295	0.00532644
-0.0518366	2.86439	780.78	0.24	0.236807	901.487	32.3782	38.6646	0.00525421
-0.0518003	2.83025	780.78	0.24	0.235166	901.553	32.4288	38.6199	0.00512967
-0.0517645	2.78109	780.78	0.24	0.233536	901.618	32.4571	38.5998	0.00495304
-0.0517294	2.71788	780.78	0.24	0.232084	901.682	32.4616	38.6055	0.00473043
-0.0516954	2.64073	780.78	0.24	0.230669	901.744	32.4541	38.6184	0.00446568
-0.0516624	2.55242	780.78	0.24	0.229326	901.805	32.4413	38.6408	0.004172
-0.0516306	2.45205	780.78	0.24	0.227936	901.863	32.435	38.6556	0.00385035
-0.0516003	2.33778	780.78	0.24	0.226412	901.919	32.4397	38.6607	0.00349984
-0.0515716	2.20971	780.78	0.24	0.224905	901.972	32.4502	38.6627	0.00312689
-0.0515446	2.06735	780.78	0.24	0.223372	902.023	32.4672	38.6587	0.00273698
-0.0515196	1.91177	780.78	0.24	0.221752	902.07	32.4867	38.652	0.00234052
-0.0514967	1.74075	780.78	0.24	0.220223	902.113	32.5017	38.6497	0.00194051
-0.0514762	1.55645	780.78	0.24	0.218949	902.152	32.5099	38.653	0.00155135
-0.0514581	1.36232	780.78	0.24	0.217905	902.187	32.499	38.6756	0.0011885
-0.0514426	1.15972	780.78	0.24	0.217165	902.217	32.454	38.7371	0.000861289
-0.0514297	0.952628	780.78	0.24	0.216774	902.243	32.3856	38.8258	0.00058115
-0.0514196	0.741904	780.78	0.24	0.216641	902.264	32.3042	38.9306	0.000352482
-0.0514121	0.530957	780.78	0.24	0.216709	902.279	32.2208	39.0329	0.000180535
-0.0514073	0.3215	780.78	0.24	0.21689	902.291	32.1321	39.145	6.61916e-05
-0.0514052	0.112825	780.78	0.24	0.216902	902.297	32.0547	39.2465	8.15176e-06
-0.0514057	-0.0958683	780.78	0.24	0.216899	902.298	31.9968	39.3287	5.88561e-06
-0.051409	-0.306038	780.78	0.24	0.216618	902.295	31.9563	39.3953	5.99779e-05
-0.0514149	-0.519789	780.78	0.24	0.216112	902.286	31.9298	39.4487	0.000173019
-0.0514237	-0.738192	780.78	0.24	0.215615	902.273	31.9139	39.4942	0.000348964
-0.0514353	-0.963309	780.78	0.24	0.214966	902.255	31.9114	39.5271	0.000594254
-0.0514498	-1.19276	780.78	0.24	0.214399	902.231	31.9201	39.55	0.000911064
-0.0514673	-1.42813	780.78	0.24	0.213966	902.202	31.9269	39.5787	0.00130611
-0.0514879	-1.66583	780.78	0.24	0.213773	902.168	31.9312	39.6063	0.00177706
-0.0515115	-1.9048	780.78	0.24	0.213856	902.128	31.9373	39.6322	0.00232348
-0.0515382	-2.14325	780.78	0.24	0.213963	902.083	31.9419	39.6607	0.00294161
-0.0515679	-2.37948	780.78	0.24	0.214334	902.032	31.9433	39.6963	0.00362582
-0.0516006	-2.60962	780.78	0.24	0.215259	901.976	31.9396	39.7376	0.00436111
-0.0516362	-2.83067	780.78	0.24	0.216311	901.914	31.9396	39.7775	0.00513122
-0.0516745	-3.04343	780.78	0.24	0.217488	901.847	31.9505	39.8047	0.00593156
-0.0517154	-3.24381	780.78	0.24	0.219011	901.776	31.9726	39.8176	0.00673833
-0.0517587	-3.42889	780.78	0.24	0.2206	901.7	31.997	39.8339	0.0075292
-0.0518043	-3.6008	780.78	0.24	0.222071	901.62	32.0382	39.8301	0.0083031
-0.0518519	-3.75933	780.78	0.24	0.223558	901.536	32.0919	39.8188	0.00905026
-0.0519015	-3.90539	780.78	0.24	0.225244	901.448	32.1513	39.7957	0.00976718
-0.0519528	-4.03444	780.78	0.24	0.227049	901.357	32.2109	39.7809	0.0104234
-0.0520055	-4.14747	780.78	0.24	0.228702	901.263	32.2754	39.7609	0.0110156
-0.0520596	-4.24615	780.78	0.24	0.230497	901.167	32.3359	39.7471	0.011546
-0.0521148	-4.32807	780.78	0.24	0.232298	901.068	32.3937	39.7347	0.0119958
-0.0521709	-4.39291	780.78	0.24	0.234196	900.968	32.448	39.7237	0.0123579
-0.0522276	-4.44186	780.78	0.24	0.236029	900.866	32.4961	39.7185	0.0126349
-0.0522848	-4.47431	780.78	0.24	0.237809	900.764	32.5319	39.7268	0.0128202
-0.0523423	-4.4905	780.78	0.24	0.239544	900.66	32.5662	39.7403	0.0129131
-0.0523998	-4.49046	780.78	0.24	0.241401	900.557	32.5953	39.7584	0.0129129
-0.0524572	-4.47542	780.78	0.24	0.243035	900.453	32.6244	39.7773	0.0128265
-0.0525142	-4.44546	780.78	0.24	0.244458	900.35	32.6613	39.7866	0.0126554
-0.0525708	-4.40557	780.78	0.24	0.245472	900.248	32.7056	39.7893	0.0124293
-0.0526267	-4.35722	780.78	0.24	0.246748	900.147	32.7652	39.7769	0.012158
-0.052682	-4.294	780.78	0.24	0.248492	900.046	32.8034	39.7826	0.0118077
-0.0527362	-4.2149	780.78	0.24	0.250263	899.948	32.8292	39.8043	0.0113767
-0.0527893	-4.11837	780.78	0.24	0.25208	899.851	32.8668	39.8094	0.0108616
-0.0528409	-4.0054	780.78	0.24	0.254056	899.757	32.8995	39.8196	0.0102738
-0.052891	-3.87465	780.78	0.24	0.255879	899.665	32.8973	39.8692	0.00961405
-0.0529392	-3.72708	780.78	0.24	0.257627	899.577	32.8857	39.9207	0.00889567
-0.0529854	-3.56851	780.78	0.24	0.259517	899.492	32.8916	39.9591	0.00815483
-0.0530294	-3.38679	780.78	0.24	0.261628	899.411	32.9137	39.9767	0.00734544
-0.0530709	-3.18703	780.78	0.24	0.263678	899.334	32.939	39.9876	0.00650449
-0.0531096	-2.96949	780.78	0.24	0.265568	899.262	32.9649	39.9977	0.00564685
-0.0531454	-2.73616	780.78	0.24	0.267662	899.195	32.9932	40.0163	0.00479429
-0.053178	-2.48062	780.78	0.24	0.269669	899.133	33.0453	39.9964	0.00394059
-0.0532072	-2.20842	780.78	0.24	0.271285	899.077	33.0984	39.9758	0.00312325
-0.0532328	-1.92388	780.78	0.24	0.272501	899.028	33.1496	39.9559	0.00237027
-0.0532546	-1.62893	780.78	0.24	0.273431	898.986	33.1976	39.9357	0.00169922
-0.0532726	-1.3275	780.78	0.24	0.274194	898.95	33.2264	39.9279	0.00112853
-0.0532866	-1.0199	780.78	0.24	0.274943	898.921	33.2286	39.9423	0.000666132
-0.0532967	-0.705786	780.78	0.24	0.275694	898.899	33.2219	39.9757	0.000318998
-0.0533026	-0.381866	780.78	0.24	0.276484	898.885	33.2293	39.9884	9.33822e-05
-0.0533043	-0.0532289	780.78	0.24	0.277101	898.878	33.2364	40.0011	1.81441e-06
-0.0533018	0.281649	780.78	0.24	0.277413	898.879	33.2435	40.0082	5.07992e-05
-0.053295	0.617396	780.78	0.24	0.27719	898.887	33.2487	40.0155	0.0002441
-0.0532839	0.948583	780.78	0.24	0.276364	898.903	33.2535	40.0211	0.000576225
-0.0532686	1.26966	780.78	0.24	0.274977	898.927	33.2596	40.0235	0.00103232
-0.0532494	1.5775	780.78	0.24	0.273332	898.958	33.2774	40.0108	0.0015936
-0.0532264	1.86812	780.78	0.24	0.271225	898.996	33.3128	39.9793	0.00223485
-0.0531998	2.14008	780.78	0.24	0.269043	899.041	33.3475	39.9607	0.00293292
-0.0531699	2.39292	780.78	0.24	0.266797	899.091	33.3775	39.9307	0.00366689
-0.053137	2.62548	780.78	0.24	0.264556	899.148	33.423	39.8826	0.00441427
-0.0531013	2.8392	780.78	0.24	0.262627	899.21	33.4647	39.8431	0.00516218
-0.053063	3.03449	780.78	0.24	0.260562	899.276	33.5195	39.7842	0.00589673
-0.0530225	3.21125	780.78	0.24	0.258308	899.347	33.5753	39.7247	0.00660374
-0.0529798	3.36633	780.78	0.24	0.25605	899.422	33.622	39.6731	0.00725695
-0.0529354	3.50292	780.78	0.24	0.253814	899.501	33.6537	39.637	0.0078578
-0.0528894	3.61809	780.78	0.24	0.251492	899.582	33.6772	39.6072	0.00838303
-0.0528421	3.71495	780.78	0.24	0.249431	899.666	33.6978	39.5797	0.00883785
-0.0527937	3.79196	780.78	0.24	0.247446	899.752	33.7064	39.5638	0.0092081
-0.0527445	3.85402	780.78	0.24	0.245792	899.84	33.7183	39.5413	0.00951193
-0.0526947	3.90118	780.78	0.24	0.244215	899.929	33.7257	39.5243	0.00974616
-0.0526444	3.93568	780.78	0.24	0.243119	900.019	33.7172	39.5249	0.00991928
-0.0525937	3.95994	780.78	0.24	0.24201	900.11	33.6991	39.533	0.010042
-0.0525429	3.97568	780.78	0.24	0.240829	900.201	33.6691	39.554	0.010122
-0.0524919	3.97846	780.78	0.24	0.239389	900.293	33.6324	39.5814	0.0101361
-0.052441	3.96983	780.78	0.24	0.238111	900.385	33.5723	39.6333	0.0100922
-0.0523904	3.94927	780.78	0.24	0.23667	900.476	33.5141	39.6832	0.00998789
-0.0523401	3.91487	780.78	0.24	0.235104	900.567	33.4706	39.7174	0.00981465
-0.0522904	3.86612	780.78	0.24	0.233437	900.657	33.4397	39.7424	0.00957176
-0.0522415	3.80018	780.78	0.24	0.231695	900.746	33.4224	39.7468	0.00924806
-0.0521936	3.72022	780.78	0.24	0.230109	900.834	33.402	39.7584	0.00886297
-0.0521468	3.62822	780.78	0.24	0.228998	900.919	33.37	39.7831	0.00843001
-0.0521013	3.52751	780.78	0.24	0.228091	901.002	33.3413	39.8044	0.0079685
-0.0520572	3.41776	780.78	0.24	0.227141	901.083	33.323	39.8176	0.0074804
-0.0520145	3.2994	780.78	0.24	0.226065	901.161	33.3145	39.8198	0.00697127
-0.0519735	3.16928	780.78	0.24	0.224759	901.236	33.3134	39.8173	0.00643223
-0.0519343	3.02702	780.78	0.24	0.223237	901.309	33.3168	39.8093	0.00586776
-0.051897	2.87081	780.78	0.24	0.221757	901.378	33.3234	39.7998	0.00527776
-0.0518618	2.70101	780.78	0.24	0.22035	901.443	33.3296	39.7909	0.0046719
-0.051829	2.51887	780.78	0.24	0.219006	901.505	33.3333	39.7848	0.00406306
-0.0517986	2.3249	780.78	0.24	0.217605	901.562	33.3387	39.7775	0.00346138
-0.0517708	2.11695	780.78	0.24	0.216465	901.614	33.3555	39.755	0.00286987
-0.0517457	1.8999	780.78	0.24	0.215512	901.662	33.3762	39.731	0.00231155
-0.0517235	1.67509	780.78	0.24	0.214805	901.704	33.3963	39.7178	0.00179687
-0.0517043	1.44597	780.78	0.24	0.214584	901.742	33.4293	39.6931	0.00133893
-0.0516879	1.21735	780.78	0.24	0.214518	901.774	33.46	39.6657	0.000949014
-0.0516746	0.986193	780.78	0.24	0.214273	901.801	33.4935	39.6369	0.000622824
-0.0516642	0.752596	780.78	0.24	0.213911	901.822	33.5302	39.6052	0.000362714
-0.0516568	0.515379	780.78	0.24	0.213583	901.838	33.5765	39.5643	0.000170096
-0.0516525	0.274661	780.78	0.24	0.213324	901.849	33.6262	39.5186	4.83097e-05
-0.0516513	0.0322597	780.78	0.24	0.213124	901.854	33.6798	39.4747	6.6644e-07
-0.0516532	-0.212742	780.78	0.24	0.21269	901.853	33.7416	39.4226	2.89833e-05
-0.0516584	-0.462925	780.78	0.24	0.212115	901.847	33.8096	39.3686	0.000137234
-0.0516667	-0.718453	780.78	0.24	0.211356	901.834	33.8867	39.3034	0.000330551
-0.0516784	-0.981382	780.78	0.24	0.210587	901.816	33.9758	39.2256	0.000616761
-0.0516936	-1.25116	780.78	0.24	0.209953	901.792	34.0719	39.1421	0.00100245
-0.0517122	-1.52665	780.78	0.24	0.209452	901.762	34.1647	39.0614	0.00149251
-0.0517345	-1.80555	780.78	0.24	0.209295	901.725	34.2454	39.0035	0.00208767
-0.0517603	-2.08391	780.78	0.24	0.209321	901.682	34.324	38.9418	0.002781
-0.0517896	-2.36096	780.78	0.24	0.2096	901.632	34.3914	38.8967	0.00356959
-0.0518225	-2.63401	780.78	0.24	0.210327	901.576	34.4527	38.8544	0.00444301
-0.0518588	-2.89987	780.78	0.24	0.21137	901.513	34.4918	38.8406	0.00538514
-0.0518984	-3.15667	780.78	0.24	0.212466	901.445	34.5223	38.8365	0.00638118
-0.0519412	-3.40186	780.78	0.24	0.213659	901.371	34.5465	38.837	0.00741096
-0.051987	-3.63679	780.78	0.24	0.214877	901.291	34.5642	38.8477	0.00846991
-0.0520358	-3.86098	780.78	0.24	0.216419	901.205	34.5648	38.8702	0.00954634
-0.0520872	-4.06957	780.78	0.24	0.218432	901.115	34.556	38.9068	0.0106057
-0.0521412	-4.25757	780.78	0.24	0.220648	901.02	34.5481	38.9449	0.0116082
-0.0521973	-4.42467	780.78	0.24	0.222946	900.921	34.5361	38.9952	0.0125373
-0.0522554	-4.5716	780.78	0.24	0.225307	900.818	34.5079	39.0573	0.0133837
-0.0523152	-4.69696	780.78	0.24	0.227589	900.712	34.4746	39.1241	0.0141278
-0.0523764	-4.80345	780.78	0.24	0.229666	900.603	34.4334	39.1992	0.0147757
-0.0524388	-4.89083	780.78	0.24	0.231725	900.491	34.3901	39.2772	0.0153182
-0.0525021	-4.96069	780.78	0.24	0.233763	900.378	34.3418	39.3624	0.0157589
-0.0525661	-5.01105	780.78	0.24	0.235827	900.263	34.2844	39.4557	0.0160805
-0.0526307	-5.04372	780.78	0.24	0.237787	900.147	34.226	39.5496	0.0162908
-0.0526954	-5.06097	780.78	0.24	0.239741	900.031	34.168	39.6461	0.0164025
-0.0527602	-5.05846	780.78	0.24	0.24167	899.914	34.1108	39.7404	0.0163862
-0.0528249	-5.03916	780.78	0.24	0.243561	899.798	34.0546	39.8321	0.0162614
-0.0528891	-5.00304	780.78	0.24	0.245301	899.682	33.9955	39.9281	0.0160291
-0.0529527	-4.95194	780.78	0.24	0.246891	899.567	33.942	40.0162	0.0157033
-0.0530155	-4.88836	780.78	0.24	0.248492	899.453	33.8922	40.1022	0.0153027
-0.0530773	-4.80641	780.78	0.24	0.250641	899.341	33.823	40.2088	0.0147939
-0.0531379	-4.70503	780.78	0.24	0.252792	899.231	33.7515	40.3156	0.0141764
-0.053197	-4.58398	780.78	0.24	0.255012	899.123	33.6797	40.4221	0.0134563
-0.0532544	-4.44384	780.78	0.24	0.256995	899.018	33.6091	40.5257	0.0126462
-0.0533098	-4.2859	780.78	0.24	0.258861	898.917	33.5364	40.6329	0.0117632
-0.0533631	-4.11238	780.78	0.24	0.260423	898.819	33.4606	40.7401	0.01083
-0.053414	-3.92607	780.78	0.24	0.26167	898.726	33.389	40.842	0.00987092
-0.0534624	-3.72892	780.78	0.24	0.262838	898.636	33.3238	40.9386	0.00890448
-0.0535081	-3.52195	780.78	0.24	0.263859	898.552	33.2754	41.0133	0.00794344
-0.0535512	-3.30653	780.78	0.24	0.264572	898.472	33.2392	41.0772	0.00700144
-0.0535914	-3.08666	780.78	0.24	0.264961	898.397	33.2135	41.1252	0.00610127
-0.0536288	-2.86197	780.78	0.24	0.265743	898.327	33.195	41.1645	0.00524531
-0.0536632	-2.62901	780.78	0.24	0.266591	898.263	33.188	41.1928	0.00442614
-0.0536946	-2.38959	780.78	0.24	0.267183	898.204	33.1882	41.2125	0.00365668
-0.0537228	-2.14491	780.78	0.24	0.267622	898.15	33.1926	41.2244	0.00294618
-0.0537479	-1.89717	780.78	0.24	0.267861	898.102	33.1913	41.2398	0.00230491
-0.0537698	-1.64805	780.78	0.24	0.267967	898.06	33.187	41.2577	0.00173934
-0.0537885	-1.3984	780.78	0.24	0.268107	898.023	33.1774	41.2769	0.00125228
-0.053804	-1.14714	780.78	0.24	0.268032	897.993	33.1682	41.2957	0.000842697
-0.0538163	-0.896824	780.78	0.24	0.267916	897.968	33.1596	41.3112	0.000515058
-0.0538254	-0.649209	780.78	0.24	0.267605	897.949	33.1541	41.3212	0.000269905
-0.0538314	-0.403232	780.78	0.24	0.26731	897.935	33.15	41.3312	0.000104124
-0.0538342	-0.160855	780.78	0.24	0.266874	897.927	33.1467	41.335	1.65695e-05
-0.0538339	0.076369	780.78	0.24	0.266331	897.925	33.147	41.3317	3.73487e-06
-0.0538307	0.309429	780.78	0.24	0.265637	897.928	33.1483	41.3283	6.13143e-05
-0.0538246	0.535003	780.78	0.24	0.264691	897.936	33.1525	41.3184	0.000183296
-0.0538156	0.750692	780.78	0.24	0.263683	897.95	33.1594	41.3059	0.000360882
-0.053804	0.958394	780.78	0.24	0.26289	897.969	33.1702	41.2875	0.000588206
-0.0537898	1.16147	780.78	0.24	0.262199	897.992	33.1835	41.2621	0.00086389
-0.053773	1.35687	780.78	0.24	0.261266	898.02	33.2019	41.2319	0.00117901
-0.0537538	1.54184	780.78	0.24	0.260338	898.052	33.2221	41.194	0.00152237
-0.0537324	1.72082	780.78	0.24	0.259395	898.088	33.2481	41.1518	0.00189633
-0.0537087	1.88834	780.78	0.24	0.258103	898.129	33.2814	41.1036	0.0022835
-0.053683	2.04512	780.78	0.24	0.25685	898.173	33.3193	41.0491	0.00267843
-0.0536554	2.19043	780.78	0.24	0.2554	898.221	33.3847	40.9641	0.00307257
-0.0536261	2.31832	780.78	0.24	0.253932	898.273	33.4698	40.8343	0.00344182
-0.0535952	2.43774	780.78	0.24	0.252597	898.327	33.5506	40.7317	0.00380554
-0.0535629	2.54485	780.78	0.24	0.251229	898.383	33.6388	40.6166	0.00414729
-0.0535294	2.64127	780.78	0.24	0.25014	898.442	33.695	40.5369	0.00446754
-0.0534947	2.72749	780.78	0.24	0.249051	898.504	33.7494	40.4608	0.00476397
-0.053459	2.80637	780.78	0.24	0.248306	898.567	33.7734	40.4179	0.00504348
-0.0534224	2.87849	780.78	0.24	0.247568	898.632	33.7872	40.3777	0.00530606
-0.0533849	2.9455	780.78	0.24	0.247112	898.699	33.8008	40.3483	0.00555598
-0.0533465	3.00829	780.78	0.24	0.246739	898.767	33.8208	40.2993	0.00579536
-0.0533074	3.06762	780.78	0.24	0.246173	898.836	33.8539	40.2381	0.00602619
-0.0532676	3.12008	780.78	0.24	0.245324	898.907	33.8928	40.1734	0.00623408
-0.0532272	3.16387	780.78	0.24	0.244144	898.98	33.9349	40.1006	0.0064103
-0.0531864	3.19629	780.78	0.24	0.242816	899.053	33.9811	40.024	0.00654236
-0.0531452	3.21486	780.78	0.24	0.241508	899.126	34.0318	39.9485	0.00661861
-0.053104	3.22114	780.78	0.24	0.240306	899.201	34.1116	39.8579	0.00664449
-0.0530627	3.21668	780.78	0.24	0.238939	899.275	34.2309	39.7058	0.00662607
-0.0530217	3.2011	780.78	0.24	0.237321	899.349	34.3381	39.5713	0.00656205
-0.052981	3.16709	780.78	0.24	0.235662	899.422	34.4256	39.4425	0.00642336
-0.0529408	3.12215	780.78	0.24	0.234323	899.495	34.4958	39.3429	0.00624238
-0.0529014	3.06489	780.78	0.24	0.23308	899.567	34.5598	39.2474	0.00601551
-0.0528627	2.99941	780.78	0.24	0.232087	899.637	34.5942	39.1869	0.00576122
-0.052825	2.92414	780.78	0.24	0.231075	899.706	34.5902	39.1659	0.00547568
-0.0527884	2.84011	780.78	0.24	0.229989	899.773	34.5609	39.1684	0.0051655
-0.0527529	2.75096	780.78	0.24	0.229981	899.838	34.4918	39.2293	0.00484629
-0.0527185	2.66334	780.78	0.24	0.230308	899.901	34.4455	39.2464	0.00454251
-0.0526852	2.57408	780.78	0.24	0.229749	899.961	34.4236	39.2403	0.00424312
-0.0526532	2.47571	780.78	0.24	0.228787	900.02	34.3962	39.2483	0.00392501
-0.0526225	2.37198	780.78	0.24	0.22803	900.077	34.3799	39.2383	0.003603
-0.0525931	2.2589	780.78	0.24	0.226724	900.131	34.4035	39.188	0.00326764
-0.0525654	2.13429	780.78	0.24	0.225434	900.182	34.4609	39.101	0.00291707
-0.0525393	1.99832	780.78	0.24	0.224804	900.231	34.4936	39.0503	0.00255724
-0.052515	1.86456	780.78	0.24	0.2254	900.276	34.4906	39.031	0.00222634
-0.0524924	1.73669	780.78	0.24	0.226079	900.318	34.4803	39.0175	0.00193146
-0.0524714	1.61243	780.78	0.24	0.226477	900.357	34.4853	38.9925	0.00166497
-0.0524519	1.49096	780.78	0.24	0.226613	900.394	34.4989	38.9543	0.00142355
-0.0524339	1.37004	780.78	0.24	0.22649	900.428	34.5052	38.9254	0.00120201
-0.0524176	1.24699	780.78	0.24	0.226129	900.459	34.5051	38.9006	0.000995783
-0.0524028	1.11985	780.78	0.24	0.225693	900.487	34.4921	38.8912	0.000803077
-0.0523897	0.989072	780.78	0.24	0.22531	900.512	34.4606	38.9018	0.000626466
-0.0523783	0.854391	780.78	0.24	0.22496	900.534	34.4167	38.9224	0.000467471
-0.0523687	0.718171	780.78	0.24	0.22489	900.553	34.3507	38.9682	0.000330291
-0.0523608	0.58286	780.78	0.24	0.225049	900.568	34.257	39.0435	0.000217555
-0.0523546	0.448225	780.78	0.24	0.225174	900.581	34.1533	39.1285	0.000128657
-0.0523502	0.312151	780.78	0.24	0.225326	900.591	34.0464	39.2153	6.23978e-05
-0.0523475	0.180732	780.78	0.24	0.225641	900.597	33.9301	39.313	2.09176e-05
-0.0523464	0.0515427	780.78	0.24	0.225935	900.601	33.8144	39.4134	1.70128e-06
-0.052347	-0.0754327	780.78	0.24	0.226291	900.601	33.7141	39.4961	3.64385e-06
-0.0523491	-0.198744	780.78	0.24	0.226689	900.599	33.6217	39.5676	2.52948e-05
-0.0523528	-0.316526	780.78	0.24	0.227516	900.593	33.5134	39.6695	6.41592e-05
-0.0523579	-0.424985	780.78	0.24	0.228605	900.585	33.4002	39.7668	0.000115661
-0.0523643	-0.524869	780.78	0.24	0.229583	900.575	33.2968	39.8533	0.000176418
-0.0523719	-0.617274	780.78	0.24	0.230597	900.562	33.2047	39.9285	0.000244004
-0.0523806	-0.696998	780.78	0.24	0.231832	900.548	33.1225	39.9949	0.000311103
-0.0523902	-0.766088	780.78	0.24	0.232952	900.531	33.0598	40.0397	0.000375836
-0.0524006	-0.825823	780.78	0.24	0.233931	900.513	33.0141	40.066	0.000436733
-0.0524118	-0.894367	780.78	0.24	0.232603	900.494	32.9742	40.1871	0.00051224
-0.0524239	-0.959721	780.78	0.24	0.233227	900.473	33.0054	40.1281	0.000589836
-0.0524367	-1.01404	780.78	0.24	0.234943	900.45	32.9846	40.1493	0.000658495
-0.0524501	-1.05493	780.78	0.24	0.236178	900.427	32.9852	40.1292	0.00071267
-0.0524639	-1.0853	780.78	0.24	0.237458	900.402	32.973	40.128	0.000754289
-0.052478	-1.10199	780.78	0.24	0.239888	900.377	32.8876	40.2178	0.000777679
-0.0524921	-1.09453	780.78	0.24	0.24247	900.351	32.8445	40.2356	0.000767174
-0.0525058	-1.06216	780.78	0.24	0.244783	900.326	32.8133	40.2475	0.000722478
-0.052519	-1.01169	780.78	0.24	0.24654	900.302	32.7837	40.2582	0.00065544
-0.0525313	-0.946709	780.78	0.24	0.248074	900.279	32.7515	40.27	0.000573951
-0.0525427	-0.869268	780.78	0.24	0.249177	900.258	32.7227	40.2779	0.000483892
-0.052553	-0.784175	780.78	0.24	0.249916	900.238	32.7006	40.2797	0.000393792
-0.0525622	-0.693843	780.78	0.24	0.250507	900.22	32.6952	40.2658	0.000308293
-0.0525702	-0.597896	780.78	0.24	0.251156	900.205	32.7165	40.2198	0.000228925
-0.0525769	-0.496436	780.78	0.24	0.25167	900.192	32.7524	40.1575	0.000157822
-0.0525822	-0.389422	780.78	0.24	0.252374	900.181	32.7993	40.0868	9.71142e-05
-0.0525861	-0.275842	780.78	0.24	0.252904	900.173	32.8546	40.0044	4.87261e-05
-0.0525886	-0.162828	780.78	0.24	0.253214	900.167	32.915	39.9143	1.69785e-05
-0.0525895	-0.0444455	780.78	0.24	0.253532	900.164	32.9673	39.8294	1.26502e-06
-0.0525889	0.077847	780.78	0.24	0.253664	900.164	33.0137	39.7529	3.88083e-06
-0.0525867	0.199489	780.78	0.24	0.253416	900.166	33.0536	39.6818	2.54846e-05
-0.052583	0.317472	780.78	0.24	0.252897	900.171	33.0863	39.6147	6.45436e-05
-0.0525779	0.429514	780.78	0.24	0.251973	900.179	33.1138	39.5534	0.00011814
-0.0525714	0.531011	780.78	0.24	0.250824	900.19	33.1306	39.5042	0.000180571
-0.0525637	0.623482	780.78	0.24	0.249839	900.203	33.1345	39.4643	0.000248937
-0.0525549	0.702995	780.78	0.24	0.248638	900.218	33.1365	39.4348	0.00031648
-0.0525452	0.776146	780.78	0.24	0.247628	900.234	33.157	39.3705	0.00038577
-0.0525346	0.839768	780.78	0.24	0.246714	900.253	33.1898	39.299	0.000451606
-0.0525233	0.895004	780.78	0.24	0.245643	900.272	33.2209	39.2295	0.00051297
-0.0525114	0.938785	780.78	0.24	0.244383	900.293	33.2588	39.1526	0.000564382
-0.0524991	0.970937	780.78	0.24	0.242819	900.315	33.3013	39.0718	0.000603703
-0.0524864	0.98924	780.78	0.24	0.241273	900.338	33.3394	39.0115	0.000626678
-0.0524737	0.993128	780.78	0.24	0.239964	900.36	33.3813	38.9364	0.000631614
-0.052461	0.985889	780.78	0.24	0.238394	900.383	33.4468	38.8324	0.00062244
-0.0524486	0.961287	780.78	0.24	0.237107	900.406	33.5088	38.7282	0.000591763
-0.0524366	0.930036	780.78	0.24	0.236039	900.428	33.5616	38.6377	0.000553912
-0.052425	0.88799	780.78	0.24	0.234593	900.449	33.6128	38.5487	0.000504961
-0.0524142	0.832167	780.78	0.24	0.23311	900.469	33.6571	38.4702	0.000443468
-0.0524042	0.762753	780.78	0.24	0.231653	900.488	33.6919	38.3975	0.000372571
-0.0523952	0.682424	780.78	0.24	0.230532	900.505	33.7302	38.3183	0.000298229
-0.0523873	0.590523	780.78	0.24	0.229268	900.521	33.771	38.2377	0.000223314
-0.0523807	0.488476	780.78	0.24	0.228144	900.534	33.7933	38.1823	0.000152802
-0.0523755	0.376036	780.78	0.24	0.227149	900.544	33.8007	38.1327	9.05526e-05
-0.0523718	0.257754	780.78	0.24	0.226663	900.552	33.7835	38.1204	4.25453e-05
-0.0523697	0.136036	780.78	0.24	0.22633	900.558	33.761	38.1123	1.18508e-05
-0.0523691	0.0100284	780.78	0.24	0.225974	900.56	33.7379	38.106	6.44032e-08
-0.0523702	-0.119467	780.78	0.24	0.225507	900.56	33.7182	38.094	9.13987e-06
-0.052373	-0.254273	780.78	0.24	0.224996	900.556	33.6961	38.0853	4.1404e-05
-0.0523776	-0.390582	780.78	0.24	0.224891	900.549	33.6653	38.0872	9.76935e-05
-0.0523839	-0.528053	780.78	0.24	0.224806	900.54	33.6309	38.0897	0.000178565
-0.052392	-0.667532	780.78	0.24	0.224898	900.527	33.5711	38.1161	0.000285355
-0.0524019	-0.801572	780.78	0.24	0.225496	900.511	33.4972	38.1626	0.000411459
-0.0524134	-0.92966	780.78	0.24	0.226201	900.491	33.4349	38.1917	0.000553465
-0.0524265	-1.05229	780.78	0.24	0.226926	900.469	33.376	38.22	0.000709101
-0.052441	-1.16754	780.78	0.24	0.227732	900.444	33.3017	38.2675	0.000872943
-0.052457	-1.27448	780.78	0.24	0.228627	900.417	33.22	38.3249	0.00104017
-0.0524743	-1.374	780.78	0.24	0.229329	900.387	33.1434	38.3784	0.00120896
-0.0524928	-1.46999	780.78	0.24	0.229845	900.354	33.0668	38.431	0.00138379
-0.0525125	-1.56016	780.78	0.24	0.23059	900.32	32.9849	38.4865	0.00155876
-0.0525333	-1.64217	780.78	0.24	0.23149	900.283	32.9028	38.5492	0.00172695
-0.0525551	-1.71696	780.78	0.24	0.232514	900.245	32.8284	38.6006	0.00188782
-0.0525777	-1.77998	780.78	0.24	0.233598	900.205	32.7488	38.6594	0.00202895
-0.052601	-1.83412	780.78	0.24	0.234611	900.164	32.6687	38.7215	0.00215426
-0.0526249	-1.87749	780.78	0.24	0.235969	900.121	32.5618	38.8099	0.00225734
-0.0526493	-1.90936	780.78	0.24	0.237236	900.078	32.4524	38.903	0.00233462
-0.052674	-1.93182	780.78	0.24	0.238475	900.034	32.3477	38.9907	0.00238988
-0.0526988	-1.94101	780.78	0.24	0.239708	899.989	32.2476	39.0729	0.00241268
-0.0527237	-1.93855	780.78	0.24	0.241016	899.944	32.1552	39.1473	0.00240656
-0.0527484	-1.92591	780.78	0.24	0.242134	899.9	32.0577	39.2263	0.00237528
-0.0527729	-1.90425	780.78	0.24	0.242891	899.855	31.9574	39.3086	0.00232215
-0.052797	-1.87695	780.78	0.24	0.243396	899.812	31.8636	39.3823	0.00225604
-0.0528208	-1.84779	780.78	0.24	0.24358	899.768	31.7946	39.4305	0.00218649
-0.0528441	-1.81548	780.78	0.24	0.24372	899.726	31.7447	39.4616	0.00211069
-0.0528671	-1.78349	780.78	0.24	0.243472	899.684	31.708	39.4823	0.00203697
-0.0528896	-1.7565	780.78	0.24	0.243087	899.643	31.6853	39.4825	0.00197577
-0.0529119	-1.73109	780.78	0.24	0.243082	899.603	31.6742	39.4704	0.00191903
-0.0529338	-1.70231	780.78	0.24	0.243586	899.563	31.6701	39.4541	0.00185574
-0.0529552	-1.66709	780.78	0.24	0.244391	899.524	31.6682	39.4339	0.00177975
-0.0529762	-1.62658	780.78	0.24	0.245347	899.486	31.6535	39.4251	0.0016943
-0.0529966	-1.57369	780.78	0.24	0.246563	899.449	31.6272	39.4326	0.00158592
-0.0530161	-1.51089	780.78	0.24	0.247602	899.413	31.6023	39.4379	0.00146186
-0.0530348	-1.43945	780.78	0.24	0.248461	899.379	31.5933	39.4263	0.00132689
-0.0530525	-1.36093	780.78	0.24	0.249108	899.346	31.6072	39.3914	0.00118607
-0.0530691	-1.27929	780.78	0.24	0.249381	899.315	31.6473	39.3303	0.00104804
-0.0530847	-1.19394	780.78	0.24	0.249772	899.286	31.7318	39.2228	0.000912863
-0.0530991	-1.10693	780.78	0.24	0.249884	899.259	31.8357	39.0967	0.000784666
-0.0531125	-1.01908	780.78	0.24	0.249981	899.234	31.9307	38.9777	0.000665051
-0.0531247	-0.929034	780.78	0.24	0.250314	899.211	31.9908	38.8927	0.000552719
-0.0531357	-0.834892	780.78	0.24	0.250724	899.19	32.0309	38.8319	0.000446377
-0.0531454	-0.73897	780.78	0.24	0.250844	899.172	32.057	38.783	0.000349699
-0.053154	-0.64304	780.78	0.24	0.250876	899.155	32.0796	38.7428	0.0002648
-0.0531613	-0.545171	780.78	0.24	0.250954	899.141	32.1188	38.6792	0.00019033
-0.0531673	-0.448107	780.78	0.24	0.250856	899.129	32.1593	38.6174	0.000128589
-0.0531721	-0.351891	780.78	0.24	0.250665	899.119	32.1954	38.5556	7.9297e-05
-0.0531757	-0.256795	780.78	0.24	0.25055	899.112	32.203	38.5268	4.22293e-05
-0.0531781	-0.163828	780.78	0.24	0.250282	899.106	32.1998	38.5044	1.71877e-05
-0.0531793	-0.0723283	780.78	0.24	0.250213	899.103	32.1779	38.5054	3.3501e-06
-0.0531794	0.0182387	780.78	0.24	0.250387	899.102	32.1554	38.5035	2.13024e-07
-0.0531782	0.112416	780.78	0.24	0.250553	899.103	32.1348	38.5001	8.09274e-06
-0.0531759	0.208421	780.78	0.24	0.250901	899.106	32.0962	38.5185	2.78178e-05
-0.0531723	0.30791	780.78	0.24	0.251357	899.111	32.0535	38.5385	6.07141e-05
-0.0531673	0.41141	780.78	0.24	0.251643	899.119	32.022	38.5441	0.00010839
-0.0531611	0.516004	780.78	0.24	0.251589	899.129	32.0067	38.5328	0.000170509
-0.0531535	0.617497	780.78	0.24	0.251271	899.142	31.9974	38.5136	0.000244181
-0.0531446	0.716999	780.78	0.24	0.250871	899.156	31.9816	38.5041	0.000329215
-0.0531345	0.81267	780.78	0.24	0.250366	899.173	31.9585	38.5009	0.000422932
-0.0531232	0.901997	780.78	0.24	0.249588	899.193	31.9394	38.4945	0.000521016
-0.0531109	0.982977	780.78	0.24	0.249089	899.214	31.9328	38.4627	0.000618769
-0.0530975	1.06463	780.78	0.24	0.24905	899.237	31.9192	38.4495	0.000725839
-0.0530831	1.14632	780.78	0.24	0.249098	899.262	31.8981	38.4426	0.000841502
-0.0530676	1.22348	780.78	0.24	0.249584	899.289	31.8657	38.4398	0.0009586
-0.0530511	1.31356	780.78	0.24	0.25041	899.318	31.8442	38.4322	0.00110494
-0.0530334	1.40457	780.78	0.24	0.250526	899.348	31.8461	38.4028	0.00126336
-0.0530146	1.48634	780.78	0.24	0.25141	899.381	31.8151	38.3817	0.00141474
-0.0529946	1.59101	780.78	0.24	0.251945	899.416	31.84	38.3164	0.00162102
-0.0529732	1.68254	780.78	0.24	0.250388	899.453	31.8997	38.2597	0.0018129
-0.0529509	1.75496	780.78	0.24	0.250466	899.493	31.9411	38.1849	0.00197232
-0.0529276	1.84908	780.78	0.24	0.25075	899.534	31.9678	38.1164	0.00218954
-0.0529029	1.95334	780.78	0.24	0.252711	899.577	31.9556	38.1178	0.0024434
-0.0528767	2.07519	780.78	0.24	0.254491	899.623	31.9596	38.0824	0.00275776
-0.0528489	2.21072	780.78	0.24	0.255959	899.671	31.9766	38.0428	0.00312974
-0.0528191	2.36156	780.78	0.24	0.257483	899.723	32.0072	37.984	0.0035714
-0.0527873	2.52508	780.78	0.24	0.258699	899.778	32.043	37.9161	0.00408312
-0.0527533	2.69836	780.78	0.24	0.259609	899.837	32.0756	37.8516	0.00466276
-0.0527171	2.87768	780.78	0.24	0.260049	899.901	32.1119	37.7821	0.00530306
-0.0526784	3.06293	780.78	0.24	0.260908	899.968	32.1173	37.7574	0.00600779
-0.0526374	3.25472	780.78	0.24	0.261432	900.04	32.1457	37.6933	0.00678373
-0.0525938	3.44814	780.78	0.24	0.261261	900.116	32.1814	37.6219	0.00761398
-0.0525479	3.63598	780.78	0.24	0.260775	900.196	32.2165	37.5613	0.00846611
-0.0524995	3.82106	780.78	0.24	0.260198	900.281	32.2627	37.4801	0.00934995
-0.0524489	3.9989	780.78	0.24	0.259296	900.371	32.3129	37.3926	0.0102405
-0.052396	4.16712	780.78	0.24	0.258223	900.464	32.3669	37.3009	0.0111202
-0.0523411	4.32691	780.78	0.24	0.257088	900.561	32.4197	37.2075	0.0119894
-0.0522842	4.47642	780.78	0.24	0.255786	900.662	32.4733	37.1135	0.0128322
-0.0522256	4.61268	780.78	0.24	0.254213	900.766	32.5218	37.024	0.0136254
-0.0521653	4.73436	780.78	0.24	0.252396	900.873	32.5634	36.9449	0.0143537
-0.0521036	4.83869	780.78	0.24	0.250382	900.983	32.5976	36.8712	0.0149933
-0.0520408	4.92373	780.78	0.24	0.2481	901.095	32.625	36.8064	0.0155249
-0.0519771	4.98549	780.78	0.24	0.245764	901.209	32.6585	36.7448	0.0159168
-0.0519128	5.02887	780.78	0.24	0.243349	901.324	32.6991	36.6672	0.0161951
-0.0518482	5.04976	780.78	0.24	0.240765	901.441	32.7324	36.5985	0.0163299
-0.0517835	5.0462	780.78	0.24	0.238037	901.557	32.7623	36.5322	0.0163069
-0.0517191	5.01744	780.78	0.24	0.235281	901.674	32.7956	36.4639	0.0161215
-0.0516553	4.96545	780.78	0.24	0.232665	901.789	32.826	36.3999	0.0157892
-0.0515924	4.89065	780.78	0.24	0.230211	901.904	32.8443	36.35	0.015317
-0.0515307	4.79271	780.78	0.24	0.227884	902.016	32.8423	36.3206	0.0147097
-0.0514704	4.67491	780.78	0.24	0.225669	902.126	32.8226	36.3081	0.0139955
-0.0514118	4.53937	780.78	0.24	0.22379	902.234	32.8193	36.2783	0.0131957
-0.0513551	4.38479	780.78	0.24	0.221985	902.338	32.8198	36.25	0.0123123
-0.0513006	4.21569	780.78	0.24	0.220949	902.438	32.8211	36.2227	0.011381
-0.0512483	4.04273	780.78	0.24	0.220315	902.535	32.8085	36.2107	0.0104662
-0.0511982	3.86379	780.78	0.24	0.219618	902.627	32.7898	36.205	0.00956024
-0.0511505	3.67729	780.78	0.24	0.218895	902.715	32.7575	36.2172	0.00865957
-0.0511052	3.48659	780.78	0.24	0.218435	902.799	32.6984	36.2555	0.00778473
-0.0510624	3.29292	780.78	0.24	0.218275	902.879	32.5958	36.3447	0.00694391
-0.0510221	3.09625	780.78	0.24	0.217877	902.954	32.4944	36.429	0.00613923
-0.0509844	2.89413	780.78	0.24	0.217058	903.024	32.363	36.5392	0.00536384
-0.0509494	2.68583	780.78	0.24	0.21646	903.09	32.3123	36.52	0.00461954
-0.0509173	2.42569	780.78	0.24	0.218333	903.151	32.5322	36.8241	0.00376801
-0.0508881	2.22723	780.78	0.24	0.218053	903.206	32.6525	36.8019	0.00317666
-0.0508615	2.03079	780.78	0.24	0.218412	903.256	32.5906	36.85	0.00264103
-0.0508374	1.83604	780.78	0.24	0.218601	903.302	32.4883	36.9469	0.00215878
-0.0508157	1.64394	780.78	0.24	0.218679	903.343	32.3739	37.0585	0.00173066
-0.0507965	1.44564	780.78	0.24	0.218763	903.38	32.2965	37.1373	0.00133833
-0.0507799	1.25339	780.78	0.24	0.218996	903.413	32.2814	37.1361	0.00100604
-0.0507656	1.06279	780.78	0.24	0.218911	903.441	32.2328	37.18	0.000723328
-0.0507538	0.871907	780.78	0.24	0.218931	903.464	32.1257	37.2914	0.000486834
-0.0507445	0.680706	780.78	0.24	0.218732	903.483	31.9814	37.442	0.000296729
-0.0507377	0.478429	780.78	0.24	0.218102	903.498	31.8855	37.5379	0.000146581
-0.0507335	0.276866	780.78	0.24	0.217671	903.508	31.8367	37.5842	4.90887e-05
-0.0507319	0.0750962	780.78	0.24	0.217742	903.513	31.7728	37.6666	3.61142e-06
-0.0507329	-0.126629	780.78	0.24	0.218025	903.514	31.7057	37.7361	1.02685e-05
-0.0507364	-0.3262	780.78	0.24	0.218241	903.51	31.6339	37.8154	6.81411e-05
-0.0507425	-0.522658	780.78	0.24	0.218364	903.501	31.5604	37.8973	0.000174935
-0.050751	-0.716748	780.78	0.24	0.218976	903.488	31.4767	37.9909	0.000328983
-0.050762	-0.904306	780.78	0.24	0.21979	903.47	31.3985	38.0803	0.000523687
-0.0507754	-1.08735	780.78	0.24	0.220392	903.448	31.3385	38.1484	0.00075715
-0.050791	-1.26311	780.78	0.24	0.22112	903.422	31.2832	38.2171	0.00102171
-0.0508088	-1.43452	780.78	0.24	0.221868	903.392	31.2401	38.2695	0.00131781
-0.0508287	-1.59351	780.78	0.24	0.223239	903.357	31.2041	38.3197	0.00162611
-0.0508506	-1.74139	780.78	0.24	0.224421	903.32	31.1723	38.3661	0.00194193
-0.0508742	-1.87843	780.78	0.24	0.225589	903.279	31.1392	38.4155	0.0022596
-0.0508995	-2.00528	780.78	0.24	0.226622	903.234	31.1105	38.462	0.00257508
-0.0509263	-2.12414	780.78	0.24	0.227372	903.187	31.0889	38.5031	0.0028894
-0.0509546	-2.23678	780.78	0.24	0.228258	903.137	31.0723	38.5384	0.00320396
-0.0509843	-2.34133	780.78	0.24	0.229148	903.085	31.068	38.5625	0.00351047
-0.0510152	-2.43838	780.78	0.24	0.230035	903.03	31.0693	38.5791	0.00380753
-0.0510473	-2.52635	780.78	0.24	0.230921	902.973	31.0703	38.5998	0.00408723
-0.0510804	-2.6057	780.78	0.24	0.231892	902.915	31.0714	38.6204	0.00434801
-0.0511145	-2.67728	780.78	0.24	0.232714	902.854	31.0815	38.6344	0.00459016
-0.0511494	-2.74227	780.78	0.24	0.233297	902.792	31.1098	38.6276	0.00481574
-0.0511851	-2.8036	780.78	0.24	0.233757	902.728	31.1426	38.6184	0.00503355
-0.0512215	-2.86153	780.78	0.24	0.234056	902.663	31.1914	38.5944	0.00524372
-0.0512587	-2.9154	780.78	0.24	0.234566	902.596	31.2563	38.5476	0.00544301
-0.0512965	-2.96605	780.78	0.24	0.235263	902.528	31.3132	38.5108	0.00563377
-0.0513349	-3.00704	780.78	0.24	0.236179	902.46	31.3536	38.4932	0.00579057
-0.0513737	-3.04024	780.78	0.24	0.237127	902.39	31.3826	38.4861	0.00591912
-0.0514129	-3.06438	780.78	0.24	0.238295	902.32	31.3958	38.4946	0.00601349
-0.0514523	-3.07691	780.78	0.24	0.23945	902.249	31.4062	38.508	0.00606276
-0.0514918	-3.08125	780.78	0.24	0.240613	902.177	31.4219	38.5209	0.00607988
-0.0515311	-3.07216	780.78	0.24	0.24208	902.106	31.4491	38.5181	0.00604408
-0.0515703	-3.05037	780.78	0.24	0.243245	902.035	31.4835	38.5089	0.00595862
-0.0516091	-3.0199	780.78	0.24	0.243968	901.965	31.5245	38.4923	0.00584019
-0.0516474	-2.98502	780.78	0.24	0.244239	901.896	31.5669	38.4745	0.00570604
-0.0516853	-2.94954	780.78	0.24	0.244097	901.827	31.6145	38.4493	0.00557122
-0.0517227	-2.91673	780.78	0.24	0.243649	901.759	31.6673	38.4205	0.00544794
-0.0517598	-2.88982	780.78	0.24	0.243078	901.692	31.7201	38.3899	0.00534789
-0.0517966	-2.86653	780.78	0.24	0.242525	901.625	31.7775	38.3566	0.00526205
-0.0518331	-2.85035	780.78	0.24	0.241638	901.559	31.8371	38.3202	0.00520282
-0.0518695	-2.84258	780.78	0.24	0.240739	901.493	31.895	38.2898	0.00517448
-0.0519059	-2.84413	780.78	0.24	0.239923	901.428	31.9538	38.2542	0.00518013
-0.0519424	-2.84812	780.78	0.24	0.239718	901.362	32.0065	38.2295	0.00519466
-0.0519789	-2.85464	780.78	0.24	0.239439	901.296	32.0682	38.19	0.00521849
-0.0520155	-2.86351	780.78	0.24	0.239076	901.23	32.1342	38.1481	0.00525095
-0.0520523	-2.87584	780.78	0.24	0.238722	901.164	32.1963	38.1107	0.00529628
-0.0520893	-2.89286	780.78	0.24	0.23837	901.098	32.2495	38.081	0.00535917
-0.0521265	-2.91154	780.78	0.24	0.238341	901.031	32.2759	38.0804	0.0054286
-0.052164	-2.92795	780.78	0.24	0.238518	900.964	32.292	38.0909	0.00548995
-0.0522016	-2.94069	780.78	0.24	0.23928	900.896	32.3107	38.0966	0.00553785
-0.0522393	-2.94772	780.78	0.24	0.239806	900.828	32.332	38.1007	0.00556434
-0.0522771	-2.95098	780.78	0.24	0.240405	900.76	32.346	38.1119	0.00557666
-0.0523148	-2.94519	780.78	0.24	0.241411	900.692	32.3458	38.1379	0.00555481
-0.0523524	-2.93098	780.78	0.24	0.242468	900.624	32.3394	38.1717	0.00550133
-0.0523898	-2.90859	780.78	0.24	0.243664	900.557	32.3428	38.1913	0.00541759
-0.0524267	-2.87388	780.78	0.24	0.24487	900.49	32.3561	38.2026	0.00528907
-0.0524631	-2.82789	780.78	0.24	0.245802	900.424	32.3552	38.2305	0.00512113
-0.0524988	-2.77483	780.78	0.24	0.246532	900.359	32.3505	38.2617	0.00493075
-0.0525337	-2.71731	780.78	0.24	0.246798	900.295	32.3468	38.2924	0.00472846
-0.052568	-2.66165	780.78	0.24	0.247065	900.233	32.3458	38.3163	0.00453673
-0.0526015	-2.59785	780.78	0.24	0.24783	900.172	32.3429	38.3448	0.00432184
-0.0526341	-2.52595	780.78	0.24	0.248721	900.112	32.3444	38.3671	0.00408594
-0.0526657	-2.44619	780.78	0.24	0.249635	900.054	32.3378	38.3991	0.00383196
-0.0526961	-2.35779	780.78	0.24	0.250596	899.999	32.3306	38.4305	0.00356001
-0.0527254	-2.26098	780.78	0.24	0.251427	899.945	32.3224	38.4615	0.00327368
-0.0527534	-2.15654	780.78	0.24	0.252135	899.893	32.3114	38.4967	0.00297823
-0.0527799	-2.04757	780.78	0.24	0.252543	899.844	32.3022	38.5293	0.00268484
-0.0528051	-1.9354	780.78	0.24	0.252887	899.798	32.298	38.5576	0.00239875
-0.0528288	-1.82066	780.78	0.24	0.25304	899.754	32.298	38.5768	0.00212275
-0.052851	-1.70423	780.78	0.24	0.253164	899.712	32.2918	38.6059	0.00185993
-0.0528717	-1.58716	780.78	0.24	0.25328	899.674	32.2732	38.6549	0.00161317
-0.0528909	-1.46859	780.78	0.24	0.253413	899.638	32.2431	38.7044	0.00138115
-0.0529085	-1.34963	780.78	0.24	0.253365	899.605	32.2113	38.7556	0.00116647
-0.0529247	-1.23271	780.78	0.24	0.253266	899.574	32.1799	38.7994	0.000973115
-0.0529393	-1.1132	780.78	0.24	0.253575	899.547	32.1205	38.8785	0.000793572
-0.0529524	-0.995873	780.78	0.24	0.253672	899.522	32.0617	38.9516	0.000635111
-0.052964	-0.873865	780.78	0.24	0.253697	899.499	32.0143	39.0146	0.000489023
-0.052974	-0.751591	780.78	0.24	0.253765	899.48	31.9735	39.0772	0.000361747
-0.0529825	-0.631421	780.78	0.24	0.253799	899.463	31.9397	39.1221	0.000255317
-0.0529894	-0.508336	780.78	0.24	0.253691	899.45	31.9113	39.1651	0.000165479
-0.0529947	-0.388167	780.78	0.24	0.253331	899.439	31.8864	39.2049	9.64891e-05
-0.0529986	-0.271039	780.78	0.24	0.25285	899.43	31.8704	39.2343	4.70441e-05
-0.0530009	-0.158565	780.78	0.24	0.252227	899.425	31.8609	39.2561	1.61011e-05
-0.0530019	-0.0532179	780.78	0.24	0.251515	899.422	31.8596	39.2732	1.81366e-06
-0.0530016	0.0474335	780.78	0.24	0.250933	899.421	31.8533	39.2924	1.44082e-06
-0.0530001	0.141364	780.78	0.24	0.249971	899.423	31.853	39.3032	1.27973e-05
-0.0529975	0.226206	780.78	0.24	0.249002	899.427	31.8564	39.309	3.2768e-05
-0.0529938	0.302567	780.78	0.24	0.24794	899.432	31.8625	39.3126	5.8625e-05
-0.0529893	0.368168	780.78	0.24	0.246858	899.44	31.8697	39.3137	8.68029e-05
-0.052984	0.423992	780.78	0.24	0.245807	899.448	31.8796	39.3114	0.000115121
-0.0529781	0.472112	780.78	0.24	0.244923	899.459	31.8855	39.3147	0.000142735
-0.0529717	0.510995	780.78	0.24	0.244061	899.47	31.8884	39.3184	0.000167215
-0.0529648	0.544185	780.78	0.24	0.243345	899.482	31.8828	39.337	0.000189642
-0.0529576	0.571235	780.78	0.24	0.242602	899.494	31.8787	39.349	0.000208964
-0.0529501	0.590364	780.78	0.24	0.241591	899.508	31.8826	39.353	0.000223193
-0.0529424	0.599247	780.78	0.24	0.240369	899.521	31.8986	39.345	0.00022996
-0.0529347	0.595683	780.78	0.24	0.239332	899.535	31.9235	39.3236	0.000227233
-0.0529272	0.586035	780.78	0.24	0.238501	899.549	31.9528	39.3007	0.000219932
-0.0529199	0.567658	780.78	0.24	0.237405	899.562	31.9903	39.2701	0.000206355
-0.0529128	0.538618	780.78	0.24	0.236082	899.575	32.0296	39.2394	0.000185782
-0.0529063	0.498493	780.78	0.24	0.234922	899.587	32.0621	39.2243	0.000159132
-0.0529004	0.446593	780.78	0.24	0.233848	899.599	32.1058	39.1912	0.000127722
-0.0528953	0.385238	780.78	0.24	0.232828	899.609	32.1622	39.1376	9.50384e-05
-0.052891	0.315409	780.78	0.24	0.2319	899.617	32.2059	39.0999	6.37071e-05
-0.0528877	0.239011	780.78	0.24	0.23111	899.624	32.2198	39.0992	3.65827e-05
-0.0528854	0.155344	780.78	0.24	0.230264	899.629	32.2213	39.1071	1.54536e-05
-0.0528843	0.0619172	780.78	0.24	0.22937	899.632	32.2145	39.1294	2.45507e-06
-0.0528844	-0.0373698	780.78	0.24	0.228769	899.633	32.205	39.1511	8.94299e-07
-0.0528859	-0.141658	780.78	0.24	0.228119	899.632	32.1863	39.1813	1.28506e-05
-0.0528888	-0.25376	780.78	0.24	0.227026	899.628	32.1776	39.2055	4.12369e-05
-0.0528932	-0.373298	780.78	0.24	0.226498	899.621	32.1871	39.2087	8.92386e-05
-0.0528991	-0.499073	780.78	0.24	0.22596	899.612	32.2026	39.2081	0.000159503
-0.0529068	-0.628481	780.78	0.24	0.225444	899.6	32.2325	39.1939	0.000252944
-0.0529161	-0.762474	780.78	0.24	0.225218	899.584	32.2798	39.1522	0.000372299
-0.0529271	-0.896047	780.78	0.24	0.225284	899.566	32.325	39.1203	0.000514165
-0.0529399	-1.0296	780.78	0.24	0.225321	899.545	32.3633	39.096	0.000678859
-0.0529544	-1.16254	780.78	0.24	0.225455	899.52	32.3908	39.0836	0.000865473
-0.0529705	-1.2929	780.78	0.24	0.225863	899.493	32.4062	39.0808	0.00107046
-0.0529883	-1.41893	780.78	0.24	0.226567	899.462	32.4062	39.0988	0.00128934
-0.0530076	-1.53638	780.78	0.24	0.227599	899.429	32.4077	39.1177	0.00151161
-0.0530283	-1.64465	780.78	0.24	0.228623	899.393	32.4186	39.125	0.00173215
-0.0530503	-1.74436	780.78	0.24	0.229864	899.354	32.4341	39.1301	0.00194855
-0.0530735	-1.83149	780.78	0.24	0.231058	899.313	32.4558	39.1276	0.00214807
-0.0530977	-1.90802	780.78	0.24	0.232294	899.271	32.4786	39.1283	0.00233134
-0.0531228	-1.9739	780.78	0.24	0.233688	899.226	32.523	39.1072	0.00249513
-0.0531486	-2.02642	780.78	0.24	0.234962	899.181	32.5772	39.0771	0.00262966
-0.053175	-2.06808	780.78	0.24	0.236134	899.134	32.6328	39.0442	0.00273891
-0.0532018	-2.09951	780.78	0.24	0.237206	899.086	32.6896	39.0101	0.00282278
-0.0532289	-2.12295	780.78	0.24	0.237928	899.037	32.7521	38.9695	0.00288617
-0.0532563	-2.14126	780.78	0.24	0.238338	898.988	32.8278	38.9153	0.00293616
-0.0532838	-2.15704	780.78	0.24	0.238562	898.939	32.9128	38.848	0.00297961
-0.0533116	-2.17191	780.78	0.24	0.238687	898.889	32.994	38.7884	0.00302083
-0.0533396	-2.18694	780.78	0.24	0.238748	898.839	33.0759	38.7212	0.00306279
-0.0533677	-2.19911	780.78	0.24	0.23897	898.789	33.1424	38.6815	0.00309696
-0.0533959	-2.21108	780.78	0.24	0.238927	898.738	33.1969	38.6493	0.00313076
-0.0534244	-2.22277	780.78	0.24	0.238849	898.687	33.2442	38.6216	0.00316396
-0.053453	-2.23701	780.78	0.24	0.238425	898.636	33.2879	38.5983	0.00320462
-0.0534818	-2.2574	780.78	0.24	0.237627	898.584	33.3273	38.5845	0.00326331
-0.053511	-2.28651	780.78	0.24	0.236552	898.532	33.3641	38.5705	0.00334801
-0.0535406	-2.32649	780.78	0.24	0.235192	898.479	33.4032	38.5555	0.00346612
-0.0535709	-2.37852	780.78	0.24	0.233975	898.426	33.4441	38.5389	0.00362289
-0.0536019	-2.44004	780.78	0.24	0.232796	898.371	33.4855	38.5203	0.00381271
-0.0536338	-2.51296	780.78	0.24	0.231588	898.314	33.515	38.5278	0.00404403
-0.053667	-2.62625	780.78	0.24	0.231387	898.256	33.5608	38.492	0.00441686
-0.0537014	-2.70839	780.78	0.24	0.230978	898.195	33.6166	38.9583	0.00469746
-0.0537369	-2.79887	780.78	0.24	0.229551	898.132	33.7614	38.8501	0.00501655
-0.0537737	-2.89569	780.78	0.24	0.229415	898.067	33.8053	38.8357	0.00536963
-0.0538117	-2.99486	780.78	0.24	0.229483	898	33.837	38.8336	0.00574372
-0.053851	-3.09302	780.78	0.24	0.229568	897.931	33.8707	38.825	0.00612641
-0.0538915	-3.18839	780.78	0.24	0.229856	897.859	33.8942	38.8323	0.00651004
-0.0539332	-3.28127	780.78	0.24	0.230412	897.785	33.9027	38.857	0.00689487
-0.0539761	-3.36694	780.78	0.24	0.231072	897.709	33.9032	38.8859	0.00725959
-0.05402	-3.44775	780.78	0.24	0.231587	897.631	33.8963	38.9214	0.00761224
-0.0540649	-3.52409	780.78	0.24	0.232129	897.552	33.8746	38.9741	0.00795308
-0.0541107	-3.59643	780.78	0.24	0.232435	897.47	33.8417	39.0374	0.00828294
-0.0541574	-3.66818	780.78	0.24	0.232584	897.387	33.7949	39.111	0.00861673
-0.0542051	-3.73795	780.78	0.24	0.232859	897.302	33.7356	39.201	0.00894764
-0.0542536	-3.80397	780.78	0.24	0.233182	897.216	33.6826	39.2877	0.00926649
-0.0543029	-3.87004	780.78	0.24	0.23335	897.128	33.6421	39.3602	0.00959119
-0.0543531	-3.93461	780.78	0.24	0.233606	897.039	33.6132	39.4235	0.00991391
-0.054404	-3.9931	780.78	0.24	0.234448	896.948	33.5994	39.4689	0.0102108
-0.0544557	-4.04265	780.78	0.24	0.235312	896.856	33.5886	39.5132	0.0104658
-0.0545078	-4.08527	780.78	0.24	0.23608	896.763	33.5764	39.5575	0.0106877
-0.0545605	-4.12094	780.78	0.24	0.236824	896.669	33.5732	39.5948	0.0108751
-0.0546136	-4.15119	780.78	0.24	0.237739	896.574	33.5734	39.6258	0.0110353
-0.0546669	-4.16886	780.78	0.24	0.239193	896.479	33.5619	39.6734	0.0111295
-0.0547204	-4.17458	780.78	0.24	0.240563	896.383	33.5509	39.7222	0.0111601
-0.0547738	-4.16733	780.78	0.24	0.242244	896.287	33.5474	39.7614	0.0111214
-0.0548269	-4.1403	780.78	0.24	0.24456	896.192	33.5277	39.8169	0.0109775
-0.0548795	-4.09372	780.78	0.24	0.246728	896.097	33.4962	39.8829	0.0107319
-0.0549313	-4.02804	780.78	0.24	0.24877	896.003	33.4534	39.9597	0.0103903
-0.0549821	-3.94411	780.78	0.24	0.250636	895.911	33.3987	40.0487	0.00996183
-0.0550317	-3.84363	780.78	0.24	0.25251	895.821	33.3398	40.1411	0.00946071
-0.0550798	-3.72628	780.78	0.24	0.254445	895.734	33.2886	40.2251	0.00889187
-0.0551263	-3.59151	780.78	0.24	0.256283	895.649	33.2494	40.2942	0.00826028
-0.0551708	-3.44069	780.78	0.24	0.257947	895.568	33.2187	40.3555	0.00758109
-0.0552133	-3.27667	780.78	0.24	0.259395	895.49	33.1936	40.4103	0.00687555
-0.0552536	-3.10017	780.78	0.24	0.26081	895.415	33.1718	40.461	0.00615478
-0.0552915	-2.90936	780.78	0.24	0.262368	895.345	33.1571	40.5028	0.00542046
-0.0553268	-2.7051	780.78	0.24	0.263834	895.28	33.149	40.5398	0.00468607
-0.0553594	-2.48775	780.78	0.24	0.265133	895.219	33.1435	40.5714	0.00396329
-0.0553891	-2.26074	780.78	0.24	0.266063	895.163	33.147	40.5907	0.00327297
-0.0554158	-2.02674	780.78	0.24	0.266746	895.113	33.1592	40.601	0.0026305
-0.0554394	-1.78858	780.78	0.24	0.267093	895.068	33.1899	40.5856	0.00204861
-0.05546	-1.54672	780.78	0.24	0.267412	895.028	33.2265	40.5655	0.00153203
-0.0554775	-1.30191	780.78	0.24	0.267752	894.994	33.271	40.5366	0.00108543
-0.0554918	-1.05582	780.78	0.24	0.268351	894.966	33.3176	40.4962	0.000713871
-0.0555029	-0.799467	780.78	0.24	0.269572	894.943	33.3662	40.457	0.0004093
-0.0555105	-0.531869	780.78	0.24	0.270588	894.926	33.4188	40.4172	0.000181155
-0.0555147	-0.25627	780.78	0.24	0.271357	894.915	33.4916	40.3513	4.2057e-05
-0.0555153	0.0265007	780.78	0.24	0.271895	894.911	33.5841	40.2639	4.49734e-07
-0.0555122	0.31225	780.78	0.24	0.272086	894.913	33.6888	40.1618	6.24374e-05
-0.0555054	0.599491	780.78	0.24	0.27207	894.922	33.7959	40.057	0.000230148
-0.055495	0.884502	780.78	0.24	0.271694	894.938	33.9007	39.9559	0.000501001
-0.055481	1.16399	780.78	0.24	0.271149	894.959	34.007	39.8487	0.000867638
-0.0554634	1.44163	780.78	0.24	0.270778	894.988	34.1071	39.7442	0.00133091
-0.0554423	1.71617	780.78	0.24	0.270415	895.022	34.1938	39.651	0.00188609
-0.0554177	1.98731	780.78	0.24	0.270021	895.063	34.2707	39.5691	0.00252915
-0.0553897	2.25694	780.78	0.24	0.269978	895.11	34.3278	39.5116	0.00326199
-0.0553582	2.52519	780.78	0.24	0.269726	895.164	34.3786	39.4555	0.00408348
-0.0553233	2.78784	780.78	0.24	0.268677	895.223	34.4668	39.359	0.00497711
-0.0552852	3.03232	780.78	0.24	0.266865	895.288	34.6472	39.2418	0.0058883
-0.0552443	3.24152	780.78	0.24	0.267865	895.359	34.6155	39.4764	0.00672882
-0.0552004	3.48863	780.78	0.24	0.267209	895.435	34.7116	39.2395	0.00779382
-0.0551534	3.73039	780.78	0.24	0.266996	895.517	34.7381	39.2301	0.00891149
-0.0551032	3.97586	780.78	0.24	0.267455	895.604	34.7067	39.2424	0.0101229
-0.05505	4.22168	780.78	0.24	0.266963	895.696	34.7205	39.2049	0.0114133
-0.0549936	4.45967	780.78	0.24	0.265718	895.794	34.7415	39.164	0.0127364
-0.0549343	4.68324	780.78	0.24	0.263922	895.898	34.7616	39.1166	0.0140454
-0.0548723	4.89338	780.78	0.24	0.26245	896.007	34.7717	39.0815	0.0153341
-0.0548077	5.08725	780.78	0.24	0.260095	896.12	34.8142	39.0133	0.0165733
-0.0547409	5.25656	780.78	0.24	0.257551	896.238	34.8773	38.9298	0.0176948
-0.0546721	5.40347	780.78	0.24	0.25513	896.36	34.9431	38.8349	0.0186976
-0.0546017	5.53555	780.78	0.24	0.254114	896.485	35.0276	38.7204	0.0196229
-0.0545296	5.65845	780.78	0.24	0.252652	896.612	34.9869	38.737	0.0205039
-0.054456	5.76866	780.78	0.24	0.251145	896.743	34.9222	38.7478	0.0213104
-0.0543812	5.86468	780.78	0.24	0.249715	896.876	34.8959	38.7442	0.0220257
-0.0543053	5.94711	780.78	0.24	0.247901	897.011	34.9061	38.7033	0.0226492
-0.0542285	6.01244	780.78	0.24	0.246408	897.148	34.943	38.6387	0.0231496
-0.0541509	6.06686	780.78	0.24	0.244961	897.287	34.9823	38.5704	0.0235705
-0.0540728	6.10652	780.78	0.24	0.243426	897.427	35.0167	38.5063	0.0238797
-0.0539944	6.13456	780.78	0.24	0.242092	897.567	35.0364	38.4646	0.0240995
-0.0539156	6.15268	780.78	0.24	0.241281	897.708	35.0408	38.4342	0.0242421
-0.0538367	6.16485	780.78	0.24	0.240564	897.85	35.023	38.4243	0.0243381
-0.0537577	6.17181	780.78	0.24	0.240175	897.992	34.9769	38.445	0.0243931
-0.0536786	6.17653	780.78	0.24	0.240124	898.134	34.8983	38.4964	0.0244304
-0.0535995	6.18039	780.78	0.24	0.240204	898.276	34.8007	38.5635	0.0244609
-0.0535203	6.1854	780.78	0.24	0.240319	898.418	34.6906	38.653	0.0245006
-0.053441	6.19091	780.78	0.24	0.240207	898.56	34.5826	38.7335	0.0245443
-0.0533617	6.19454	780.78	0.24	0.239844	898.703	34.4773	38.8103	0.0245731
-0.0532823	6.19479	780.78	0.24	0.239287	898.846	34.3766	38.8835	0.0245751
-0.0532031	6.18754	780.78	0.24	0.238472	898.988	34.2877	38.9491	0.0245176
-0.053124	6.17176	780.78	0.24	0.237875	899.131	34.2142	38.9885	0.0243926
-0.0530451	6.15294	780.78	0.24	0.237623	899.273	34.1434	39.0367	0.0242441
-0.0529665	6.13337	780.78	0.24	0.237333	899.414	34.091	39.0616	0.0240902
-0.0528881	6.11153	780.78	0.24	0.236917	899.555	34.0453	39.0812	0.0239189
-0.0528101	6.08697	780.78	0.24	0.236771	899.696	34.0126	39.09	0.023727
-0.0527324	6.05885	780.78	0.24	0.236307	899.836	33.9851	39.0894	0.0235083
-0.0526551	6.02668	780.78	0.24	0.235751	899.976	33.9511	39.0977	0.0232594
-0.0525783	5.98855	780.78	0.24	0.234896	900.114	33.9108	39.1129	0.022966
-0.0525021	5.94175	780.78	0.24	0.23381	900.252	33.8611	39.1389	0.0226084
-0.0524265	5.88449	780.78	0.24	0.232593	900.389	33.8034	39.1716	0.0221748
-0.0523518	5.81605	780.78	0.24	0.231401	900.524	33.7567	39.1945	0.021662
-0.0522781	5.73547	780.78	0.24	0.230248	900.658	33.7128	39.2123	0.0210659
-0.0522055	5.64594	780.78	0.24	0.22933	900.79	33.6675	39.2324	0.0204133
-0.0521341	5.54873	780.78	0.24	0.228357	900.92	33.619	39.2577	0.0197164
-0.052064	5.44311	780.78	0.24	0.227454	901.047	33.5638	39.2957	0.018973
-0.0519954	5.32872	780.78	0.24	0.226431	901.172	33.5043	39.3371	0.0181839
-0.0519283	5.20527	780.78	0.24	0.225385	901.294	33.4396	39.3828	0.0173511
-0.051863	5.07061	780.78	0.24	0.224156	901.414	33.3761	39.4304	0.016465
-0.0517994	4.92535	780.78	0.24	0.223002	901.53	33.3128	39.4767	0.0155352
-0.0517378	4.77049	780.78	0.24	0.222141	901.643	33.2575	39.5166	0.0145736
-0.0516783	4.6083	780.78	0.24	0.22138	901.752	33.1989	39.559	0.0135995
-0.0516209	4.44035	780.78	0.24	0.220833	901.858	33.1329	39.6098	0.0126263
-0.0515656	4.26778	780.78	0.24	0.220356	901.959	33.0502	39.6782	0.011664
-0.0515127	4.09127	780.78	0.24	0.219931	902.057	32.9512	39.7645	0.0107191
-0.051462	3.91068	780.78	0.24	0.219475	902.15	32.8416	39.8625	0.0097937
-0.0514137	3.72537	780.78	0.24	0.219011	902.24	32.7277	39.9672	0.00888752
-0.0513678	3.53584	780.78	0.24	0.218453	902.325	32.6208	40.064	0.00800619
-0.0513244	3.33911	780.78	0.24	0.217744	902.405	32.5371	40.1401	0.00714006
-0.0512836	3.13693	780.78	0.24	0.217344	902.481	32.4748	40.1946	0.00630162
-0.0512454	2.93042	780.78	0.24	0.216888	902.553	32.4448	40.2112	0.00549921
-0.0512098	2.72571	780.78	0.24	0.217393	902.619	32.3751	40.2764	0.00475775
-0.0511769	2.5234	780.78	0.24	0.217493	902.681	32.3503	40.2943	0.00407769
-0.0511465	2.32261	780.78	0.24	0.217765	902.738	32.313	40.3468	0.00345457
-0.0511187	2.12225	780.78	0.24	0.217639	902.791	32.2983	40.3553	0.00288427
-0.0510934	1.91578	780.78	0.24	0.217391	902.839	32.3006	40.3349	0.00235035
-0.0510709	1.71279	780.78	0.24	0.217393	902.882	32.2846	40.3729	0.00187868
-0.0510509	1.50753	780.78	0.24	0.217055	902.92	32.2751	40.3797	0.00145537
-0.0510336	1.29776	780.78	0.24	0.216343	902.954	32.2744	40.3801	0.00107853
-0.0510191	1.07911	780.78	0.24	0.215256	902.983	32.2884	40.3654	0.00074571
-0.0510074	0.852783	780.78	0.24	0.214649	903.006	32.2847	40.3779	0.000465713
-0.0509987	0.620512	780.78	0.24	0.213884	903.025	32.2921	40.3709	0.000246571
-0.050993	0.380181	780.78	0.24	0.212964	903.038	32.3131	40.3523	9.25597e-05
-0.0509906	0.130541	780.78	0.24	0.212247	903.045	32.3387	40.3244	1.09128e-05
-0.0509913	-0.121176	780.78	0.24	0.212287	903.047	32.3566	40.3063	9.40317e-06
-0.0509953	-0.371663	780.78	0.24	0.212645	903.042	32.3813	40.2849	8.84588e-05
-0.0510024	-0.617684	780.78	0.24	0.213092	903.032	32.4093	40.2636	0.000244329
-0.0510126	-0.859656	780.78	0.24	0.213528	903.017	32.4406	40.2398	0.00047325
-0.0510259	-1.09763	780.78	0.24	0.214037	902.995	32.4716	40.2185	0.000771531
-0.0510422	-1.33085	780.78	0.24	0.21458	902.969	32.5059	40.1935	0.00113423
-0.0510615	-1.55962	780.78	0.24	0.215121	902.937	32.5383	40.171	0.00155769
-0.0510836	-1.78302	780.78	0.24	0.215739	902.899	32.5695	40.1533	0.00203589
-0.0511085	-2.00208	780.78	0.24	0.216439	902.857	32.5964	40.1418	0.00256688
-0.0511362	-2.21313	780.78	0.24	0.21738	902.809	32.6284	40.1201	0.00313658
-0.0511665	-2.41473	780.78	0.24	0.218356	902.757	32.6704	40.0917	0.00373404
-0.0511993	-2.6097	780.78	0.24	0.219167	902.7	32.7181	40.0564	0.00436138
-0.0512345	-2.79545	780.78	0.24	0.220083	902.638	32.7658	40.023	0.00500432
-0.051272	-2.97357	780.78	0.24	0.221174	902.573	32.8033	40.003	0.00566235
-0.0513117	-3.13992	780.78	0.24	0.222385	902.503	32.8255	39.9984	0.00631363
-0.0513535	-3.29666	780.78	0.24	0.223495	902.43	32.8462	39.9957	0.00695969
-0.0513971	-3.44318	780.78	0.24	0.224517	902.352	32.8634	39.9968	0.00759209
-0.0514425	-3.57935	780.78	0.24	0.225929	902.272	32.8777	40.0005	0.00820445
-0.0514896	-3.70301	780.78	0.24	0.227448	902.189	32.8927	40.0044	0.00878114
-0.051538	-3.81204	780.78	0.24	0.228906	902.102	32.9057	40.0122	0.00930583
-0.0515878	-3.90908	780.78	0.24	0.230131	902.014	32.9223	40.015	0.00978568
-0.0516387	-3.99719	780.78	0.24	0.231135	901.923	32.9392	40.0188	0.0102318
-0.0516907	-4.07655	780.78	0.24	0.231925	901.83	32.9599	40.0182	0.0106421
-0.0517436	-4.14905	780.78	0.24	0.232607	901.735	32.9913	40.0074	0.011024
-0.0517974	-4.21722	780.78	0.24	0.233125	901.639	33.0221	39.9964	0.0113892
-0.051852	-4.27956	780.78	0.24	0.233789	901.542	33.056	39.9835	0.0117284
-0.0519073	-4.33586	780.78	0.24	0.234517	901.442	33.1037	39.9555	0.012039
-0.0519634	-4.38684	780.78	0.24	0.235358	901.342	33.1542	39.9201	0.0123238
-0.0520199	-4.42621	780.78	0.24	0.236482	901.24	33.1895	39.9082	0.012546
-0.0520769	-4.45741	780.78	0.24	0.237372	901.138	33.2254	39.8932	0.0127235
-0.0521342	-4.47906	780.78	0.24	0.238442	901.035	33.2566	39.886	0.0128474
-0.0521917	-4.49183	780.78	0.24	0.239388	900.932	33.2841	39.88	0.0129207
-0.0522493	-4.49691	780.78	0.24	0.240507	900.828	33.3074	39.881	0.01295
-0.0523068	-4.49043	780.78	0.24	0.24151	900.724	33.3309	39.8774	0.0129127
-0.0523642	-4.47776	780.78	0.24	0.241962	900.621	33.34	39.8906	0.0128399
-0.0524214	-4.46115	780.78	0.24	0.242394	900.517	33.3503	39.901	0.0127449
-0.0524784	-4.44113	780.78	0.24	0.242707	900.415	33.3636	39.906	0.0126307
-0.0525353	-4.46672	780.78	0.24	0.244207	900.312	33.3726	40.0062	0.0127767
-0.0525921	-4.4261	780.78	0.24	0.245663	900.21	33.4953	39.9062	0.0125454
-0.0526483	-4.3755	780.78	0.24	0.246427	900.108	33.5058	39.9214	0.0122602
-0.0527038	-4.31954	780.78	0.24	0.246629	900.007	33.4392	39.9829	0.0119486
-0.0527588	-4.29734	780.78	0.24	0.245134	899.908	33.4383	40.0065	0.0118261
-0.0528135	-4.25656	780.78	0.24	0.245276	899.809	33.5321	39.9435	0.0116027
-0.0528675	-4.21023	780.78	0.24	0.245555	899.711	33.5816	39.9217	0.0113515
-0.052921	-4.16638	780.78	0.24	0.245617	899.615	33.631	39.8785	0.0111163
-0.0529739	-4.12054	780.78	0.24	0.24628	899.519	33.7002	39.8173	0.010873
-0.0530262	-4.06963	780.78	0.24	0.247033	899.424	33.8409	39.7173	0.010606
-0.0530777	-4.00891	780.78	0.24	0.248431	899.331	34.0236	39.5404	0.0102919
-0.0531283	-3.93429	780.78	0.24	0.24949	899.239	34.0087	39.5932	0.00991228
-0.053178	-3.8621	780.78	0.24	0.250566	899.149	33.9353	39.7217	0.00955185
-0.0532265	-3.76521	780.78	0.24	0.251682	899.061	33.9106	39.7591	0.00907862
-0.0532738	-3.66108	780.78	0.24	0.252058	898.974	33.9086	39.7771	0.00858342
-0.0533196	-3.55334	780.78	0.24	0.253164	898.891	33.9333	39.7864	0.00808565
-0.053364	-3.43552	780.78	0.24	0.254567	898.81	33.992	39.7367	0.00755835
-0.0534067	-3.30132	780.78	0.24	0.255664	898.731	34.0631	39.6786	0.00697937
-0.0534476	-3.16101	780.78	0.24	0.256381	898.656	34.1386	39.609	0.00639873
-0.0534867	-3.01215	780.78	0.24	0.257053	898.584	34.1935	39.5625	0.00581023
-0.0535238	-2.86427	780.78	0.24	0.25672	898.516	34.2615	39.5029	0.00525373
-0.0535591	-2.71782	780.78	0.24	0.256154	898.451	34.3221	39.4514	0.00473023
-0.0535926	-2.58627	780.78	0.24	0.2564	898.389	34.3372	39.4066	0.00428339
-0.0536243	-2.43753	780.78	0.24	0.256998	898.33	34.395	39.3426	0.00380488
-0.0536572	-2.77693	780.78	0.24	0.256927	898.275	34.4397	39.6533	0.00493821
-0.0536913	-2.62416	780.78	0.24	0.257335	898.212	34.5054	39.6091	0.00440983
-0.0537234	-2.46891	780.78	0.24	0.258207	898.153	34.5198	39.587	0.00390348
-0.0537535	-2.30399	780.78	0.24	0.258919	898.097	34.5265	39.5801	0.00339941
-0.0537813	-2.13284	780.78	0.24	0.259743	898.045	34.5134	39.597	0.00291312
-0.0538069	-1.95288	780.78	0.24	0.260704	897.997	34.4957	39.6096	0.00244227
-0.0538302	-1.76346	780.78	0.24	0.261866	897.953	34.4451	39.6647	0.00199147
-0.0538508	-1.56447	780.78	0.24	0.263055	897.913	34.3683	39.7328	0.00156738
-0.0538689	-1.35291	780.78	0.24	0.264191	897.879	34.2657	39.8317	0.00117214
-0.0538841	-1.13203	780.78	0.24	0.265103	897.849	34.1529	39.934	0.00082065
-0.0538964	-0.905405	780.78	0.24	0.265712	897.824	34.0421	40.0397	0.000524961
-0.0539058	-0.672063	780.78	0.24	0.266459	897.805	33.9462	40.1258	0.000289242
-0.0539121	-0.433398	780.78	0.24	0.26712	897.79	33.8538	40.209	0.000120286
-0.0539153	-0.187203	780.78	0.24	0.2678	897.782	33.7699	40.2794	2.24423e-05
-0.0539153	0.0630964	780.78	0.24	0.268217	897.779	33.7028	40.326	2.54948e-06
-0.053912	0.319047	780.78	0.24	0.268862	897.782	33.6488	40.3579	6.51854e-05
-0.0539054	0.58153	780.78	0.24	0.269562	897.791	33.5986	40.3881	0.000216564
-0.0538954	0.84833	780.78	0.24	0.270065	897.806	33.5606	40.3972	0.000460862
-0.0538819	1.12069	780.78	0.24	0.270527	897.827	33.5222	40.4076	0.000804283
-0.0538649	1.39701	780.78	0.24	0.270922	897.854	33.4641	40.4506	0.00124981
-0.0538444	1.67536	780.78	0.24	0.271065	897.888	33.4019	40.4826	0.00179745
-0.0538202	1.95344	780.78	0.24	0.270884	897.928	33.3514	40.4981	0.00244367
-0.0537926	2.23067	780.78	0.24	0.270813	897.974	33.3035	40.5081	0.00318649
-0.0537613	2.50558	780.78	0.24	0.270537	898.027	33.2578	40.5134	0.00402029
-0.0537266	2.77767	780.78	0.24	0.270195	898.087	33.2315	40.4949	0.00494084
-0.0536885	3.04839	780.78	0.24	0.270197	898.152	33.1944	40.4825	0.00595089
-0.0536468	3.31903	780.78	0.24	0.270194	898.224	33.1576	40.4678	0.00705445
-0.0536017	3.58839	780.78	0.24	0.269982	898.302	33.1249	40.4497	0.00824594
-0.0535532	3.85701	780.78	0.24	0.269721	898.386	33.1069	40.4158	0.00952673
-0.0535012	4.11874	780.78	0.24	0.269281	898.476	33.1057	40.3611	0.0108635
-0.053446	4.37848	780.78	0.24	0.268795	898.572	33.115	40.2843	0.0122769
-0.0533874	4.63487	780.78	0.24	0.268233	898.675	33.1228	40.2141	0.0137567
-0.0533257	4.88507	780.78	0.24	0.267308	898.783	33.1385	40.137	0.0152821
-0.0532608	5.12598	780.78	0.24	0.266243	898.897	33.1612	40.0478	0.0168266
-0.0531929	5.35777	780.78	0.24	0.265125	899.016	33.1813	39.961	0.0183827
-0.0531221	5.57952	780.78	0.24	0.264302	899.141	33.1806	39.9056	0.0199358
-0.0530486	5.79507	780.78	0.24	0.263636	899.271	33.1759	39.8384	0.0215059
-0.0529723	6.00436	780.78	0.24	0.262902	899.405	33.1723	39.7676	0.0230874
-0.0528935	6.20638	780.78	0.24	0.262104	899.545	33.1687	39.6952	0.0246671
-0.0528121	6.40168	780.78	0.24	0.261153	899.689	33.1714	39.6166	0.026244
-0.0527283	6.58694	780.78	0.24	0.259912	899.838	33.183	39.5276	0.0277849
-0.0526423	6.76019	780.78	0.24	0.258805	899.99	33.196	39.4376	0.0292657
-0.0525541	6.9239	780.78	0.24	0.257869	900.147	33.2043	39.3433	0.0307003
-0.0524639	7.08207	780.78	0.24	0.257171	900.308	33.2186	39.2469	0.032119
-0.0523717	7.23198	780.78	0.24	0.2564	900.472	33.2422	39.1455	0.0334932
-0.0522777	7.37647	780.78	0.24	0.255653	900.64	33.2874	39.0159	0.0348449
-0.0521819	7.51307	780.78	0.24	0.254658	900.811	33.3305	38.8875	0.0361473
-0.0520844	7.63932	780.78	0.24	0.253352	900.985	33.3708	38.7599	0.0373724
-0.0519855	7.7524	780.78	0.24	0.251949	901.162	33.4066	38.6394	0.038487
-0.0518852	7.85339	780.78	0.24	0.250396	901.342	33.4405	38.5177	0.0394962
-0.0517838	7.93752	780.78	0.24	0.248617	901.523	33.4685	38.3969	0.040347
-0.0516814	8.00623	780.78	0.24	0.246889	901.707	33.4848	38.2929	0.0410485
-0.0515783	8.06093	780.78	0.24	0.245294	901.892	33.4979	38.1901	0.0416113
-0.0514747	8.10125	780.78	0.24	0.243751	902.079	33.5076	38.091	0.0420286
-0.0513707	8.1277	780.78	0.24	0.242176	902.266	33.509	38.0006	0.0423035
-0.0512664	8.1398	780.78	0.24	0.240575	902.454	33.4968	37.9245	0.0424296
-0.0511622	8.13713	780.78	0.24	0.238923	902.643	33.4723	37.8593	0.0424018
-0.0510581	8.1194	780.78	0.24	0.237184	902.831	33.4371	37.807	0.0422172
-0.0509544	8.08417	780.78	0.24	0.23533	903.018	33.3933	37.7596	0.0418516
-0.0508513	8.03318	780.78	0.24	0.233388	903.205	33.3448	37.7223	0.0413253
-0.0507491	7.95877	780.78	0.24	0.231475	903.391	33.3154	37.6681	0.0405633
-0.050648	7.87433	780.78	0.24	0.229925	903.574	33.3001	37.6005	0.0397071
-0.050548	7.77596	780.78	0.24	0.228649	903.756	33.2771	37.5399	0.0387212
-0.0504495	7.66756	780.78	0.24	0.227375	903.936	33.2453	37.4879	0.0376492
-0.0503524	7.54712	780.78	0.24	0.226233	904.112	33.2005	37.4543	0.0364757
-0.050257	7.41891	780.78	0.24	0.225417	904.287	33.1421	37.4308	0.0352469
-0.0501632	7.28232	780.78	0.24	0.224552	904.458	33.0874	37.4029	0.033961
-0.0500713	7.13861	780.78	0.24	0.22378	904.626	33.0179	37.3926	0.0326339
-0.0499814	6.9865	780.78	0.24	0.223008	904.79	32.9373	37.3933	0.031258
-0.0498934	6.82652	780.78	0.24	0.222319	904.951	32.8437	37.4026	0.0298429
-0.0498075	6.66369	780.78	0.24	0.221753	905.109	32.7391	37.4313	0.0284362
-0.0497238	6.49311	780.78	0.24	0.220939	905.262	32.6494	37.4456	0.0269989
-0.0496423	6.31691	780.78	0.24	0.220096	905.412	32.5753	37.4456	0.0255535
-0.0495632	6.13048	780.78	0.24	0.21894	905.557	32.5082	37.4398	0.0240675
-0.0494865	5.9339	780.78	0.24	0.217761	905.698	32.4399	37.4369	0.0225487
-0.0494125	5.72708	780.78	0.24	0.216541	905.835	32.3603	37.4483	0.0210043
-0.0493412	5.50924	780.78	0.24	0.215332	905.966	32.2782	37.4637	0.0194368
-0.0492729	5.27839	780.78	0.24	0.214125	906.093	32.2051	37.4735	0.0178421
-0.0492075	5.03953	780.78	0.24	0.213425	906.214	32.1558	37.4575	0.0162638
-0.0491453	4.79387	780.78	0.24	0.2126	906.33	32.1156	37.4323	0.0147168
-0.0490864	4.54027	780.78	0.24	0.211487	906.44	32.064	37.4231	0.0132009
-0.0490307	4.27406	780.78	0.24	0.209926	906.544	31.9973	37.4311	0.0116983
-0.0489787	3.99325	780.78	0.24	0.208289	906.641	31.9366	37.4409	0.0102116
-0.0489303	3.69761	780.78	0.24	0.206582	906.732	31.903	37.4184	0.00875554
-0.0488859	3.38932	780.78	0.24	0.205579	906.816	31.8688	37.4011	0.00735643
-0.0488455	3.07435	780.78	0.24	0.205449	906.893	31.8246	37.3897	0.0060527
-0.0488092	2.76064	780.78	0.24	0.205317	906.963	31.7785	37.3873	0.00488044
-0.0487769	2.44438	780.78	0.24	0.204892	907.025	31.7358	37.3838	0.00382629
-0.0487486	2.12239	780.78	0.24	0.204305	907.08	31.6885	37.3822	0.00288464
-0.0487246	1.79643	780.78	0.24	0.20391	907.128	31.6315	37.3958	0.00206664
-0.0487047	1.46629	780.78	0.24	0.203562	907.167	31.5847	37.4072	0.00137684
-0.0486891	1.13377	780.78	0.24	0.203195	907.2	31.5547	37.3999	0.000823175
-0.0486778	0.797718	780.78	0.24	0.202707	907.224	31.5369	37.3831	0.000407512
-0.0486709	0.456339	780.78	0.24	0.202038	907.241	31.5312	37.3562	0.000133357
-0.0486684	0.10714	780.78	0.24	0.201329	907.249	31.5379	37.313	7.35092e-06
-0.0486704	-0.246904	780.78	0.24	0.200776	907.25	31.5457	37.2757	3.90388e-05
-0.048677	-0.606523	780.78	0.24	0.200179	907.242	31.5457	37.2475	0.000235578
-0.0486883	-0.970778	780.78	0.24	0.199777	907.226	31.5299	37.2384	0.000603506
-0.0487042	-1.3386	780.78	0.24	0.199623	907.201	31.5121	37.2317	0.00114748
-0.0487249	-1.70494	780.78	0.24	0.199882	907.168	31.4787	37.2453	0.00186149
-0.0487502	-2.07006	780.78	0.24	0.200219	907.126	31.4388	37.2646	0.00274416
-0.0487802	-2.42943	780.78	0.24	0.200712	907.076	31.3956	37.2925	0.00377964
-0.0488147	-2.78555	780.78	0.24	0.2011	907.017	31.3542	37.3217	0.00496893
-0.0488538	-3.13711	780.78	0.24	0.201572	906.95	31.3148	37.3505	0.00630232
-0.0488973	-3.48586	780.78	0.24	0.202094	906.876	31.2739	37.3859	0.00778147
-0.0489453	-3.82787	780.78	0.24	0.202827	906.793	31.246	37.4043	0.00938328
-0.0489975	-4.16199	780.78	0.24	0.203834	906.702	31.2371	37.4077	0.0110929
-0.049054	-4.48834	780.78	0.24	0.204975	906.603	31.2259	37.4201	0.0129007
-0.0491145	-4.80214	780.78	0.24	0.206232	906.497	31.2115	37.4354	0.0147676
-0.0491789	-5.10534	780.78	0.24	0.207492	906.384	31.1975	37.4534	0.0166913
-0.0492471	-5.3972	780.78	0.24	0.208769	906.264	31.1891	37.4675	0.0186543
-0.0493189	-5.67528	780.78	0.24	0.210414	906.137	31.194	37.4691	0.020626
-0.0493941	-5.93799	780.78	0.24	0.212021	906.003	31.2049	37.4671	0.0225798
-0.0494726	-6.18849	780.78	0.24	0.213386	905.864	31.2201	37.4611	0.0245251
-0.0495542	-6.42519	780.78	0.24	0.214854	905.719	31.238	37.4554	0.026437
-0.0496386	-6.64847	780.78	0.24	0.216367	905.569	31.2546	37.4533	0.0283064
-0.0497258	-6.85837	780.78	0.24	0.217856	905.413	31.2702	37.4556	0.0301219
-0.0498155	-7.0543	780.78	0.24	0.219433	905.253	31.2798	37.4642	0.0318676
-0.0499076	-7.2379	780.78	0.24	0.220914	905.088	31.2878	37.4774	0.033548
-0.050002	-7.40716	780.78	0.24	0.222506	904.92	31.297	37.4902	0.0351354
-0.0500983	-7.55996	780.78	0.24	0.224342	904.747	31.3054	37.5038	0.0366
-0.0501965	-7.69681	780.78	0.24	0.226047	904.571	31.3156	37.518	0.037937
-0.0502963	-7.81943	780.78	0.24	0.227809	904.392	31.3335	37.5252	0.0391554
-0.0503974	-7.92388	780.78	0.24	0.229805	904.21	31.3663	37.5172	0.0402084
-0.0504998	-8.01114	780.78	0.24	0.231727	904.026	31.4035	37.5108	0.0410989
-0.0506031	-8.08082	780.78	0.24	0.233608	903.84	31.4408	37.503	0.0418169
-0.0507071	-8.13491	780.78	0.24	0.235241	903.653	31.4817	37.4928	0.0423786
-0.0508117	-8.17514	780.78	0.24	0.236904	903.464	31.5197	37.4902	0.0427988
-0.0509166	-8.20015	780.78	0.24	0.238772	903.275	31.5606	37.4769	0.0430611
-0.0510217	-8.20667	780.78	0.24	0.241063	903.085	31.5927	37.4686	0.0431296
-0.0511267	-8.18804	780.78	0.24	0.243921	902.895	31.6077	37.4901	0.042934
-0.0512312	-8.14666	780.78	0.24	0.246835	902.706	31.6399	37.4918	0.0425011
-0.0513349	-8.07471	780.78	0.24	0.25009	902.518	31.7202	37.4386	0.0417537
-0.0514374	-7.97616	780.78	0.24	0.252662	902.332	31.7818	37.4098	0.0407408
-0.0515384	-7.85668	780.78	0.24	0.254702	902.148	31.7971	37.4345	0.0395293
-0.0516377	-7.71993	780.78	0.24	0.256429	901.968	31.8306	37.4189	0.0381653
-0.0517351	-7.56838	780.78	0.24	0.257977	901.79	31.9056	37.3794	0.0366816
-0.0518305	-7.40106	780.78	0.24	0.260198	901.616	31.9746	37.3609	0.0350775
-0.0519235	-7.21182	780.78	0.24	0.262661	901.446	32.0364	37.3349	0.0333067
-0.0520138	-7.00109	780.78	0.24	0.265008	901.281	32.1057	37.3031	0.0313887
-0.0521013	-6.77003	780.78	0.24	0.267114	901.121	32.1836	37.2592	0.029351
-0.0521856	-6.5208	780.78	0.24	0.268994	900.966	32.2646	37.2107	0.0272297
-0.0522666	-6.25584	780.78	0.24	0.270544	900.817	32.3518	37.1559	0.0250618
-0.0523441	-5.97839	780.78	0.24	0.271877	900.674	32.4388	37.0981	0.0228881
-0.0524179	-5.68958	780.78	0.24	0.273035	900.538	32.5211	37.0461	0.0207301
-0.0524879	-5.38987	780.78	0.24	0.274198	900.408	32.5964	36.9987	0.0186037
-0.0525539	-5.07816	780.78	0.24	0.27568	900.286	32.6822	36.9395	0.0165141
-0.0526159	-4.75663	780.78	0.24	0.27683	900.171	32.7628	36.8862	0.0144891
-0.0526736	-4.4238	780.78	0.24	0.277652	900.063	32.8418	36.8307	0.0125323
-0.052727	-4.085	780.78	0.24	0.278267	899.963	32.9147	36.7787	0.0106862
-0.0527761	-3.74264	780.78	0.24	0.278729	899.871	32.9901	36.7256	0.0089701
-0.0528206	-3.39202	780.78	0.24	0.279609	899.786	33.0761	36.6602	0.00736813
-0.0528606	-3.03484	780.78	0.24	0.280156	899.71	33.1574	36.5965	0.00589809
-0.0528961	-2.67593	780.78	0.24	0.280178	899.642	33.2383	36.5331	0.00458553
-0.0529269	-2.31742	780.78	0.24	0.28005	899.583	33.3224	36.4656	0.00343914
-0.0529531	-1.9615	780.78	0.24	0.279554	899.532	33.4071	36.3897	0.00246387
-0.0529748	-1.60896	780.78	0.24	0.279172	899.488	33.5002	36.3086	0.00165779
-0.0529921	-1.26208	780.78	0.24	0.278304	899.453	33.6056	36.21	0.00102003
-0.053005	-0.923162	780.78	0.24	0.277436	899.426	33.7151	36.1063	0.000545754
-0.0530136	-0.591373	780.78	0.24	0.276498	899.407	33.8192	36.0068	0.000223957
-0.0530181	-0.26833	780.78	0.24	0.275506	899.395	33.9169	35.9124	4.61082e-05
-0.0530185	0.0475408	780.78	0.24	0.274756	899.391	34.0026	35.829	1.44735e-06
-0.0530149	0.355936	780.78	0.24	0.273989	899.394	34.0469	35.8008	8.11308e-05
-0.0530074	0.658571	780.78	0.24	0.273367	899.404	34.0683	35.7777	0.000277745
-0.0529961	0.953158	780.78	0.24	0.272399	899.421	34.0709	35.7751	0.000581796
-0.0529812	1.2379	780.78	0.24	0.271084	899.444	34.0687	35.7718	0.000981328
-0.0529627	1.51016	780.78	0.24	0.269296	899.474	34.0566	35.7817	0.00146046
-0.0529408	1.76583	780.78	0.24	0.267503	899.511	34.0508	35.7852	0.00199682
-0.0529159	2.00426	780.78	0.24	0.265865	899.553	34.0481	35.7851	0.00257247
-0.052888	2.22993	780.78	0.24	0.264247	899.6	34.0475	35.7771	0.00318438
-0.0528574	2.44013	780.78	0.24	0.262618	899.653	34.0349	35.7792	0.00381299
-0.0528243	2.6396	780.78	0.24	0.261326	899.71	34.0054	35.8008	0.00446188
-0.0527886	2.82707	780.78	0.24	0.260085	899.772	33.9898	35.8068	0.00511817
-0.0527507	3.00218	780.78	0.24	0.258707	899.839	33.9733	35.8125	0.00577186
-0.0527107	3.1669	780.78	0.24	0.25743	899.909	33.9515	35.8249	0.00642257
-0.0526687	3.31789	780.78	0.24	0.255924	899.983	33.9195	35.8457	0.00704962
-0.0526248	3.45502	780.78	0.24	0.254835	900.06	33.8863	35.8697	0.00764437
-0.0525793	3.58683	780.78	0.24	0.253971	900.14	33.8405	35.9056	0.0082388
-0.0525322	3.70985	780.78	0.24	0.253057	900.224	33.8148	35.9173	0.00881363
-0.0524835	3.82614	780.78	0.24	0.252465	900.31	33.8033	35.9253	0.00937482
-0.0524334	3.93864	780.78	0.24	0.251899	900.399	33.8032	35.9141	0.00993421
-0.052382	4.04488	780.78	0.24	0.251111	900.49	33.8049	35.899	0.0104774
-0.0523292	4.14328	780.78	0.24	0.250252	900.584	33.8066	35.8854	0.0109934
-0.0522753	4.2347	780.78	0.24	0.249406	900.68	33.7968	35.8859	0.0114838
-0.0522202	4.31878	780.78	0.24	0.248755	900.779	33.783	35.886	0.0119444
-0.0521642	4.39732	780.78	0.24	0.24792	900.879	33.7606	35.8975	0.0123827
-0.0521072	4.46665	780.78	0.24	0.246848	900.981	33.7261	35.9246	0.0127763
-0.0520494	4.52593	780.78	0.24	0.245717	901.084	33.6829	35.9539	0.0131177
-0.0519909	4.57443	780.78	0.24	0.244316	901.189	33.6197	36.0077	0.0134003
-0.051932	4.6099	780.78	0.24	0.242808	901.295	33.5677	36.0446	0.013609
-0.0518727	4.63095	780.78	0.24	0.241063	901.401	33.514	36.0883	0.0137335
-0.0518134	4.63532	780.78	0.24	0.239113	901.508	33.4421	36.1563	0.0137595
-0.0517541	4.61858	780.78	0.24	0.237378	901.615	33.3836	36.2244	0.0136602
-0.0516952	4.5916	780.78	0.24	0.235899	901.722	33.333	36.2687	0.0135011
-0.0516368	4.55098	780.78	0.24	0.234346	901.828	33.2644	36.3311	0.0132633
-0.051579	4.49545	780.78	0.24	0.232641	901.932	33.1653	36.4262	0.0129416
-0.0515221	4.42375	780.78	0.24	0.230795	902.036	33.0543	36.5298	0.012532
-0.0514663	4.33477	780.78	0.24	0.22908	902.138	32.9248	36.6537	0.012033
-0.0514118	4.23318	780.78	0.24	0.228013	902.237	32.8213	36.749	0.0114756
-0.0513586	4.12305	780.78	0.24	0.227242	902.335	32.7335	36.8369	0.0108862
-0.0513069	4.00843	780.78	0.24	0.226588	902.429	32.6384	36.9305	0.0102894
-0.0512567	3.8882	780.78	0.24	0.226019	902.521	32.5285	37.0414	0.00968139
-0.0512081	3.76252	780.78	0.24	0.22551	902.61	32.4083	37.1642	0.00906567
-0.0511612	3.63135	780.78	0.24	0.224969	902.697	32.299	37.278	0.00844458
-0.051116	3.4954	780.78	0.24	0.224269	902.78	32.2081	37.3711	0.0078241
-0.0510726	3.34948	780.78	0.24	0.223555	902.86	32.1276	37.4554	0.0071845
-0.0510311	3.19951	780.78	0.24	0.222681	902.936	32.0348	37.5518	0.00655555
-0.0509917	3.03977	780.78	0.24	0.221403	903.009	31.9288	37.6633	0.00591729
-0.0509544	2.86551	780.78	0.24	0.21958	903.079	31.8272	37.7768	0.0052583
-0.0509195	2.67154	780.78	0.24	0.217195	903.144	31.7652	37.8453	0.00457051
-0.0508873	2.45959	780.78	0.24	0.215497	903.205	31.7132	37.9088	0.00387406
-0.050858	2.23494	780.78	0.24	0.214338	903.26	31.6574	37.976	0.00319871
-0.0508316	2.00107	780.78	0.24	0.213606	903.311	31.5798	38.0696	0.00256428
-0.0508082	1.76419	780.78	0.24	0.213732	903.356	31.5106	38.1532	0.0019931
-0.0507879	1.52503	780.78	0.24	0.213388	903.395	31.4829	38.194	0.00148935
-0.0507707	1.28367	780.78	0.24	0.213003	903.429	31.431	38.2631	0.00105523
-0.0507566	1.03687	780.78	0.24	0.212274	903.457	31.3563	38.356	0.000688471
-0.0507458	0.781055	780.78	0.24	0.210941	903.48	31.3112	38.4274	0.000390665
-0.0507383	0.515207	780.78	0.24	0.210154	903.496	31.3005	38.4612	0.000169983
-0.0507343	0.244728	780.78	0.24	0.209917	903.507	31.265	38.5178	3.83538e-05
-0.0507338	-0.0262196	780.78	0.24	0.210271	903.511	31.2042	38.6046	4.40244e-07
-0.0507367	-0.291338	780.78	0.24	0.211133	903.509	31.1592	38.6804	5.43547e-05
-0.0507429	-0.550191	780.78	0.24	0.211867	903.5	31.1637	38.6941	0.000193851
-0.0507524	-0.80286	780.78	0.24	0.212568	903.486	31.1544	38.7278	0.000412783
-0.0507651	-1.0509	780.78	0.24	0.213265	903.466	31.1209	38.781	0.000707229
-0.0507808	-1.28937	780.78	0.24	0.214181	903.44	31.0753	38.8551	0.00106463
-0.0507996	-1.52148	780.78	0.24	0.214872	903.409	31.0369	38.9226	0.00148242
-0.0508212	-1.74795	780.78	0.24	0.215408	903.373	31.02	38.9682	0.00195659
-0.0508457	-1.9693	780.78	0.24	0.216046	903.331	31.029	38.9879	0.00248352
-0.050873	-2.18324	780.78	0.24	0.217008	903.284	31.0444	39.0044	0.00305241
-0.050903	-2.39004	780.78	0.24	0.21779	903.232	31.0677	39.0152	0.00365805
-0.0509355	-2.58947	780.78	0.24	0.218603	903.176	31.088	39.0284	0.00429401
-0.0509705	-2.78205	780.78	0.24	0.21938	903.115	31.1019	39.0481	0.00495647
-0.0510079	-2.96761	780.78	0.24	0.220127	903.05	31.1098	39.0729	0.00563967
-0.0510477	-3.1472	780.78	0.24	0.220807	902.98	31.1087	39.1107	0.00634292
-0.0510897	-3.32153	780.78	0.24	0.221355	902.906	31.0962	39.159	0.00706507
-0.0511338	-3.49035	780.78	0.24	0.221901	902.828	31.086	39.2057	0.00780152
-0.0511801	-3.65697	780.78	0.24	0.222364	902.747	31.0822	39.2532	0.00856413
-0.0512285	-3.81757	780.78	0.24	0.222818	902.661	31.0968	39.2773	0.00933287
-0.0512789	-3.97582	780.78	0.24	0.222936	902.572	31.1188	39.2944	0.0101227
-0.0513313	-4.13367	780.78	0.24	0.223066	902.479	31.1447	39.312	0.0109424
-0.0513857	-4.29046	780.78	0.24	0.223664	902.383	31.1748	39.2994	0.0117882
-0.0514421	-4.43616	780.78	0.24	0.22484	902.283	31.1931	39.3241	0.0126025
-0.0515002	-4.57194	780.78	0.24	0.225995	902.179	31.2164	39.3413	0.0133857
-0.05156	-4.6977	780.78	0.24	0.22721	902.073	31.2407	39.3566	0.0141323
-0.0516213	-4.81111	780.78	0.24	0.228669	901.964	31.2567	39.3834	0.0148229
-0.0516838	-4.91016	780.78	0.24	0.230339	901.852	31.2683	39.4168	0.0154395
-0.0517475	-4.99408	780.78	0.24	0.232016	901.738	31.2849	39.4419	0.0159717
-0.0518122	-5.06369	780.78	0.24	0.233592	901.622	31.3043	39.467	0.0164201
-0.0518776	-5.1209	780.78	0.24	0.235089	901.505	31.3256	39.4885	0.0167932
-0.0519436	-5.16264	780.78	0.24	0.236858	901.387	31.3403	39.5139	0.0170681
-0.05201	-5.18748	780.78	0.24	0.238639	901.267	31.3628	39.5362	0.0172327
-0.0520765	-5.19659	780.78	0.24	0.240376	901.147	31.3918	39.5535	0.0172933
-0.052143	-5.19104	780.78	0.24	0.241929	901.027	31.4277	39.5612	0.0172564
-0.0522093	-5.17226	780.78	0.24	0.243174	900.908	31.4764	39.5569	0.0171318
-0.0522753	-5.14388	780.78	0.24	0.244035	900.789	31.538	39.54	0.0169442
-0.0523408	-5.10942	780.78	0.24	0.244561	900.67	31.6147	39.5061	0.016718
-0.0524059	-5.07306	780.78	0.24	0.244941	900.552	31.7024	39.4561	0.0164809
-0.0524705	-5.03088	780.78	0.24	0.245477	900.436	31.7881	39.4112	0.016208
-0.0525344	-4.98502	780.78	0.24	0.246045	900.32	31.8809	39.3597	0.0159139
-0.0525978	-4.93329	780.78	0.24	0.24663	900.205	31.9776	39.303	0.0155853
-0.0526604	-4.87532	780.78	0.24	0.247147	900.092	32.0721	39.2506	0.0152211
-0.0527222	-4.81205	780.78	0.24	0.247918	899.98	32.1632	39.2031	0.0148287
-0.0527832	-4.74078	780.78	0.24	0.248873	899.869	32.2559	39.1479	0.0143927
-0.0528431	-4.65977	780.78	0.24	0.250065	899.761	32.3529	39.0899	0.013905
-0.0529019	-4.569	780.78	0.24	0.251173	899.654	32.4549	39.0291	0.0133686
-0.0529595	-4.46608	780.78	0.24	0.252656	899.549	32.5583	38.9632	0.012773
-0.0530156	-4.34877	780.78	0.24	0.254267	899.447	32.6613	38.8981	0.0121108
-0.05307	-4.21816	780.78	0.24	0.255521	899.347	32.7594	38.8372	0.0113943
-0.0531227	-4.07762	780.78	0.24	0.25645	899.251	32.8486	38.7844	0.0106477
-0.0531735	-3.93042	780.78	0.24	0.257033	899.158	32.9302	38.7375	0.00989281
-0.0532224	-3.77971	780.78	0.24	0.257646	899.068	32.9906	38.7164	0.00914866
-0.0532693	-3.62227	780.78	0.24	0.258147	898.982	33.0407	38.7015	0.00840241
-0.0533141	-3.46081	780.78	0.24	0.258563	898.9	33.0906	38.6851	0.00767004
-0.0533568	-3.29651	780.78	0.24	0.258837	898.821	33.1356	38.6733	0.00695904
-0.0533975	-3.12939	780.78	0.24	0.258992	898.746	33.1738	38.6663	0.00627136
-0.0534359	-2.96257	780.78	0.24	0.25882	898.675	33.2028	38.6673	0.00562056
-0.0534723	-2.79756	780.78	0.24	0.258493	898.608	33.2271	38.6705	0.00501188
-0.0535065	-2.63749	780.78	0.24	0.257887	898.544	33.2457	38.6838	0.00445476
-0.0535388	-2.4831	780.78	0.24	0.257097	898.484	33.2706	38.6902	0.00394848
-0.0535692	-2.33742	780.78	0.24	0.25617	898.428	33.3137	38.6749	0.00349878
-0.0535978	-2.19943	780.78	0.24	0.255237	898.375	33.3755	38.6351	0.00309785
-0.0536247	-2.06904	780.78	0.24	0.254519	898.325	33.4349	38.6005	0.00274143
-0.05365	-1.94385	780.78	0.24	0.253829	898.279	33.4951	38.5637	0.00241973
-0.0536737	-1.82404	780.78	0.24	0.253265	898.235	33.5691	38.5116	0.00213063
-0.0536959	-1.70988	780.78	0.24	0.25247	898.193	33.6566	38.4455	0.0018723
-0.0537168	-1.60521	780.78	0.24	0.251412	898.155	33.7559	38.3669	0.00165008
-0.0537364	-1.5103	780.78	0.24	0.250406	898.118	33.8559	38.2785	0.00146072
-0.0537549	-1.42226	780.78	0.24	0.249557	898.084	33.9349	38.2193	0.00129539
-0.0537723	-1.34381	780.78	0.24	0.248536	898.052	34.0146	38.1642	0.00115642
-0.0537889	-1.27515	780.78	0.24	0.247485	898.021	34.0867	38.101	0.00104128
-0.0538046	-1.21307	780.78	0.24	0.246733	897.992	34.1142	38.0933	0.000942357
-0.0538196	-1.1574	780.78	0.24	0.246095	897.965	34.1132	38.1165	0.000857837
-0.0538339	-1.10788	780.78	0.24	0.245379	897.939	34.0942	38.1553	0.000786012
-0.0538477	-1.06369	780.78	0.24	0.24464	897.913	34.0662	38.1983	0.000724554
-0.0538609	-1.02886	780.78	0.24	0.244146	897.889	34.0184	38.2772	0.000677886
-0.0538738	-0.994803	780.78	0.24	0.243983	897.866	33.9787	38.3299	0.000633747
-0.0538862	-0.961183	780.78	0.24	0.244003	897.843	33.9645	38.3562	0.000591634
-0.0538982	-0.926644	780.78	0.24	0.244013	897.821	33.9526	38.38	0.000549879
-0.0539097	-0.892787	780.78	0.24	0.244101	897.8	33.9329	38.4166	0.00051043
-0.0539208	-0.85648	780.78	0.24	0.244355	897.78	33.9047	38.4593	0.00046976
-0.0539314	-0.816602	780.78	0.24	0.24481	897.76	33.8579	38.5275	0.000427033
-0.0539414	-0.768758	780.78	0.24	0.246189	897.742	33.8456	38.5589	0.000378461
-0.0539507	-0.707997	780.78	0.24	0.247536	897.724	33.8239	38.5988	0.000320999
-0.053959	-0.633875	780.78	0.24	0.249109	897.708	33.7668	38.6737	0.000257305
-0.0539663	-0.547539	780.78	0.24	0.250369	897.694	33.7045	38.7517	0.000191987
-0.0539724	-0.450981	780.78	0.24	0.251285	897.682	33.6627	38.7988	0.000130244
-0.0539772	-0.344941	780.78	0.24	0.252405	897.672	33.6473	38.826	7.61958e-05
-0.0539805	-0.230817	780.78	0.24	0.253093	897.665	33.6315	38.8553	3.41174e-05
-0.0539824	-0.113352	780.78	0.24	0.253211	897.661	33.609	38.8894	8.2281e-06
-0.0539827	0.00454676	780.78	0.24	0.253626	897.659	33.566	38.9548	1.32387e-08
-0.0539814	0.129456	780.78	0.24	0.254194	897.659	33.5362	38.9961	1.07321e-05
-0.0539785	0.25724	780.78	0.24	0.254326	897.663	33.517	39.0268	4.23759e-05
-0.053974	0.385464	780.78	0.24	0.254537	897.67	33.4982	39.0571	9.51499e-05
-0.0539678	0.517031	780.78	0.24	0.254694	897.679	33.468	39.0964	0.000171188
-0.0539599	0.649749	780.78	0.24	0.254772	897.692	33.41	39.1771	0.000270354
-0.0539503	0.781596	780.78	0.24	0.254801	897.708	33.3473	39.2446	0.000391206
-0.053939	0.915284	780.78	0.24	0.254837	897.727	33.3028	39.2952	0.00053648
-0.0539261	1.04705	780.78	0.24	0.254692	897.748	33.2701	39.3297	0.000702058
-0.0539114	1.17691	780.78	0.24	0.254541	897.773	33.234	39.3727	0.000887016
-0.0538951	1.30677	780.78	0.24	0.254236	897.801	33.2022	39.4083	0.00109355
-0.0538771	1.43183	780.78	0.24	0.253942	897.832	33.1821	39.4266	0.00131288
-0.0538576	1.55798	780.78	0.24	0.254058	897.865	33.1397	39.4703	0.0015544
-0.0538364	1.68543	780.78	0.24	0.254502	897.902	33.0638	39.5486	0.00181913
-0.0538135	1.8195	780.78	0.24	0.255184	897.941	32.9664	39.6472	0.00212004
-0.0537889	1.95723	780.78	0.24	0.255453	897.984	32.8649	39.7465	0.00245315
-0.0537625	2.09613	780.78	0.24	0.255544	898.03	32.7638	39.8522	0.0028137
-0.0537343	2.23601	780.78	0.24	0.255483	898.079	32.69	39.9231	0.00320177
-0.0537043	2.37709	780.78	0.24	0.255622	898.131	32.6446	39.9597	0.00361854
-0.0536725	2.51592	780.78	0.24	0.254954	898.187	32.6047	39.9936	0.00405353
-0.0536391	2.64739	780.78	0.24	0.253972	898.245	32.5646	40.0185	0.00448826
-0.053604	2.76985	780.78	0.24	0.252866	898.307	32.5324	40.0467	0.00491307
-0.0535674	2.88075	780.78	0.24	0.251938	898.371	32.5116	40.0481	0.00531438
-0.0535295	2.98617	780.78	0.24	0.25144	898.438	32.4909	40.0622	0.00571043
-0.0534903	3.08919	780.78	0.24	0.251334	898.508	32.4799	40.0651	0.00611124
-0.0534497	3.19211	780.78	0.24	0.251367	898.579	32.4709	40.0618	0.00652524
-0.0534078	3.29559	780.78	0.24	0.251296	898.653	32.4599	40.0605	0.00695517
-0.0533646	3.39764	780.78	0.24	0.251037	898.73	32.4497	40.0602	0.0073926
-0.0533202	3.49771	780.78	0.24	0.250885	898.809	32.4491	40.0452	0.00783447
-0.0532744	3.597	780.78	0.24	0.25078	898.89	32.4568	40.0234	0.00828557
-0.0532274	3.69472	780.78	0.24	0.250431	898.973	32.4767	39.9888	0.00874186
-0.0531792	3.78815	780.78	0.24	0.24991	899.059	32.5034	39.9465	0.00918958
-0.0531298	3.87546	780.78	0.24	0.249062	899.146	32.5388	39.8952	0.00961805
-0.0530794	3.95271	780.78	0.24	0.248001	899.236	32.59	39.8263	0.0100053
-0.0530281	4.02211	780.78	0.24	0.24688	899.328	32.6483	39.7537	0.0103598
-0.052976	4.08157	780.78	0.24	0.24582	899.421	32.7068	39.6808	0.0106683
-0.0529233	4.13301	780.78	0.24	0.245023	899.515	32.7595	39.6106	0.0109389
-0.0528699	4.17582	780.78	0.24	0.244059	899.611	32.7991	39.5558	0.0111667
-0.0528161	4.21104	780.78	0.24	0.243439	899.707	32.8241	39.5162	0.0113558
-0.0527619	4.2429	780.78	0.24	0.243083	899.804	32.8436	39.4795	0.0115283
-0.0527073	4.27101	780.78	0.24	0.242686	899.902	32.8529	39.4494	0.0116816
-0.0526523	4.29409	780.78	0.24	0.242089	900.001	32.8511	39.4296	0.0118082
-0.0525972	4.31015	780.78	0.24	0.24123	900.1	32.8407	39.4187	0.0118967
-0.0525419	4.31927	780.78	0.24	0.240251	900.199	32.818	39.4225	0.0119471
-0.0524865	4.31815	780.78	0.24	0.239377	900.299	32.788	39.43	0.0119409
-0.0524313	4.31132	780.78	0.24	0.238621	900.399	32.7562	39.4429	0.0119031
-0.0523762	4.29667	780.78	0.24	0.237537	900.498	32.73	39.4498	0.0118224
-0.0523214	4.26875	780.78	0.24	0.236316	900.597	32.692	39.4565	0.0116693
-0.0522671	4.23375	780.78	0.24	0.235568	900.695	32.6354	39.4939	0.0114787
-0.0522133	4.19156	780.78	0.24	0.234587	900.793	32.5867	39.5239	0.011251
-0.0521601	4.139	780.78	0.24	0.233196	900.889	32.5459	39.5466	0.0109706
-0.0521077	4.0694	780.78	0.24	0.23169	900.984	32.5201	39.5516	0.0106048
-0.0520563	3.99225	780.78	0.24	0.23076	901.078	32.4747	39.5758	0.0102065
-0.052006	3.91034	780.78	0.24	0.230812	901.169	32.3759	39.6636	0.00979197
-0.0519567	3.83022	780.78	0.24	0.230914	901.259	32.2897	39.7306	0.0093948
-0.0519084	3.74943	780.78	0.24	0.230902	901.347	32.2186	39.7808	0.00900269
-0.0518612	3.66562	780.78	0.24	0.230944	901.433	32.1535	39.8329	0.00860472
-0.051815	3.58708	780.78	0.24	0.231175	901.517	32.0989	39.8696	0.00823993
-0.0517698	3.50913	780.78	0.24	0.231315	901.6	32.0507	39.8998	0.0078857
-0.0517256	3.42823	780.78	0.24	0.230917	901.68	31.9773	39.9638	0.00752631
-0.0516825	3.34985	780.78	0.24	0.231613	901.759	31.9103	40.0313	0.00718608
-0.0516403	3.274	780.78	0.24	0.231127	901.836	31.8914	40.0393	0.00686435
-0.0515991	3.19568	780.78	0.24	0.231105	901.911	31.8307	40.115	0.00653986
-0.051559	3.11813	780.78	0.24	0.231285	901.985	31.7429	40.1819	0.00622628
-0.0515198	3.03803	780.78	0.24	0.230595	902.056	31.6732	40.2369	0.00591052
-0.0514817	2.94993	780.78	0.24	0.229491	902.126	31.6047	40.2893	0.0055727
-0.0514449	2.85337	780.78	0.24	0.228768	902.194	31.5337	40.3431	0.00521384
-0.0514093	2.75128	780.78	0.24	0.228372	902.259	31.4483	40.4134	0.00484741
-0.0513751	2.64342	780.78	0.24	0.227803	902.322	31.357	40.4901	0.0044748
-0.0513423	2.53187	780.78	0.24	0.227286	902.382	31.2688	40.5656	0.00410511
-0.051311	2.41517	780.78	0.24	0.226662	902.44	31.1905	40.6299	0.00373539
-0.0512812	2.29096	780.78	0.24	0.225703	902.495	31.1218	40.6834	0.00336107
-0.0512531	2.15794	780.78	0.24	0.224589	902.548	31.0678	40.7225	0.00298208
-0.0512269	2.01416	780.78	0.24	0.223485	902.597	31.0179	40.7578	0.00259794
-0.0512025	1.86218	780.78	0.24	0.222661	902.642	30.9495	40.8152	0.00222067
-0.0511802	1.70225	780.78	0.24	0.221742	902.684	30.8784	40.8772	0.00185562
-0.05116	1.53189	780.78	0.24	0.220735	902.723	30.8274	40.9205	0.00150279
-0.0511421	1.35361	780.78	0.24	0.219692	902.757	30.8032	40.9345	0.00117336
-0.0511265	1.16596	780.78	0.24	0.218684	902.788	30.7957	40.9338	0.00087058
-0.0511135	0.968525	780.78	0.24	0.217575	902.813	30.8068	40.9115	0.000600708
-0.0511031	0.76175	780.78	0.24	0.216531	902.835	30.8207	40.896	0.000371592
-0.0510954	0.546245	780.78	0.24	0.215775	902.851	30.8305	40.8767	0.00019108
-0.0510905	0.324591	780.78	0.24	0.21531	902.862	30.8365	40.8624	6.74706e-05
-0.0510885	0.10081	780.78	0.24	0.215286	902.869	30.8412	40.8511	6.50804e-06
-0.0510893	-0.121879	780.78	0.24	0.215463	902.87	30.8524	40.8361	9.51266e-06
-0.051093	-0.342762	780.78	0.24	0.215725	902.866	30.8746	40.8095	7.52363e-05
-0.0510995	-0.561536	780.78	0.24	0.215972	902.856	30.9102	40.7686	0.000201928
-0.0511088	-0.776602	780.78	0.24	0.216518	902.842	30.9483	40.7278	0.000386223
-0.0511207	-0.985147	780.78	0.24	0.217467	902.823	30.9789	40.7029	0.000621503
-0.0511353	-1.18517	780.78	0.24	0.218436	902.799	31.0142	40.6638	0.0008995
-0.0511523	-1.37614	780.78	0.24	0.219511	902.77	31.0523	40.6234	0.00121274
-0.0511717	-1.55586	780.78	0.24	0.220954	902.738	31.1016	40.5722	0.00155019
-0.0511932	-1.72314	780.78	0.24	0.222221	902.701	31.1635	40.5078	0.00190144
-0.0512168	-1.88137	780.78	0.24	0.223374	902.66	31.2138	40.4507	0.00226669
-0.0512423	-2.02776	780.78	0.24	0.224453	902.615	31.2482	40.417	0.00263315
-0.0512696	-2.16577	780.78	0.24	0.225321	902.568	31.2792	40.3871	0.00300378
-0.0512986	-2.29722	780.78	0.24	0.225896	902.517	31.3123	40.3547	0.00337946
-0.0513293	-2.42588	780.78	0.24	0.22607	902.463	31.346	40.3224	0.00376861
-0.0513616	-2.55373	780.78	0.24	0.226008	902.406	31.384	40.2885	0.00417629
-0.0513955	-2.67988	780.78	0.24	0.226309	902.346	31.4476	40.2266	0.00459909
-0.051431	-2.80512	780.78	0.24	0.226342	902.284	31.5284	40.1488	0.00503901
-0.0514682	-2.93095	780.78	0.24	0.226245	902.218	31.6316	40.0471	0.00550123
-0.0515069	-3.0529	780.78	0.24	0.22715	902.15	31.6827	40.0202	0.00596852
-0.0515471	-3.16753	780.78	0.24	0.227846	902.079	31.7366	39.9712	0.00642515
-0.0515887	-3.27735	780.78	0.24	0.22834	902.005	31.8168	39.8977	0.00687841
-0.0516317	-3.3834	780.78	0.24	0.228713	901.928	31.9066	39.8101	0.00733075
-0.051676	-3.48647	780.78	0.24	0.229261	901.85	32.0059	39.7133	0.00778418
-0.0517216	-3.58101	780.78	0.24	0.23031	901.769	32.0993	39.6351	0.00821208
-0.0517683	-3.66653	780.78	0.24	0.231363	901.685	32.1907	39.5483	0.008609
-0.051816	-3.74384	780.78	0.24	0.232398	901.6	32.2802	39.4652	0.00897586
-0.0518646	-3.81059	780.78	0.24	0.233331	901.513	32.3709	39.3804	0.00929877
-0.0519139	-3.86775	780.78	0.24	0.23452	901.425	32.4456	39.3151	0.00957986
-0.0519639	-3.91501	780.78	0.24	0.235559	901.335	32.5239	39.242	0.00981539
-0.0520145	-3.9521	780.78	0.24	0.236642	901.245	32.6113	39.1598	0.0100022
-0.0520654	-3.98102	780.78	0.24	0.237805	901.153	32.7113	39.07	0.0101492
-0.0521165	-3.99424	780.78	0.24	0.239707	901.061	32.8321	38.9575	0.0102167
-0.0521676	-3.99126	780.78	0.24	0.241405	900.969	32.9521	38.8446	0.0102014
-0.0522186	-3.97596	780.78	0.24	0.242683	900.877	33.0478	38.7575	0.0101234
-0.0522693	-3.94992	780.78	0.24	0.243765	900.786	33.11	38.7022	0.00999123
-0.0523195	-3.91462	780.78	0.24	0.24459	900.695	33.1349	38.6841	0.00981344
-0.0523693	-3.87895	780.78	0.24	0.245369	900.605	33.1464	38.6902	0.00963537
-0.0524185	-3.82638	780.78	0.24	0.247082	900.515	33.1493	38.6935	0.009376
-0.0524669	-3.75793	780.78	0.24	0.24868	900.428	33.1628	38.6849	0.00904355
-0.0525142	-3.67802	780.78	0.24	0.250121	900.341	33.1977	38.6494	0.00866302
-0.0525604	-3.58187	780.78	0.24	0.251835	900.257	33.2474	38.6036	0.00821603
-0.0526053	-3.46915	780.78	0.24	0.253531	900.175	33.2908	38.5678	0.00770702
-0.0526485	-3.34386	780.78	0.24	0.254818	900.096	33.3307	38.5333	0.0071604
-0.05269	-3.20918	780.78	0.24	0.255814	900.019	33.3598	38.5151	0.00659524
-0.0527298	-3.06551	780.78	0.24	0.256575	899.946	33.387	38.4903	0.00601793
-0.0527676	-2.92045	780.78	0.24	0.257156	899.876	33.399	38.4883	0.00546186
-0.0528035	-2.76618	780.78	0.24	0.257565	899.81	33.4017	38.4866	0.00490008
-0.0528375	-2.61033	780.78	0.24	0.257667	899.747	33.3928	38.5018	0.00436346
-0.0528694	-2.44938	780.78	0.24	0.258477	899.688	33.3927	38.5129	0.00384198
-0.0528991	-2.28187	780.78	0.24	0.259092	899.632	33.3756	38.5306	0.00333445
-0.0529267	-2.10692	780.78	0.24	0.260044	899.581	33.3615	38.5491	0.00284273
-0.0529519	-1.92606	780.78	0.24	0.260474	899.533	33.3367	38.5727	0.00237565
-0.0529748	-1.74321	780.78	0.24	0.260393	899.49	33.3068	38.6026	0.00194599
-0.0529954	-1.56143	780.78	0.24	0.260186	899.451	33.2754	38.6317	0.0015613
-0.0530137	-1.38918	780.78	0.24	0.260758	899.416	33.2619	38.6624	0.00123583
-0.0530297	-1.19699	780.78	0.24	0.262102	899.385	33.2977	38.6181	0.000917538
-0.0530431	-0.997828	780.78	0.24	0.262445	899.359	33.2838	38.621	0.000637606
-0.053054	-0.800187	780.78	0.24	0.262036	899.337	33.2025	38.7089	0.000410038
-0.0530624	-0.606871	780.78	0.24	0.262851	899.319	33.205	38.7265	0.000235849
-0.0530682	-0.401585	780.78	0.24	0.263052	899.307	33.1503	38.7733	0.000103275
-0.0530713	-0.194093	780.78	0.24	0.263178	899.299	33.1574	38.7178	2.41246e-05
-0.0530718	0.0103677	780.78	0.24	0.26231	899.295	33.0459	38.8235	6.88342e-08
-0.0530698	0.207256	780.78	0.24	0.261454	899.297	32.9915	38.8439	2.75078e-05
-0.0530653	0.392922	780.78	0.24	0.260355	899.303	32.9415	38.8858	9.88674e-05
-0.0530586	0.570414	780.78	0.24	0.259157	899.313	32.8896	38.9207	0.000208363
-0.0530496	0.736499	780.78	0.24	0.25773	899.327	32.8132	38.9806	0.000347364
-0.0530387	0.889255	780.78	0.24	0.256244	899.345	32.7328	39.0368	0.0005064
-0.053026	1.03017	780.78	0.24	0.255238	899.366	32.6733	39.0612	0.000679615
-0.0530115	1.16266	780.78	0.24	0.254217	899.391	32.6129	39.1006	0.000865663
-0.0529954	1.28426	780.78	0.24	0.252754	899.418	32.5371	39.1558	0.00105621
-0.0529779	1.38831	780.78	0.24	0.251039	899.448	32.4549	39.2124	0.00123427
-0.0529592	1.47981	780.78	0.24	0.249423	899.481	32.3806	39.2672	0.00140234
-0.0529395	1.55465	780.78	0.24	0.248226	899.516	32.3312	39.2925	0.00154777
-0.0529189	1.6242	780.78	0.24	0.247312	899.552	32.2979	39.303	0.00168935
-0.0528975	1.68531	780.78	0.24	0.24619	899.59	32.27	39.3073	0.00181887
-0.0528755	1.73506	780.78	0.24	0.244821	899.629	32.2445	39.3086	0.00192784
-0.0528529	1.77143	780.78	0.24	0.243259	899.669	32.2222	39.3074	0.00200951
-0.0528299	1.79342	780.78	0.24	0.241562	899.71	32.2085	39.2981	0.00205971
-0.0528069	1.79919	780.78	0.24	0.239742	899.751	32.2039	39.2852	0.00207299
-0.0527839	1.78872	780.78	0.24	0.237944	899.793	32.2157	39.2487	0.00204893
-0.0527612	1.762	780.78	0.24	0.236025	899.834	32.2407	39.1967	0.00198817
-0.0527391	1.72022	780.78	0.24	0.234725	899.874	32.2515	39.1593	0.00189501
-0.0527175	1.66881	780.78	0.24	0.233805	899.914	32.2585	39.1309	0.00178343
-0.0526967	1.60852	780.78	0.24	0.23268	899.952	32.293	39.0716	0.00165689
-0.0526768	1.53592	780.78	0.24	0.231127	899.989	32.3436	38.9986	0.00151069
-0.0526579	1.44655	780.78	0.24	0.229438	900.024	32.4083	38.9173	0.00134001
-0.0526406	1.31261	780.78	0.24	0.227938	900.056	32.4121	38.9817	0.00110335
-0.0526249	1.18996	780.78	0.24	0.224828	900.086	32.4614	38.9293	0.000906783
-0.052611	1.04393	780.78	0.24	0.222762	900.113	32.5497	38.8945	0.000697889
-0.0525992	0.879666	780.78	0.24	0.220746	900.136	32.6038	38.8204	0.000495538
-0.0525896	0.697023	780.78	0.24	0.218686	900.155	32.6465	38.7593	0.000311125
-0.0525826	0.496056	780.78	0.24	0.216744	900.17	32.6879	38.6991	0.000157581
-0.0525783	0.280235	780.78	0.24	0.215303	900.18	32.7209	38.6495	5.02905e-05
-0.0525769	0.0521955	780.78	0.24	0.214088	900.185	32.7446	38.61	1.74465e-06
-0.0525785	-0.186639	780.78	0.24	0.213104	900.185	32.7622	38.5799	2.23072e-05
-0.0525833	-0.433028	780.78	0.24	0.212457	900.18	32.7771	38.5499	0.000120081
-0.0525912	-0.683461	780.78	0.24	0.211984	900.168	32.7866	38.5284	0.000299136
-0.0526024	-0.939312	780.78	0.24	0.211455	900.151	32.7956	38.5078	0.000565016
-0.0526169	-1.19942	780.78	0.24	0.211039	900.128	32.8085	38.4875	0.000921259
-0.0526348	-1.46348	780.78	0.24	0.210755	900.099	32.8291	38.4551	0.00137155
-0.0526561	-1.72897	780.78	0.24	0.210486	900.063	32.8503	38.4261	0.00191432
-0.0526808	-1.99678	780.78	0.24	0.210271	900.022	32.8728	38.3967	0.0025533
-0.052709	-2.26484	780.78	0.24	0.210423	899.974	32.8867	38.3867	0.00328486
-0.0527405	-2.53137	780.78	0.24	0.210617	899.921	32.9045	38.3649	0.00410347
-0.0527755	-2.79665	780.78	0.24	0.210855	899.861	32.9258	38.3427	0.00500861
-0.0528138	-3.05993	780.78	0.24	0.21117	899.795	32.9577	38.3112	0.00599604
-0.0528555	-3.31914	780.78	0.24	0.211503	899.723	33.008	38.2594	0.00705495
-0.0529005	-3.57478	780.78	0.24	0.212038	899.645	33.0796	38.1871	0.00818353
-0.0529487	-3.8249	780.78	0.24	0.212869	899.561	33.1579	38.1144	0.00936875
-0.053	-4.067	780.78	0.24	0.213994	899.472	33.2459	38.0317	0.0105923
-0.0530543	-4.29639	780.78	0.24	0.215377	899.376	33.3334	37.9496	0.0118209
-0.0531114	-4.51274	780.78	0.24	0.216947	899.276	33.4203	37.8699	0.0130413
-0.0531712	-4.7151	780.78	0.24	0.218469	899.171	33.5093	37.788	0.0142372
-0.0532334	-4.90441	780.78	0.24	0.220056	899.061	33.5947	37.7119	0.0154033
-0.0532979	-5.08005	780.78	0.24	0.221559	898.947	33.674	37.6427	0.0165264
-0.0533645	-5.24122	780.78	0.24	0.223053	898.829	33.7452	37.5838	0.0175916
-0.0534331	-5.38923	780.78	0.24	0.224627	898.708	33.8026	37.5444	0.0185992
-0.0535034	-5.52154	780.78	0.24	0.226502	898.583	33.8449	37.5167	0.0195237
-0.0535753	-5.63601	780.78	0.24	0.228825	898.455	33.8697	37.506	0.0203416
-0.0536484	-5.72866	780.78	0.24	0.231328	898.325	33.8872	37.5078	0.0210159
-0.0537224	-5.79837	780.78	0.24	0.233802	898.193	33.8945	37.5175	0.0215304
-0.0537972	-5.84519	780.78	0.24	0.236406	898.059	33.8906	37.5424	0.0218795
-0.0538723	-5.87045	780.78	0.24	0.239211	897.924	33.8834	37.5679	0.0220691
-0.0539475	-5.86847	780.78	0.24	0.242069	897.789	33.8763	37.5941	0.0220542
-0.0540224	-5.84124	780.78	0.24	0.244561	897.654	33.8747	37.6168	0.02185
-0.0540968	-5.79419	780.78	0.24	0.246849	897.52	33.8777	37.6357	0.0214994
-0.0541704	-5.72326	780.78	0.24	0.249542	897.388	33.8856	37.6489	0.0209763
-0.0542428	-5.63026	780.78	0.24	0.251983	897.257	33.9086	37.6457	0.0203001
-0.0543138	-5.51514	780.78	0.24	0.25437	897.128	33.9322	37.645	0.0194784
-0.0543832	-5.38037	780.78	0.24	0.256512	897.002	33.9633	37.6338	0.0185381
-0.0544506	-5.22769	780.78	0.24	0.258448	896.879	33.9899	37.6253	0.0175009
-0.054516	-5.05693	780.78	0.24	0.260171	896.76	34.0115	37.6232	0.0163763
-0.054579	-4.87277	780.78	0.24	0.261545	896.645	34.0236	37.6296	0.0152053
-0.0546395	-4.67678	780.78	0.24	0.262683	896.534	34.0212	37.6502	0.0140067
-0.0546975	-4.47194	780.78	0.24	0.263629	896.428	33.9967	37.6935	0.0128066
-0.0547527	-4.25908	780.78	0.24	0.264419	896.326	33.9457	37.7616	0.0116164
-0.0548051	-4.04171	780.78	0.24	0.265148	896.23	33.8916	37.8338	0.010461
-0.0548547	-3.81634	780.78	0.24	0.26569	896.138	33.8469	37.8923	0.00932685
-0.0549014	-3.58588	780.78	0.24	0.266114	896.052	33.7988	37.9539	0.00823442
-0.0549451	-3.35417	780.78	0.24	0.266038	895.971	33.7711	37.9933	0.00720464
-0.0549858	-3.12358	780.78	0.24	0.265907	895.895	33.7652	38.0128	0.00624809
-0.0550236	-2.89241	780.78	0.24	0.265998	895.825	33.7669	38.0161	0.00535749
-0.0550584	-2.65942	780.78	0.24	0.266512	895.76	33.7475	38.0421	0.00452914
-0.0550902	-2.41845	780.78	0.24	0.26756	895.7	33.6966	38.1009	0.00374555
-0.0551188	-2.17008	780.78	0.24	0.26885	895.646	33.6462	38.1614	0.00301573
-0.0551441	-1.9064	780.78	0.24	0.270353	895.598	33.6267	38.1836	0.0023274
-0.0551658	-1.63115	780.78	0.24	0.27178	895.556	33.6414	38.1739	0.00170383
-0.055184	-1.34172	780.78	0.24	0.273153	895.52	33.6912	38.1221	0.00115282
-0.0551983	-1.04214	780.78	0.24	0.274136	895.491	33.7623	38.0519	0.000695499
-0.0552087	-0.734388	780.78	0.24	0.274738	895.469	33.8512	37.9598	0.000345376
-0.0552151	-0.424072	780.78	0.24	0.275269	895.454	33.9458	37.8528	0.000115165
-0.0552175	-0.105776	780.78	0.24	0.275959	895.446	34.0342	37.7603	7.16504e-06
-0.0552157	0.218474	780.78	0.24	0.276483	895.445	34.1142	37.6726	3.0566e-05
-0.0552098	0.545229	780.78	0.24	0.276686	895.452	34.1892	37.5888	0.00019037
-0.0551997	0.871521	780.78	0.24	0.276857	895.466	34.2606	37.5099	0.000486404
-0.0551853	1.20414	780.78	0.24	0.277311	895.488	34.3322	37.4216	0.000928522
-0.0551667	1.53919	780.78	0.24	0.277474	895.518	34.3984	37.3381	0.00151714
-0.0551437	1.87586	780.78	0.24	0.277654	895.555	34.4262	37.3023	0.00225342
-0.0551165	2.21373	780.78	0.24	0.277597	895.6	34.458	37.2124	0.00313826
-0.0550849	2.54924	780.78	0.24	0.277158	895.653	34.499	37.1477	0.00416161
-0.0550491	2.87861	780.78	0.24	0.276437	895.713	34.5365	37.0823	0.00530649
-0.0550091	3.19931	780.78	0.24	0.275196	895.781	34.5739	37.0238	0.00655472
-0.0549651	3.51199	780.78	0.24	0.274291	895.856	34.6195	36.9509	0.00789854
-0.0549173	3.79762	780.78	0.24	0.273391	895.939	34.6719	36.9113	0.0092356
-0.0548658	4.09127	780.78	0.24	0.271891	896.028	34.7002	36.8552	0.0107191
-0.0548107	4.37339	780.78	0.24	0.270731	896.123	34.7493	36.7914	0.0122484
-0.0547522	4.62617	780.78	0.24	0.269476	896.225	34.7276	36.8462	0.0137052
-0.0546905	4.88434	780.78	0.24	0.267677	896.333	34.6908	36.8467	0.0152775
-0.0546256	5.12623	780.78	0.24	0.265668	896.446	34.6596	36.8175	0.0168282
-0.0545577	5.34976	780.78	0.24	0.263824	896.565	34.6337	36.8058	0.0183278
-0.0544872	5.55723	780.78	0.24	0.262003	896.69	34.584	36.8217	0.0197769
-0.0544142	5.75053	780.78	0.24	0.260728	896.818	34.5577	36.8052	0.0211766
-0.0543387	5.93415	780.78	0.24	0.259638	896.951	34.5502	36.7757	0.0225506
-0.0542611	6.10706	780.78	0.24	0.25821	897.089	34.5535	36.7266	0.0238839
-0.0541813	6.26736	780.78	0.24	0.25672	897.23	34.5619	36.6761	0.0251542
-0.0540996	6.41033	780.78	0.24	0.254915	897.375	34.5495	36.6449	0.0263149
-0.0540163	6.5399	780.78	0.24	0.253167	897.523	34.5028	36.6535	0.0273894
-0.0539314	6.65368	780.78	0.24	0.251371	897.674	34.4437	36.6715	0.0283508
-0.0538452	6.75048	780.78	0.24	0.249493	897.828	34.3824	36.6975	0.0291817
-0.053758	6.82677	780.78	0.24	0.247471	897.984	34.3445	36.704	0.0298451
-0.05367	6.88914	780.78	0.24	0.245515	898.141	34.3191	36.6916	0.0303928
-0.0535813	6.93303	780.78	0.24	0.243603	898.3	34.2999	36.6749	0.0307814
-0.0534922	6.96024	780.78	0.24	0.241513	898.46	34.263	36.6757	0.0310234
-0.053403	6.96717	780.78	0.24	0.23915	898.62	34.2056	36.6998	0.0310852
-0.0533139	6.95119	780.78	0.24	0.23683	898.78	34.1448	36.7389	0.0309428
-0.0532252	6.91629	780.78	0.24	0.234601	898.94	34.0767	36.7744	0.0306329
-0.0531371	6.86232	780.78	0.24	0.232467	899.099	33.9841	36.8362	0.0301567
-0.0530499	6.79024	780.78	0.24	0.230691	899.257	33.9033	36.8827	0.0295265
-0.0529638	6.70119	780.78	0.24	0.228605	899.413	33.8348	36.9213	0.0287571
-0.052879	6.59176	780.78	0.24	0.226195	899.566	33.7689	36.9595	0.0278256
-0.0527958	6.4601	780.78	0.24	0.223896	899.718	33.6938	37.002	0.0267251
-0.0527145	6.3091	780.78	0.24	0.221778	899.866	33.587	37.0857	0.0254904
-0.0526353	6.13944	780.78	0.24	0.219814	900.01	33.4738	37.1768	0.0241379
-0.0525584	5.95234	780.78	0.24	0.218123	900.151	33.3764	37.2629	0.0226891
-0.0524841	5.75118	780.78	0.24	0.216439	900.287	33.2955	37.3257	0.0211815
-0.0524125	5.53453	780.78	0.24	0.214609	900.418	33.231	37.3709	0.0196156
-0.0523438	5.30231	780.78	0.24	0.213053	900.545	33.1763	37.4106	0.0180041
-0.0522783	5.05611	780.78	0.24	0.211597	900.666	33.1295	37.4399	0.016371
-0.052216	4.79769	780.78	0.24	0.210266	900.781	33.1057	37.4469	0.0147403
-0.0521572	4.52532	780.78	0.24	0.209037	900.89	33.0886	37.4542	0.0131141
-0.0521019	4.24512	780.78	0.24	0.208113	900.993	33.0746	37.46	0.0115404
-0.0520503	3.95671	780.78	0.24	0.207279	901.089	33.0521	37.4763	0.0100256
-0.0520024	3.65991	780.78	0.24	0.206557	901.179	33.0257	37.4951	0.00857793
-0.0519585	3.35749	780.78	0.24	0.205994	901.261	32.9893	37.5271	0.00721889
-0.0519184	3.05143	780.78	0.24	0.205668	901.337	32.9498	37.5634	0.00596279
-0.0518823	2.74128	780.78	0.24	0.205545	901.406	32.9093	37.6009	0.00481225
-0.0518502	2.43387	780.78	0.24	0.206019	901.467	32.8399	37.6713	0.00379347
-0.0518219	2.13181	780.78	0.24	0.206671	901.522	32.7594	37.757	0.00291031
-0.0517975	1.8352	780.78	0.24	0.207291	901.569	32.6778	37.844	0.00215678
-0.0517768	1.54409	780.78	0.24	0.207858	901.61	32.5989	37.9302	0.00152681
-0.0517598	1.255	780.78	0.24	0.208641	901.644	32.5252	38.0127	0.00100862
-0.0517464	0.978487	780.78	0.24	0.20994	901.671	32.4637	38.0859	0.000613128
-0.0517364	0.712801	780.78	0.24	0.211292	901.692	32.4161	38.1462	0.00032537
-0.0517297	0.46066	780.78	0.24	0.212835	901.707	32.3783	38.1967	0.000135895
-0.0517261	0.22359	780.78	0.24	0.214562	901.717	32.3274	38.2634	3.20146e-05
-0.0517254	-0.000245617	780.78	0.24	0.216211	901.72	32.2757	38.3272	3.8633e-11
-0.0517274	-0.207979	780.78	0.24	0.218017	901.719	32.2155	38.4058	2.77e-05
-0.051732	-0.398316	780.78	0.24	0.219863	901.713	32.1568	38.4849	0.000101601
-0.0517388	-0.57308	780.78	0.24	0.2215	901.703	32.102	38.5608	0.000210316
-0.0517477	-0.734819	780.78	0.24	0.222898	901.689	32.0562	38.6315	0.000345782
-0.0517585	-0.884943	780.78	0.24	0.224038	901.671	32.0215	38.6889	0.000501501
-0.0517712	-1.02582	780.78	0.24	0.225423	901.65	31.9905	38.7509	0.000673885
-0.0517856	-1.15135	780.78	0.24	0.227109	901.625	31.9702	38.7962	0.000848902
-0.0518014	-1.26074	780.78	0.24	0.228865	901.598	31.9508	38.8438	0.00101786
-0.0518185	-1.35555	780.78	0.24	0.230364	901.568	31.9376	38.8846	0.00117671
-0.0518367	-1.43758	780.78	0.24	0.231715	901.536	31.924	38.9269	0.00132344
-0.0518558	-1.50912	780.78	0.24	0.232895	901.503	31.9271	38.9523	0.00145844
-0.0518757	-1.5711	780.78	0.24	0.233847	901.468	31.9457	38.9633	0.00158069
-0.0518963	-1.62515	780.78	0.24	0.23481	901.431	31.9923	38.9455	0.00169134
-0.0519176	-1.66893	780.78	0.24	0.235822	901.393	32.0425	38.9273	0.00178367
-0.0519393	-1.7058	780.78	0.24	0.236523	901.354	32.0918	38.9117	0.00186336
-0.0519615	-1.73745	780.78	0.24	0.2371	901.315	32.1495	38.8871	0.00193316
-0.051984	-1.76472	780.78	0.24	0.237484	901.275	32.2067	38.8603	0.00199431
-0.0520068	-1.78764	780.78	0.24	0.237905	901.234	32.2583	38.8406	0.00204644
-0.0520299	-1.8065	780.78	0.24	0.238349	901.192	32.3019	38.8287	0.00208987
-0.0520532	-1.82152	780.78	0.24	0.238819	901.151	32.3295	38.835	0.00212476
-0.0520766	-1.83135	780.78	0.24	0.239499	901.108	32.3717	38.8263	0.00214776
-0.0521001	-1.83531	780.78	0.24	0.240298	901.066	32.4336	38.7956	0.00215705
-0.0521235	-1.83155	780.78	0.24	0.240966	901.024	32.488	38.7755	0.00214823
-0.0521469	-1.82673	780.78	0.24	0.24142	900.982	32.541	38.7696	0.00213693
-0.0521702	-1.81464	780.78	0.24	0.241733	900.939	32.607	38.7392	0.00210873
-0.0521933	-1.80031	780.78	0.24	0.242437	900.898	32.6774	38.7109	0.00207557
-0.0522162	-1.77638	780.78	0.24	0.243236	900.856	32.7605	38.6624	0.00202075
-0.0522386	-1.74736	780.78	0.24	0.243642	900.815	32.8398	38.6182	0.00195526
-0.0522607	-1.71819	780.78	0.24	0.24392	900.775	32.9249	38.5627	0.00189052
-0.0522824	-1.68274	780.78	0.24	0.244473	900.736	33.0169	38.5057	0.00181333
-0.0523036	-1.64384	780.78	0.24	0.244687	900.697	33.1238	38.4336	0.00173046
-0.0523242	-1.60273	780.78	0.24	0.244837	900.66	33.2298	38.3603	0.00164499
-0.0523443	-1.56148	780.78	0.24	0.245235	900.623	33.3149	38.3163	0.0015614
-0.0523639	-1.5138	780.78	0.24	0.245729	900.587	33.396	38.2697	0.0014675
-0.0523827	-1.45891	780.78	0.24	0.24677	900.553	33.4517	38.252	0.00136301
-0.0524008	-1.39571	780.78	0.24	0.24771	900.519	33.4975	38.2428	0.00124747
-0.052418	-1.32532	780.78	0.24	0.248394	900.487	33.5453	38.2299	0.00112482
-0.0524343	-1.25063	780.78	0.24	0.24884	900.457	33.5863	38.2238	0.00100162
-0.0524495	-1.17088	780.78	0.24	0.249311	900.429	33.6165	38.229	0.000877949
-0.0524637	-1.08601	780.78	0.24	0.24978	900.402	33.6334	38.2481	0.000755283
-0.0524768	-0.999625	780.78	0.24	0.250325	900.378	33.6337	38.2851	0.000639905
-0.0524887	-0.9058	780.78	0.24	0.251223	900.355	33.6256	38.333	0.00052542
-0.0524993	-0.80136	780.78	0.24	0.25217	900.335	33.6171	38.3766	0.000411241
-0.0525085	-0.690584	780.78	0.24	0.25295	900.317	33.6022	38.4258	0.000305404
-0.0525162	-0.572275	780.78	0.24	0.253756	900.302	33.5768	38.4857	0.000209726
-0.0525224	-0.446673	780.78	0.24	0.254297	900.289	33.546	38.5541	0.000127767
-0.0525268	-0.317828	780.78	0.24	0.254488	900.28	33.514	38.6208	6.46885e-05
-0.0525296	-0.186859	780.78	0.24	0.25466	900.273	33.4795	38.692	2.23599e-05
-0.0525308	-0.0553075	780.78	0.24	0.254657	900.27	33.443	38.7614	1.95888e-06
-0.0525302	0.0769272	780.78	0.24	0.25471	900.269	33.408	38.8285	3.78967e-06
-0.052528	0.206979	780.78	0.24	0.254825	900.272	33.3855	38.8885	2.74343e-05
-0.052524	0.340348	780.78	0.24	0.254931	900.277	33.3684	38.9369	7.41799e-05
-0.0525184	0.475029	780.78	0.24	0.25503	900.286	33.3378	39	0.000144504
-0.052511	0.61088	780.78	0.24	0.255017	900.298	33.3028	39.0663	0.000238975
-0.0525019	0.746472	780.78	0.24	0.254955	900.313	33.282	39.1142	0.000356836
-0.052491	0.879015	780.78	0.24	0.25473	900.331	33.2595	39.1599	0.000494805
-0.0524785	1.00983	780.78	0.24	0.254463	900.352	33.2274	39.219	0.000653036
-0.0524643	1.13692	780.78	0.24	0.253918	900.376	33.1943	39.2807	0.000827757
-0.0524486	1.25952	780.78	0.24	0.253095	900.403	33.1638	39.3392	0.0010159
-0.0524314	1.37362	780.78	0.24	0.252341	900.432	33.1319	39.4007	0.00120829
-0.0524127	1.48077	780.78	0.24	0.251543	900.465	33.1007	39.4595	0.00140416
-0.0523928	1.58157	780.78	0.24	0.250695	900.499	33.0753	39.5132	0.00160183
-0.0523716	1.67439	780.78	0.24	0.249636	900.536	33.0538	39.5611	0.00179536
-0.0523494	1.7563	780.78	0.24	0.248369	900.576	33.0353	39.608	0.00197533
-0.0523262	1.82581	780.78	0.24	0.246834	900.616	33.0292	39.6393	0.00213477
-0.0523022	1.88305	780.78	0.24	0.245796	900.659	33.0467	39.6455	0.00227073
-0.0522776	1.93266	780.78	0.24	0.244834	900.703	33.0703	39.6447	0.00239195
-0.0522525	1.97418	780.78	0.24	0.244262	900.748	33.0873	39.653	0.00249584
-0.0522268	2.01292	780.78	0.24	0.24399	900.793	33.0974	39.6684	0.00259474
-0.0522007	2.04922	780.78	0.24	0.243893	900.84	33.1031	39.6858	0.00268918
-0.0521741	2.08516	780.78	0.24	0.243634	900.887	33.1124	39.6994	0.00278433
-0.0521471	2.11677	780.78	0.24	0.243011	900.936	33.1212	39.713	0.00286939
-0.0521197	2.14356	780.78	0.24	0.242523	900.985	33.1196	39.7396	0.00294247
-0.0520921	2.16522	780.78	0.24	0.242033	901.034	33.1185	39.7637	0.00300223
-0.0520642	2.18054	780.78	0.24	0.241388	901.084	33.1104	39.7942	0.00304487
-0.0520361	2.19173	780.78	0.24	0.240734	901.135	33.0946	39.8313	0.00307619
-0.052008	2.19642	780.78	0.24	0.239987	901.186	33.0909	39.8549	0.00308938
-0.0519799	2.1932	780.78	0.24	0.239451	901.236	33.0702	39.8957	0.00308033
-0.0519519	2.18847	780.78	0.24	0.239539	901.287	33.0307	39.9535	0.00306708
-0.0519238	2.18992	780.78	0.24	0.240305	901.337	32.9715	40.0411	0.00307112
-0.0518957	2.19694	780.78	0.24	0.240953	901.388	32.9174	40.1152	0.00309084
-0.0518675	2.20971	780.78	0.24	0.2414	901.439	32.8761	40.1754	0.00312689
-0.051839	2.22585	780.78	0.24	0.241694	901.49	32.8422	40.2296	0.00317274
-0.0518104	2.24309	780.78	0.24	0.241814	901.541	32.8135	40.2798	0.00322206
-0.0517815	2.26092	780.78	0.24	0.241847	901.593	32.7976	40.3149	0.0032735
-0.0517523	2.27813	780.78	0.24	0.241726	901.645	32.7829	40.349	0.00332353
-0.051723	2.29425	780.78	0.24	0.241646	901.698	32.7642	40.3889	0.00337073
-0.0516935	2.30894	780.78	0.24	0.24172	901.751	32.7599	40.4123	0.00341402
-0.0516638	2.32637	780.78	0.24	0.241762	901.805	32.7666	40.4222	0.00346577
-0.0516338	2.34258	780.78	0.24	0.241485	901.859	32.7707	40.4366	0.00351423
-0.0516037	2.35607	780.78	0.24	0.241038	901.913	32.7696	40.4533	0.00355482
-0.0515734	2.36327	780.78	0.24	0.240283	901.967	32.7658	40.4732	0.00357657
-0.0515431	2.36363	780.78	0.24	0.23957	902.022	32.7476	40.5092	0.00357766
-0.0515129	2.35798	780.78	0.24	0.238868	902.076	32.7164	40.5587	0.00356057
-0.0514828	2.34327	780.78	0.24	0.238074	902.131	32.6852	40.6043	0.00351631
-0.051453	2.32405	780.78	0.24	0.237377	902.185	32.658	40.6439	0.00345886
-0.0514235	2.29937	780.78	0.24	0.236839	902.238	32.6256	40.6903	0.00338578
-0.0513943	2.27012	780.78	0.24	0.236318	902.291	32.6046	40.7252	0.00330019
-0.0513655	2.23676	780.78	0.24	0.235988	902.344	32.5867	40.7573	0.00320392
-0.0513373	2.19896	780.78	0.24	0.235302	902.395	32.5756	40.7819	0.00309653
-0.0513095	2.15262	780.78	0.24	0.234518	902.446	32.5668	40.7969	0.00296739
-0.0512824	2.10032	780.78	0.24	0.233875	902.495	32.5566	40.8192	0.00282495
-0.0512561	2.04298	780.78	0.24	0.233351	902.544	32.545	40.8389	0.00267282
-0.0512305	1.98174	780.78	0.24	0.23274	902.59	32.5278	40.8695	0.00251498
-0.0512058	1.91395	780.78	0.24	0.232021	902.636	32.5126	40.8992	0.00234587
-0.051182	1.83879	780.78	0.24	0.23126	902.68	32.5011	40.9207	0.00216523
-0.0511592	1.7595	780.78	0.24	0.230972	902.722	32.4955	40.9408	0.00198254
-0.0511374	1.67753	780.78	0.24	0.230773	902.762	32.4829	40.9659	0.00180211
-0.0511167	1.59598	780.78	0.24	0.230912	902.8	32.4494	41.0145	0.00163116
-0.0510971	1.51442	780.78	0.24	0.23098	902.837	32.4167	41.059	0.00146871
-0.0510785	1.43421	780.78	0.24	0.230988	902.871	32.3879	41.0995	0.00131724
-0.0510609	1.35291	780.78	0.24	0.230951	902.904	32.3607	41.1409	0.00117214
-0.0510443	1.27155	780.78	0.24	0.230801	902.935	32.3405	41.1725	0.0010354
-0.0510288	1.18806	780.78	0.24	0.230554	902.964	32.3296	41.1944	0.000903901
-0.0510144	1.10188	780.78	0.24	0.230163	902.991	32.3293	41.2054	0.000777519
-0.0510012	1.01165	780.78	0.24	0.229901	903.016	32.3262	41.2196	0.000655392
-0.0509891	0.920678	780.78	0.24	0.22999	903.039	32.3247	41.2306	0.000542822
-0.0509782	0.831883	780.78	0.24	0.230266	903.059	32.3172	41.2514	0.000443165
-0.0509684	0.744751	780.78	0.24	0.230366	903.078	32.3131	41.2659	0.000355192
-0.0509597	0.656691	780.78	0.24	0.230304	903.095	32.3093	41.2823	0.000276162
-0.0509521	0.568154	780.78	0.24	0.230162	903.109	32.3013	41.2998	0.000206716
-0.0509457	0.479048	780.78	0.24	0.230025	903.122	32.292	41.3182	0.00014696
-0.0509404	0.385441	780.78	0.24	0.229583	903.133	32.2841	41.3373	9.51388e-05
-0.0509364	0.288428	780.78	0.24	0.228927	903.141	32.2764	41.3552	5.3274e-05
-0.0509337	0.184722	780.78	0.24	0.22828	903.147	32.2661	41.3742	2.18513e-05
-0.0509324	0.0755341	780.78	0.24	0.227592	903.151	32.2608	41.386	3.65366e-06
-0.0509325	-0.039743	780.78	0.24	0.226884	903.152	32.257	41.3998	1.01149e-06
-0.0509342	-0.161406	780.78	0.24	0.226309	903.15	32.2651	41.4017	1.66833e-05
-0.0509375	-0.290144	780.78	0.24	0.225616	903.146	32.2764	41.3986	5.39099e-05
-0.0509425	-0.425628	780.78	0.24	0.225189	903.138	32.2744	41.4028	0.000116012
-0.0509492	-0.562159	780.78	0.24	0.224879	903.128	32.2699	41.4183	0.000202376
-0.0509577	-0.701035	780.78	0.24	0.22468	903.114	32.2713	41.4286	0.000314718
-0.0509681	-0.841549	780.78	0.24	0.224502	903.097	32.2944	41.416	0.000453524
-0.0509802	-0.983484	780.78	0.24	0.224255	903.077	32.3267	41.3951	0.000619407
-0.0509942	-1.1291	780.78	0.24	0.223746	903.053	32.3696	41.3622	0.000816411
-0.0510101	-1.27775	780.78	0.24	0.22357	903.026	32.4103	41.3415	0.00104552
-0.0510279	-1.42692	780.78	0.24	0.223747	902.996	32.4603	41.3033	0.0013039
-0.0510476	-1.57524	780.78	0.24	0.223867	902.962	32.5136	41.2634	0.00158904
-0.0510691	-1.72196	780.78	0.24	0.223984	902.925	32.5629	41.231	0.00189884
-0.0510926	-1.86844	780.78	0.24	0.224124	902.884	32.6053	41.199	0.00223564
-0.0511179	-2.01192	780.78	0.24	0.224467	902.84	32.6432	41.1743	0.00259216
-0.051145	-2.15064	780.78	0.24	0.225189	902.793	32.6924	41.1381	0.00296194
-0.0511738	-2.2825	780.78	0.24	0.226048	902.742	32.7486	41.0954	0.00333627
-0.0512043	-2.40791	780.78	0.24	0.226858	902.689	32.8233	41.0355	0.00371298
-0.0512362	-2.52551	780.78	0.24	0.227723	902.632	32.9121	40.9585	0.0040845
-0.0512696	-2.63378	780.78	0.24	0.228671	902.573	33.0062	40.8786	0.00444221
-0.0513043	-2.73435	780.78	0.24	0.229475	902.512	33.1071	40.7929	0.00478795
-0.0513403	-2.82938	780.78	0.24	0.230083	902.448	33.2115	40.7027	0.00512655
-0.0513774	-2.91947	780.78	0.24	0.230637	902.382	33.3148	40.6169	0.0054582
-0.0514156	-3.00366	780.78	0.24	0.231121	902.314	33.4217	40.525	0.00577752
-0.0514548	-3.0857	780.78	0.24	0.231492	902.244	33.5298	40.4306	0.00609746
-0.0514951	-3.16282	780.78	0.24	0.23204	902.172	33.6226	40.3505	0.00640603
-0.0515363	-3.23494	780.78	0.24	0.232748	902.099	33.6943	40.2913	0.00670155
-0.0515783	-3.29745	780.78	0.24	0.233897	902.024	33.7117	40.3015	0.00696303
-0.0516211	-3.34785	780.78	0.24	0.235362	901.947	33.7162	40.3078	0.0071775
-0.0516643	-3.38595	780.78	0.24	0.236836	901.87	33.7263	40.3109	0.00734181
-0.0517079	-3.41169	780.78	0.24	0.237998	901.791	33.7277	40.3235	0.00745383
-0.0517518	-3.42888	780.78	0.24	0.238937	901.712	33.7066	40.3573	0.00752915
-0.0517958	-3.43768	780.78	0.24	0.239521	901.633	33.6694	40.4103	0.00756783
-0.0518399	-3.44712	780.78	0.24	0.240222	901.554	33.6142	40.4629	0.00760944
-0.051884	-3.44207	780.78	0.24	0.241452	901.474	33.5588	40.5322	0.00758717
-0.051928	-3.4271	780.78	0.24	0.24278	901.395	33.5275	40.5772	0.00752132
-0.0519716	-3.39735	780.78	0.24	0.244259	901.316	33.4989	40.6205	0.00739131
-0.0520147	-3.35681	780.78	0.24	0.245274	901.238	33.4692	40.6642	0.00721598
-0.0520572	-3.30822	780.78	0.24	0.245985	901.16	33.4418	40.707	0.00700858
-0.0520991	-3.2563	780.78	0.24	0.24634	901.084	33.4236	40.7387	0.00679034
-0.0521403	-3.20009	780.78	0.24	0.246672	901.009	33.423	40.7543	0.0065579
-0.0521807	-3.1422	780.78	0.24	0.246689	900.936	33.4418	40.7456	0.00632279
-0.0522204	-3.08574	780.78	0.24	0.246655	900.864	33.4746	40.7262	0.0060976
-0.0522593	-3.02594	780.78	0.24	0.247202	900.793	33.4869	40.7286	0.00586355
-0.0522975	-2.9604	780.78	0.24	0.247923	900.723	33.5241	40.698	0.00561233
-0.0523347	-2.88909	780.78	0.24	0.248275	900.656	33.598	40.6331	0.00534518
-0.052371	-2.81875	780.78	0.24	0.248155	900.589	33.712	40.522	0.00508807
-0.0524064	-2.74849	780.78	0.24	0.248352	900.525	33.8348	40.4001	0.00483761
-0.0524409	-2.67258	780.78	0.24	0.249503	900.462	33.9314	40.3083	0.00457406
-0.0524743	-2.58289	780.78	0.24	0.250754	900.401	34.0445	40.197	0.00427223
-0.0525064	-2.48559	780.78	0.24	0.251163	900.342	34.1786	40.071	0.00395641
-0.0525373	-2.38468	780.78	0.24	0.251729	900.285	34.3099	39.9376	0.00364167
-0.0525668	-2.27357	780.78	0.24	0.253261	900.23	34.4048	39.8511	0.00331022
-0.0525947	-2.14872	780.78	0.24	0.254696	900.179	34.5027	39.7509	0.00295665
-0.052621	-2.01315	780.78	0.24	0.255691	900.13	34.5964	39.6577	0.00259534
-0.0526454	-1.87073	780.78	0.24	0.256433	900.084	34.6736	39.5797	0.00224111
-0.0526679	-1.72169	780.78	0.24	0.257082	900.042	34.7363	39.5164	0.00189823
-0.0526885	-1.5661	780.78	0.24	0.257671	900.003	34.7862	39.4676	0.00157065
-0.052707	-1.40747	780.78	0.24	0.258276	899.968	34.8265	39.4232	0.00126858
-0.0527234	-1.23919	780.78	0.24	0.259492	899.937	34.8559	39.3888	0.000983364
-0.0527376	-1.05938	780.78	0.24	0.260711	899.909	34.8694	39.3675	0.000718696
-0.0527493	-0.869792	780.78	0.24	0.26175	899.886	34.8713	39.3611	0.000484476
-0.0527586	-0.669908	780.78	0.24	0.262834	899.867	34.8529	39.3756	0.00028739
-0.0527652	-0.461861	780.78	0.24	0.26411	899.853	34.8267	39.3978	0.000136604
-0.052769	-0.238603	780.78	0.24	0.265666	899.843	34.8017	39.4145	3.64581e-05
-0.0527698	-0.00196542	780.78	0.24	0.266935	899.839	34.7724	39.4321	2.47374e-09
-0.0527674	0.244362	780.78	0.24	0.267825	899.84	34.7281	39.4637	3.82393e-05
-0.0527619	0.495322	780.78	0.24	0.268144	899.847	34.6785	39.5041	0.000157115
-0.0527531	0.749762	780.78	0.24	0.268455	899.86	34.6547	39.5195	0.000359988
-0.0527411	1.00107	780.78	0.24	0.268928	899.879	34.6163	39.5336	0.000641752
-0.0527257	1.26168	780.78	0.24	0.269105	899.904	34.5492	39.5815	0.00101939
-0.0527071	1.52138	780.78	0.24	0.26846	899.934	34.4619	39.6503	0.00148223
-0.0526852	1.77308	780.78	0.24	0.267577	899.971	34.3599	39.7088	0.00201324
-0.0526601	2.02406	780.78	0.24	0.268614	900.013	34.1895	39.8842	0.00262354
-0.0526316	2.28566	780.78	0.24	0.269441	900.061	34.0331	40.0089	0.00334553
-0.0525999	2.53491	780.78	0.24	0.270763	900.115	33.8903	40.1324	0.00411496
-0.0525648	2.81324	780.78	0.24	0.271131	900.175	33.8383	40.1504	0.00506821
-0.0525261	3.09154	780.78	0.24	0.270882	900.242	33.7452	40.2125	0.00612056
-0.0524838	3.36826	780.78	0.24	0.27047	900.315	33.6413	40.2848	0.0072653
-0.052438	3.6426	780.78	0.24	0.270366	900.394	33.5585	40.3301	0.00849698
-0.0523888	3.91752	780.78	0.24	0.270531	900.48	33.4705	40.3766	0.00982799
-0.0523359	4.19327	780.78	0.24	0.270424	900.572	33.3913	40.4141	0.0112602
-0.0522796	4.46719	780.78	0.24	0.270039	900.67	33.3102	40.4535	0.0127794
-0.0522198	4.73507	780.78	0.24	0.269352	900.775	33.2253	40.4929	0.014358
-0.0521566	4.99767	780.78	0.24	0.268663	900.885	33.1363	40.5371	0.0159947
-0.0520902	5.25325	780.78	0.24	0.26786	901.002	33.046	40.5777	0.0176725
-0.0520205	5.50121	780.78	0.24	0.266867	901.125	32.9404	40.6323	0.0193802
-0.0519477	5.74138	780.78	0.24	0.265946	901.253	32.8252	40.6949	0.0211093
-0.0518719	5.97169	780.78	0.24	0.264758	901.387	32.7113	40.7569	0.0228368
-0.0517933	6.19095	780.78	0.24	0.263579	901.526	32.5938	40.821	0.0245446
-0.051712	6.39833	780.78	0.24	0.262144	901.671	32.4832	40.8779	0.0262165
-0.0516282	6.59367	780.78	0.24	0.260647	901.82	32.3884	40.9144	0.0278417
-0.051542	6.77376	780.78	0.24	0.258911	901.973	32.3043	40.9391	0.0293833
-0.0514537	6.93663	780.78	0.24	0.257019	902.13	32.2255	40.9569	0.0308133
-0.0513634	7.08281	780.78	0.24	0.255117	902.292	32.1453	40.9764	0.0321257
-0.0512714	7.21267	780.78	0.24	0.253325	902.456	32.0611	40.9975	0.0333145
-0.0511779	7.32537	780.78	0.24	0.251196	902.624	31.9829	41.0139	0.0343637
-0.0510832	7.41665	780.78	0.24	0.248761	902.794	31.9216	41.0136	0.0352255
-0.0509875	7.48617	780.78	0.24	0.246211	902.966	31.8777	40.9921	0.0358889
-0.0508912	7.53012	780.78	0.24	0.243463	903.139	31.8375	40.9694	0.0363115
-0.0507945	7.55097	780.78	0.24	0.240958	903.313	31.7938	40.9532	0.036513
-0.0506978	7.54975	780.78	0.24	0.238367	903.488	31.757	40.9272	0.0365012
-0.0506013	7.52608	780.78	0.24	0.236096	903.663	31.7261	40.8978	0.0362726
-0.0505053	7.48247	780.78	0.24	0.233785	903.837	31.7092	40.8495	0.0358535
-0.05041	7.41658	780.78	0.24	0.231451	904.01	31.6973	40.7964	0.0352248
-0.0503158	7.33047	780.78	0.24	0.22926	904.181	31.6872	40.7403	0.0344116
-0.0502229	7.22499	780.78	0.24	0.227309	904.35	31.6677	40.6985	0.0334284
-0.0501316	7.10355	780.78	0.24	0.225551	904.517	31.6541	40.6465	0.0323141
-0.0500419	6.96652	780.78	0.24	0.223808	904.681	31.6521	40.5877	0.0310795
-0.0499541	6.81287	780.78	0.24	0.221911	904.842	31.6628	40.5164	0.0297236
-0.0498685	6.64039	780.78	0.24	0.219973	904.998	31.6875	40.4327	0.0282376
-0.0497852	6.45096	780.78	0.24	0.218173	905.151	31.7253	40.3342	0.0266496
-0.0497045	6.2461	780.78	0.24	0.216518	905.3	31.7706	40.2279	0.0249839
-0.0496266	6.02694	780.78	0.24	0.214871	905.443	31.8193	40.1237	0.0232614
-0.0495517	5.79263	780.78	0.24	0.213254	905.582	31.8719	40.0143	0.0214878
-0.0494798	5.54386	780.78	0.24	0.211888	905.715	31.9269	39.9063	0.0196818
-0.0494113	5.28449	780.78	0.24	0.210687	905.842	31.9775	39.8062	0.0178833
-0.0493462	5.01327	780.78	0.24	0.209294	905.963	32.0363	39.6951	0.0160947
-0.0492847	4.72971	780.78	0.24	0.207869	906.078	32.0995	39.5807	0.0143255
-0.049227	4.43417	780.78	0.24	0.206753	906.186	32.16	39.4726	0.0125912
-0.0491731	4.12958	780.78	0.24	0.205907	906.287	32.2305	39.354	0.0109208
-0.0491232	3.81725	780.78	0.24	0.205057	906.381	32.3083	39.23	0.00933131
-0.0490774	3.49538	780.78	0.24	0.204143	906.468	32.3824	39.1165	0.00782404
-0.0490358	3.16747	780.78	0.24	0.203397	906.547	32.4479	39.0083	0.00642489
-0.0489984	2.83194	780.78	0.24	0.202464	906.619	32.509	38.9097	0.00513581
-0.0489654	2.48714	780.78	0.24	0.20147	906.683	32.5705	38.8114	0.00396135
-0.048937	2.1309	780.78	0.24	0.200571	906.738	32.6331	38.7034	0.00290782
-0.0489131	1.76985	780.78	0.24	0.200014	906.786	32.68	38.6197	0.00200592
-0.048894	1.40454	780.78	0.24	0.199583	906.825	32.7228	38.5455	0.0012633
-0.0488795	1.03689	780.78	0.24	0.199404	906.855	32.7692	38.4696	0.000688499
-0.0488698	0.66817	780.78	0.24	0.199386	906.877	32.8147	38.3973	0.000285901
-0.0488647	0.301032	780.78	0.24	0.199824	906.891	32.8444	38.3486	5.80319e-05
-0.0488644	-0.0601455	780.78	0.24	0.200663	906.896	32.8796	38.2891	2.31658e-06
-0.0488685	-0.413508	780.78	0.24	0.201611	906.892	32.9243	38.2229	0.000109499
-0.0488772	-0.757386	780.78	0.24	0.202692	906.88	32.9666	38.16	0.000367346
-0.0488901	-1.09095	780.78	0.24	0.20382	906.861	33.0043	38.1031	0.000762173
-0.0489072	-1.41534	780.78	0.24	0.204976	906.834	33.0405	38.0468	0.0012828
-0.0489283	-1.72808	780.78	0.24	0.206163	906.799	33.0694	38.0025	0.00191235
-0.0489534	-2.03114	780.78	0.24	0.207308	906.757	33.093	37.9651	0.00264193
-0.0489822	-2.32361	780.78	0.24	0.208447	906.708	33.1103	37.9366	0.00345755
-0.0490147	-2.60533	780.78	0.24	0.209683	906.653	33.1117	37.9312	0.00434677
-0.0490507	-2.8768	780.78	0.24	0.210918	906.59	33.0985	37.9332	0.00529981
-0.04909	-3.13667	780.78	0.24	0.212023	906.522	33.0823	37.9423	0.00630056
-0.0491326	-3.38813	780.78	0.24	0.212966	906.448	33.0694	37.9494	0.00735125
-0.0491784	-3.63061	780.78	0.24	0.214053	906.368	33.0687	37.9454	0.00844114
-0.0492271	-3.86282	780.78	0.24	0.215192	906.282	33.0693	37.9388	0.00955542
-0.0492787	-4.08566	780.78	0.24	0.216489	906.191	33.0771	37.9325	0.0106897
-0.0493331	-4.29393	780.78	0.24	0.217862	906.095	33.1048	37.9051	0.0118073
-0.04939	-4.49138	780.78	0.24	0.219156	905.994	33.1416	37.8722	0.0129181
-0.0494493	-4.67633	780.78	0.24	0.220701	905.889	33.1848	37.8321	0.014004
-0.0495108	-4.84634	780.78	0.24	0.222298	905.779	33.2265	37.7938	0.0150407
-0.0495744	-5.00227	780.78	0.24	0.223921	905.666	33.2572	37.7683	0.0160242
-0.0496399	-5.14304	780.78	0.24	0.225493	905.549	33.2787	37.7551	0.0169387
-0.049707	-5.26968	780.78	0.24	0.226976	905.429	33.2972	37.7448	0.0177832
-0.0497756	-5.38359	780.78	0.24	0.228299	905.306	33.3032	37.7492	0.0185603
-0.0498455	-5.48561	780.78	0.24	0.22969	905.181	33.2965	37.7646	0.0192704
-0.0499166	-5.5755	780.78	0.24	0.231041	905.053	33.2756	37.7968	0.0199071
-0.0499888	-5.65394	780.78	0.24	0.232223	904.923	33.2482	37.8376	0.0204712
-0.0500619	-5.72197	780.78	0.24	0.233222	904.792	33.2097	37.8898	0.0209668
-0.0501358	-5.7831	780.78	0.24	0.234118	904.659	33.1777	37.9327	0.0214172
-0.0502103	-5.83464	780.78	0.24	0.235096	904.524	33.1418	37.981	0.0218007
-0.0502855	-5.87694	780.78	0.24	0.236027	904.389	33.1004	38.0375	0.0221179
-0.0503611	-5.91283	780.78	0.24	0.236549	904.253	33.0582	38.0961	0.0223888
-0.0504371	-5.94588	780.78	0.24	0.236775	904.116	33.0173	38.1512	0.0226399
-0.0505136	-5.9763	780.78	0.24	0.237033	903.978	32.9815	38.2022	0.0228721
-0.0505904	-6.0043	780.78	0.24	0.237335	903.839	32.9478	38.2541	0.0230869
-0.0506675	-6.02966	780.78	0.24	0.237767	903.7	32.9231	38.2951	0.0232824
-0.0507449	-6.05226	780.78	0.24	0.238329	903.56	32.9064	38.3295	0.0234572
-0.0508226	-6.06899	780.78	0.24	0.23888	903.42	32.9024	38.3517	0.0235871
-0.0509004	-6.07947	780.78	0.24	0.23934	903.28	32.9102	38.3674	0.0236686
-0.0509784	-6.08635	780.78	0.24	0.239827	903.139	32.9287	38.3675	0.0237222
-0.0510563	-6.08852	780.78	0.24	0.240411	902.998	32.9489	38.3684	0.0237392
-0.0511343	-6.08578	780.78	0.24	0.24087	902.857	32.9764	38.3619	0.0237178
-0.0512122	-6.07887	780.78	0.24	0.241429	902.717	33.0122	38.3486	0.0236639
-0.0512899	-6.06415	780.78	0.24	0.242367	902.576	33.0409	38.3444	0.0235495
-0.0513673	-6.04071	780.78	0.24	0.243653	902.436	33.0588	38.3531	0.0233678
-0.0514444	-6.00353	780.78	0.24	0.245181	902.297	33.0714	38.3625	0.023081
-0.0515208	-5.9525	780.78	0.24	0.246719	902.158	33.0876	38.3662	0.0226903
-0.0515964	-5.88912	780.78	0.24	0.248195	902.021	33.1124	38.3567	0.0222097
-0.0516711	-5.81069	780.78	0.24	0.249927	901.885	33.1296	38.3624	0.0216221
-0.0517446	-5.71549	780.78	0.24	0.25182	901.752	33.1449	38.3668	0.0209194
-0.0518168	-5.60393	780.78	0.24	0.253699	901.62	33.1648	38.3682	0.0201107
-0.0518873	-5.47312	780.78	0.24	0.255825	901.492	33.184	38.3657	0.0191828
-0.051956	-5.32413	780.78	0.24	0.257897	901.366	33.2007	38.3685	0.0181526
-0.0520226	-5.15666	780.78	0.24	0.260185	901.244	33.2271	38.3648	0.0170286
-0.0520869	-4.9665	780.78	0.24	0.262551	901.126	33.2622	38.3466	0.0157958
-0.0521485	-4.75587	780.78	0.24	0.264794	901.013	33.2844	38.3415	0.0144844
-0.0522072	-4.52507	780.78	0.24	0.267089	900.904	33.2945	38.3499	0.0131127
-0.0522628	-4.27471	780.78	0.24	0.269187	900.801	33.2972	38.3642	0.0117018
-0.0523149	-4.00613	780.78	0.24	0.271293	900.704	33.2976	38.3731	0.0102776
-0.0523635	-3.71745	780.78	0.24	0.273343	900.613	33.2844	38.3937	0.00884976
-0.0524082	-3.41	780.78	0.24	0.275259	900.529	33.2452	38.4437	0.00744649
-0.0524488	-3.08717	780.78	0.24	0.276741	900.452	33.1857	38.5137	0.00610325
-0.0524851	-2.75331	780.78	0.24	0.277731	900.383	33.1076	38.5993	0.00485459
-0.0525171	-2.41285	780.78	0.24	0.278205	900.322	33.0161	38.6957	0.00372821
-0.0525447	-2.0729	780.78	0.24	0.278562	900.268	32.9274	38.7905	0.00275168
-0.052568	-1.72574	780.78	0.24	0.278772	900.222	32.8435	38.8753	0.00190717
-0.0525867	-1.37792	780.78	0.24	0.278751	900.184	32.7735	38.9397	0.00121588
-0.052601	-1.02903	780.78	0.24	0.278994	900.155	32.7037	39.0053	0.000678103
-0.0526108	-0.679166	780.78	0.24	0.278811	900.133	32.6269	39.0762	0.000295388
-0.0526162	-0.335034	780.78	0.24	0.278218	900.119	32.5522	39.1435	7.1882e-05
-0.0526172	0.00537086	780.78	0.24	0.277767	900.113	32.4817	39.2031	1.84727e-08
-0.0526139	0.34268	780.78	0.24	0.277509	900.116	32.4101	39.2617	7.52002e-05
-0.0526063	0.677936	780.78	0.24	0.277099	900.125	32.3542	39.3021	0.000294319
-0.0525944	1.00922	780.78	0.24	0.276561	900.143	32.3093	39.3271	0.000652243
-0.0525783	1.3344	780.78	0.24	0.275739	900.168	32.2718	39.3436	0.00114028
-0.0525582	1.6527	780.78	0.24	0.275054	900.201	32.2283	39.3642	0.00174917
-0.052534	1.96511	780.78	0.24	0.274625	900.241	32.1753	39.4019	0.00247296
-0.0525058	2.27534	780.78	0.24	0.274128	900.288	32.122	39.4296	0.00331539
-0.0524738	2.57918	780.78	0.24	0.273183	900.342	32.0674	39.4565	0.00425994
-0.0524379	2.87159	780.78	0.24	0.271864	900.403	32.0149	39.4805	0.00528062
-0.0523984	3.15319	780.78	0.24	0.270718	900.471	31.97	39.4945	0.00636708
-0.0523554	3.42482	780.78	0.24	0.269472	900.545	31.9354	39.4948	0.00751131
-0.052309	3.68473	780.78	0.24	0.268199	900.626	31.8994	39.4942	0.00869467
-0.0522594	3.93458	780.78	0.24	0.267262	900.712	31.8608	39.4938	0.00991376
-0.0522067	4.17552	780.78	0.24	0.266155	900.805	31.816	39.4978	0.0111651
-0.052151	4.40671	780.78	0.24	0.264848	900.902	31.7697	39.5077	0.0124357
-0.0520924	4.62424	780.78	0.24	0.263347	901.005	31.7192	39.5148	0.0136938
-0.0520312	4.82883	780.78	0.24	0.261662	901.113	31.6693	39.5211	0.0149322
-0.0519675	5.01703	780.78	0.24	0.259819	901.226	31.6248	39.5222	0.0161189
-0.0519016	5.18455	780.78	0.24	0.258069	901.343	31.5963	39.5043	0.0172132
-0.0518337	5.34013	780.78	0.24	0.255983	901.463	31.584	39.4744	0.0182618
-0.051764	5.47438	780.78	0.24	0.25363	901.588	31.5949	39.4102	0.0191916
-0.0516927	5.59246	780.78	0.24	0.252186	901.715	31.5682	39.3945	0.0200285
-0.0516201	5.70016	780.78	0.24	0.251172	901.845	31.5239	39.3967	0.0208073
-0.0515461	5.79636	780.78	0.24	0.249736	901.977	31.4979	39.3757	0.0215155
-0.0514711	5.8793	780.78	0.24	0.248459	902.111	31.4695	39.3659	0.0221357
-0.0513951	5.95251	780.78	0.24	0.247704	902.248	31.4449	39.3405	0.0226903
-0.0513182	6.01997	780.78	0.24	0.246694	902.386	31.4342	39.3037	0.0232076
-0.0512405	6.07537	780.78	0.24	0.245132	902.525	31.4346	39.2581	0.0236367
-0.0511623	6.11297	780.78	0.24	0.243216	902.666	31.4577	39.188	0.0239302
-0.0510838	6.13592	780.78	0.24	0.24157	902.807	31.4961	39.0993	0.0241102
-0.0510051	6.14348	780.78	0.24	0.239752	902.949	31.5525	38.9937	0.0241697
-0.0509265	6.13475	780.78	0.24	0.238133	903.091	31.6007	38.9081	0.024101
-0.0508481	6.11284	780.78	0.24	0.236557	903.233	31.6507	38.8108	0.0239291
-0.0507702	6.07386	780.78	0.24	0.234668	903.374	31.7024	38.7138	0.023625
-0.0506929	6.01864	780.78	0.24	0.232558	903.515	31.7521	38.6187	0.0231973
-0.0506165	5.9428	780.78	0.24	0.230609	903.654	31.7807	38.5562	0.0226164
-0.0505412	5.85134	780.78	0.24	0.228854	903.791	31.8017	38.4911	0.0219256
-0.0504673	5.74396	780.78	0.24	0.226954	903.926	31.806	38.4434	0.0211283
-0.0503949	5.6194	780.78	0.24	0.225511	904.058	31.8311	38.3793	0.0202219
-0.0503242	5.48342	780.78	0.24	0.223925	904.187	31.864	38.3069	0.019255
-0.0502555	5.32925	780.78	0.24	0.221997	904.313	31.8767	38.2508	0.0181875
-0.0501888	5.15936	780.78	0.24	0.220038	904.436	31.8617	38.2275	0.0170464
-0.0501245	4.97304	780.78	0.24	0.218448	904.554	31.8386	38.2038	0.0158374
-0.0500627	4.77246	780.78	0.24	0.217052	904.669	31.8336	38.1762	0.0145857
-0.0500037	4.5504	780.78	0.24	0.215851	904.778	31.841	38.1125	0.0132599
-0.0499475	4.33042	780.78	0.24	0.215294	904.882	31.8565	38.0569	0.0120089
-0.0498942	4.10355	780.78	0.24	0.214168	904.981	31.8644	38.0148	0.0107835
-0.049844	3.86236	780.78	0.24	0.212674	905.075	31.836	38.018	0.00955315
-0.0497969	3.60757	780.78	0.24	0.210808	905.163	31.7718	38.0547	0.00833434
-0.0497533	3.33667	780.78	0.24	0.20901	905.245	31.716	38.0831	0.00712964
-0.0497133	3.04745	780.78	0.24	0.206972	905.321	31.6606	38.1153	0.00594723
-0.0496772	2.74289	780.78	0.24	0.205504	905.39	31.6288	38.1234	0.00481792
-0.0496451	2.42395	780.78	0.24	0.203819	905.452	31.5863	38.1444	0.00376261
-0.0496173	2.0885	780.78	0.24	0.201925	905.506	31.5408	38.1702	0.00279325
-0.0495939	1.73338	780.78	0.24	0.200254	905.553	31.4956	38.2013	0.00192411
-0.0495752	1.36794	780.78	0.24	0.199251	905.591	31.4586	38.2291	0.00119833
-0.0495612	0.996002	780.78	0.24	0.198568	905.62	31.4302	38.2433	0.000635275
-0.0495521	0.615961	780.78	0.24	0.197847	905.641	31.4032	38.2577	0.000242967
-0.0495479	0.231196	780.78	0.24	0.197278	905.653	31.3756	38.2767	3.42297e-05
-0.0495487	-0.15831	780.78	0.24	0.196809	905.656	31.3475	38.2969	1.60493e-05
-0.0495545	-0.552672	780.78	0.24	0.196346	905.65	31.3273	38.3118	0.000195604
-0.0495654	-0.950722	780.78	0.24	0.195898	905.635	31.3163	38.317	0.000578826
-0.0495814	-1.35212	780.78	0.24	0.195737	905.611	31.3027	38.3331	0.00117078
-0.0496026	-1.75387	780.78	0.24	0.195928	905.577	31.2859	38.3461	0.00196986
-0.0496289	-2.15245	780.78	0.24	0.196275	905.534	31.2762	38.3573	0.00296692
-0.0496602	-2.54918	780.78	0.24	0.196481	905.482	31.2755	38.3622	0.00416143
-0.0496967	-2.94341	780.78	0.24	0.196847	905.421	31.279	38.3637	0.0055481
-0.0497381	-3.33514	780.78	0.24	0.197114	905.35	31.2896	38.3594	0.00712309
-0.0497846	-3.7268	780.78	0.24	0.197312	905.271	31.3089	38.3479	0.00889432
-0.049836	-4.11377	780.78	0.24	0.197746	905.182	31.3383	38.3288	0.0108373
-0.0498924	-4.49691	780.78	0.24	0.198199	905.084	31.3787	38.3	0.01295
-0.0499537	-4.87784	780.78	0.24	0.19879	904.978	31.4122	38.2632	0.0152369
-0.0500197	-5.25089	780.78	0.24	0.199898	904.863	31.4304	38.2516	0.0176566
-0.0500904	-5.60963	780.78	0.24	0.201546	904.739	31.4382	38.2611	0.0201516
-0.0501656	-5.95266	780.78	0.24	0.203313	904.607	31.4531	38.2666	0.0226915
-0.050245	-6.27971	780.78	0.24	0.205087	904.467	31.4655	38.2778	0.0252534
-0.0503284	-6.59001	780.78	0.24	0.207017	904.32	31.4752	38.293	0.0278108
-0.0504156	-6.88282	780.78	0.24	0.209124	904.165	31.4872	38.3046	0.0303371
-0.0505064	-7.15417	780.78	0.24	0.211712	904.004	31.4848	38.3396	0.0327763
-0.0506005	-7.40239	780.78	0.24	0.214407	903.837	31.4763	38.3777	0.0350901
-0.0506974	-7.6247	780.78	0.24	0.217297	903.664	31.4677	38.4181	0.0372294
-0.050797	-7.82056	780.78	0.24	0.220419	903.487	31.4639	38.456	0.0391667
-0.0508988	-7.9871	780.78	0.24	0.223807	903.305	31.4663	38.49	0.0408526
-0.0510024	-8.12299	780.78	0.24	0.227226	903.119	31.4711	38.5205	0.0422545
-0.0511075	-8.22769	780.78	0.24	0.230553	902.931	31.481	38.5477	0.0433508
-0.0512136	-8.30391	780.78	0.24	0.233763	902.74	31.4954	38.5726	0.0441577
-0.0513205	-8.35243	780.78	0.24	0.236882	902.547	31.5132	38.5927	0.0446753
-0.0514277	-8.37086	780.78	0.24	0.240203	902.354	31.5287	38.6165	0.0448726
-0.0515348	-8.35919	780.78	0.24	0.243514	902.161	31.5464	38.6405	0.0447476
-0.0516415	-8.31731	780.78	0.24	0.246748	901.968	31.5723	38.6538	0.0443004
-0.0517474	-8.24693	780.78	0.24	0.249829	901.776	31.6044	38.6632	0.0435538
-0.0518521	-8.14999	780.78	0.24	0.252676	901.586	31.6377	38.671	0.0425359
-0.0519553	-8.02798	780.78	0.24	0.255444	901.398	31.6696	38.6806	0.0412719
-0.0520568	-7.88067	780.78	0.24	0.258338	901.214	31.6949	38.6974	0.0397711
-0.0521561	-7.708	780.78	0.24	0.261101	901.033	31.7128	38.7192	0.0380474
-0.0522529	-7.51068	780.78	0.24	0.263795	900.856	31.7262	38.745	0.0361243
-0.052347	-7.28862	780.78	0.24	0.26644	900.684	31.738	38.773	0.0340198
-0.052438	-7.04399	780.78	0.24	0.268855	900.517	31.7516	38.796	0.0317745
-0.0525257	-6.77812	780.78	0.24	0.271135	900.356	31.7647	38.8199	0.0294212
-0.0526098	-6.49303	780.78	0.24	0.273078	900.202	31.7831	38.8368	0.0269983
-0.0526901	-6.19187	780.78	0.24	0.274803	900.054	31.805	38.8423	0.0245519
-0.0527663	-5.87501	780.78	0.24	0.276611	899.913	31.8174	38.8597	0.0221034
-0.0528384	-5.54082	780.78	0.24	0.278344	899.779	31.8267	38.8792	0.0196602
-0.052906	-5.19252	780.78	0.24	0.279755	899.654	31.8317	38.9026	0.0172662
-0.0529691	-4.83293	780.78	0.24	0.280986	899.536	31.8232	38.9411	0.0149576
-0.0530274	-4.46305	780.78	0.24	0.282023	899.427	31.8117	38.9767	0.0127557
-0.053081	-4.08372	780.78	0.24	0.282839	899.326	31.809	39.0018	0.0106795
-0.0531296	-3.69784	780.78	0.24	0.283524	899.234	31.812	39.0175	0.00875663
-0.0531732	-3.30696	780.78	0.24	0.283965	899.151	31.8193	39.0252	0.00700324
-0.0532117	-2.91303	780.78	0.24	0.284103	899.077	31.8323	39.0265	0.00543414
-0.0532452	-2.51987	780.78	0.24	0.283948	899.013	31.8562	39.012	0.00406627
-0.0532737	-2.12652	780.78	0.24	0.283811	898.957	31.8823	38.9971	0.00289589
-0.0532972	-1.7344	780.78	0.24	0.283621	898.91	31.9161	38.9651	0.00192637
-0.0533157	-1.34508	780.78	0.24	0.283316	898.872	31.9445	38.9392	0.00115861
-0.0533292	-0.958372	780.78	0.24	0.283112	898.844	31.9525	38.9307	0.000588179
-0.0533377	-0.573086	780.78	0.24	0.282923	898.824	31.9552	38.9261	0.00021032
-0.0533414	-0.189603	780.78	0.24	0.282855	898.813	31.9637	38.9122	2.30213e-05
-0.0533401	0.19612	780.78	0.24	0.28296	898.811	31.967	38.9038	2.46312e-05
-0.0533339	0.581074	780.78	0.24	0.282805	898.818	31.9756	38.8869	0.000216224
-0.0533228	0.966115	780.78	0.24	0.282863	898.833	31.9875	38.8635	0.000597722
-0.0533067	1.35076	780.78	0.24	0.282686	898.858	32.0043	38.8316	0.00116842
-0.0532857	1.73208	780.78	0.24	0.282046	898.891	32.0254	38.7936	0.00192122
-0.0532599	2.10585	780.78	0.24	0.280973	898.933	32.0497	38.7498	0.00283984
-0.0532295	2.46857	780.78	0.24	0.27962	898.984	32.0762	38.7017	0.00390242
-0.0531944	2.81977	780.78	0.24	0.278274	899.042	32.103	38.652	0.00509176
-0.0531551	3.1591	780.78	0.24	0.2769	899.109	32.1248	38.603	0.00639099
-0.0531114	3.48602	780.78	0.24	0.275425	899.184	32.1347	38.5663	0.00778216
-0.0530638	3.79795	780.78	0.24	0.273589	899.266	32.1446	38.5262	0.00923721
-0.0530123	4.09362	780.78	0.24	0.271743	899.355	32.1459	38.4983	0.0107314
-0.0529571	4.3719	780.78	0.24	0.269815	899.451	32.15	38.4621	0.01224
-0.0528986	4.63264	780.78	0.24	0.267811	899.554	32.1629	38.4145	0.0137436
-0.0528369	4.87472	780.78	0.24	0.265678	899.662	32.1865	38.3554	0.0152174
-0.0527723	5.09763	780.78	0.24	0.263623	899.776	32.2127	38.2921	0.016641
-0.052705	5.30403	780.78	0.24	0.261651	899.894	32.2403	38.2274	0.0180158
-0.0526353	5.49092	780.78	0.24	0.259431	900.018	32.2694	38.1607	0.0193077
-0.0525633	5.65884	780.78	0.24	0.257259	900.145	32.3059	38.0856	0.0205067
-0.0524894	5.80729	780.78	0.24	0.255065	900.277	32.3379	38.016	0.0215967
-0.0524138	5.93361	780.78	0.24	0.252745	900.411	32.3682	37.9466	0.0225465
-0.0523367	6.04091	780.78	0.24	0.250897	900.549	32.4116	37.865	0.0233693
-0.0522584	6.13472	780.78	0.24	0.249387	900.689	32.4581	37.7788	0.0241007
-0.0521791	6.21412	780.78	0.24	0.247653	900.831	32.4993	37.6973	0.0247287
-0.0520989	6.278	780.78	0.24	0.245808	900.975	32.5366	37.6197	0.0252397
-0.052018	6.32448	780.78	0.24	0.24383	901.12	32.5743	37.541	0.0256148
-0.0519367	6.35367	780.78	0.24	0.242112	901.266	32.6045	37.4756	0.0258518
-0.0518552	6.36814	780.78	0.24	0.240451	901.413	32.6152	37.4257	0.0259697
-0.0517736	6.36835	780.78	0.24	0.238898	901.56	32.6134	37.3898	0.0259714
-0.0516922	6.35432	780.78	0.24	0.237376	901.707	32.6071	37.3574	0.0258571
-0.051611	6.32516	780.78	0.24	0.235667	901.854	32.5952	37.3302	0.0256203
-0.0515304	6.2792	780.78	0.24	0.233933	901.999	32.576	37.3084	0.0252493
-0.0514506	6.21946	780.78	0.24	0.23229	902.144	32.5509	37.2998	0.0247712
-0.0513716	6.14435	780.78	0.24	0.230632	902.288	32.5227	37.2941	0.0241765
-0.0512938	6.05367	780.78	0.24	0.228916	902.429	32.485	37.2991	0.0234682
-0.0512172	5.94821	780.78	0.24	0.227064	902.569	32.4499	37.2971	0.0226576
-0.0511422	5.82431	780.78	0.24	0.224961	902.705	32.4105	37.3026	0.0217236
-0.051069	5.6809	780.78	0.24	0.222765	902.839	32.3577	37.3259	0.0206669
-0.0509978	5.51814	780.78	0.24	0.220879	902.97	32.2854	37.3963	0.0194996
-0.0509288	5.33996	780.78	0.24	0.218986	903.096	32.2124	37.4424	0.0182607
-0.0508623	5.14456	780.78	0.24	0.21711	903.219	32.18	37.4476	0.0169487
-0.0507984	4.92536	780.78	0.24	0.215029	903.337	32.1765	37.4025	0.0155352
-0.0507376	4.69235	780.78	0.24	0.214147	903.449	32.1009	37.4212	0.0141001
-0.0506797	4.46011	780.78	0.24	0.214084	903.557	32.0211	37.4704	0.0127389
-0.0506248	4.22351	780.78	0.24	0.213293	903.658	32.0116	37.4577	0.0114232
-0.0505731	3.97982	780.78	0.24	0.212348	903.755	31.9927	37.462	0.010143
-0.0505245	3.72576	780.78	0.24	0.211118	903.846	31.9684	37.471	0.00888937
-0.0504794	3.46039	780.78	0.24	0.209855	903.93	31.9341	37.4898	0.00766817
-0.0504377	3.18498	780.78	0.24	0.208795	904.009	31.9044	37.5032	0.00649612
-0.0503996	2.89919	780.78	0.24	0.207782	904.081	31.872	37.5208	0.00538262
-0.0503653	2.60437	780.78	0.24	0.206771	904.146	31.8322	37.5519	0.00434356
-0.0503349	2.30032	780.78	0.24	0.20577	904.205	31.7774	37.5988	0.00338858
-0.0503084	1.98665	780.78	0.24	0.20463	904.256	31.715	37.6554	0.00252746
-0.0502861	1.66172	780.78	0.24	0.203391	904.301	31.6487	37.719	0.00176831
-0.050268	1.32375	780.78	0.24	0.20198	904.337	31.5953	37.7691	0.00112216
-0.0502544	0.970742	780.78	0.24	0.20092	904.366	31.541	37.8063	0.000603461
-0.0502454	0.616307	780.78	0.24	0.20073	904.386	31.4643	37.887	0.000243241
-0.0502409	0.259918	780.78	0.24	0.200487	904.399	31.3864	37.9692	4.32627e-05
-0.050241	-0.100214	780.78	0.24	0.199999	904.403	31.3167	38.0465	6.43134e-06
-0.0502458	-0.464603	780.78	0.24	0.199591	904.398	31.2647	38.1069	0.000138231
-0.0502553	-0.833516	780.78	0.24	0.199124	904.385	31.2265	38.1545	0.000444906
-0.0502695	-1.20681	780.78	0.24	0.198715	904.364	31.2015	38.1933	0.000932655
-0.0502886	-1.582	780.78	0.24	0.198542	904.334	31.1877	38.2208	0.00160271
-0.0503125	-1.96094	780.78	0.24	0.198263	904.295	31.196	38.2277	0.00246246
-0.0503412	-2.34159	780.78	0.24	0.198126	904.247	31.2273	38.2128	0.00351127
-0.0503749	-2.72103	780.78	0.24	0.198369	904.191	31.2671	38.1926	0.00474141
-0.0504133	-3.0985	780.78	0.24	0.198712	904.126	31.3165	38.1642	0.00614813
-0.0504566	-3.47165	780.78	0.24	0.199289	904.052	31.3756	38.129	0.00771814
-0.0505046	-3.84038	780.78	0.24	0.199783	903.969	31.4347	38.095	0.00944472
-0.0505573	-4.20474	780.78	0.24	0.200521	903.878	31.4815	38.0764	0.0113219
-0.0506146	-4.56148	780.78	0.24	0.201287	903.779	31.5159	38.0732	0.0133246
-0.0506764	-4.91706	780.78	0.24	0.202244	903.671	31.5749	38.0385	0.0154829
-0.0507426	-5.25581	780.78	0.24	0.203729	903.555	31.654	37.9891	0.0176897
-0.0508131	-5.58138	780.78	0.24	0.205185	903.432	31.7332	37.9421	0.0199492
-0.0508876	-5.89199	780.78	0.24	0.2071	903.301	31.7877	37.9226	0.0222313
-0.0509658	-6.18339	780.78	0.24	0.209586	903.163	31.8079	37.9444	0.0244847
-0.0510476	-6.45408	780.78	0.24	0.212023	903.018	31.8261	37.9658	0.0266754
-0.0511327	-6.69907	780.78	0.24	0.214919	902.867	31.8581	37.9709	0.0287389
-0.0512206	-6.91985	780.78	0.24	0.217338	902.711	31.8808	37.9943	0.0306644
-0.0513112	-7.1192	780.78	0.24	0.219828	902.55	31.8874	38.0371	0.0324566
-0.0514041	-7.29425	780.78	0.24	0.222725	902.384	31.8989	38.0758	0.0340724
-0.0514989	-7.44181	780.78	0.24	0.22586	902.215	31.9079	38.1203	0.0354648
-0.0515954	-7.56072	780.78	0.24	0.229149	902.042	31.9114	38.1689	0.0366073
-0.0516931	-7.64954	780.78	0.24	0.232551	901.867	31.9174	38.2168	0.0374725
-0.0517917	-7.70748	780.78	0.24	0.235879	901.69	31.9265	38.2622	0.0380422
-0.0518907	-7.73637	780.78	0.24	0.239009	901.512	31.9335	38.3119	0.0383279
-0.0519898	-7.73829	780.78	0.24	0.241907	901.333	31.9433	38.3575	0.038347
-0.0520887	-7.71545	780.78	0.24	0.244714	901.154	31.9373	38.4315	0.038121
-0.0521871	-7.66587	780.78	0.24	0.247608	900.977	31.9064	38.5205	0.0376326
-0.0522846	-7.59217	780.78	0.24	0.250176	900.8	31.8773	38.6069	0.0369125
-0.0523809	-7.49604	780.78	0.24	0.252518	900.625	31.8509	38.6908	0.0359836
-0.0524758	-7.37802	780.78	0.24	0.254968	900.453	31.8239	38.7789	0.0348595
-0.052569	-7.2388	780.78	0.24	0.257358	900.284	31.7968	38.8654	0.0335563
-0.0526602	-7.0785	780.78	0.24	0.259528	900.118	31.7751	38.9454	0.0320866
-0.0527491	-6.90018	780.78	0.24	0.261417	899.956	31.7569	39.0198	0.0304903
-0.0528356	-6.70569	780.78	0.24	0.262975	899.798	31.7387	39.0944	0.0287958
-0.0529195	-6.49945	780.78	0.24	0.264311	899.644	31.7314	39.1531	0.0270517
-0.0530007	-6.28003	780.78	0.24	0.265597	899.496	31.7294	39.2101	0.025256
-0.0530789	-6.05203	780.78	0.24	0.266604	899.352	31.7297	39.2625	0.0234555
-0.0531541	-5.81245	780.78	0.24	0.267804	899.214	31.7324	39.3081	0.0216351
-0.0532262	-5.56291	780.78	0.24	0.268968	899.082	31.7441	39.3484	0.0198174
-0.0532949	-5.30186	780.78	0.24	0.270284	898.955	31.7663	39.3752	0.0180011
-0.0533602	-5.02892	780.78	0.24	0.271659	898.835	31.7955	39.3961	0.0161954
-0.0534219	-4.74202	780.78	0.24	0.273097	898.721	31.8325	39.4043	0.0144002
-0.0534797	-4.44247	780.78	0.24	0.274402	898.613	31.8751	39.4082	0.0126383
-0.0535336	-4.1319	780.78	0.24	0.275503	898.513	31.9261	39.3998	0.0109331
-0.0535835	-3.81135	780.78	0.24	0.276561	898.42	31.9787	39.3923	0.00930249
-0.0536291	-3.48216	780.78	0.24	0.277559	898.334	32.0396	39.3691	0.00776495
-0.0536705	-3.14356	780.78	0.24	0.278404	898.256	32.1079	39.338	0.00632828
-0.0537074	-2.79733	780.78	0.24	0.279284	898.185	32.1721	39.3148	0.00501105
-0.0537399	-2.44385	780.78	0.24	0.280002	898.123	32.2367	39.284	0.00382465
-0.0537677	-2.08341	780.78	0.24	0.28065	898.069	32.2996	39.253	0.00277967
-0.0537909	-1.71925	780.78	0.24	0.280989	898.023	32.3696	39.214	0.00189286
-0.0538094	-1.35094	780.78	0.24	0.281356	897.985	32.4506	39.1624	0.00116872
-0.0538231	-0.980012	780.78	0.24	0.281541	897.956	32.5316	39.1089	0.000615041
-0.0538321	-0.607109	780.78	0.24	0.281637	897.936	32.6133	39.0496	0.000236034
-0.0538363	-0.234552	780.78	0.24	0.281504	897.924	32.6921	38.9924	3.52305e-05
-0.0538357	0.136802	780.78	0.24	0.281315	897.921	32.7652	38.9454	1.19847e-05
-0.0538304	0.506577	780.78	0.24	0.28101	897.926	32.8265	38.9007	0.000164336
-0.0538204	0.872572	780.78	0.24	0.280358	897.94	32.8821	38.86	0.000487578
-0.0538058	1.2315	780.78	0.24	0.279366	897.962	32.9313	38.8217	0.000971196
-0.0537866	1.57921	780.78	0.24	0.278004	897.993	32.9737	38.7897	0.00159706
-0.0537632	1.91492	780.78	0.24	0.276668	898.031	33.013	38.7592	0.00234824
-0.0537355	2.23806	780.78	0.24	0.275205	898.077	33.0501	38.7261	0.00320763
-0.0537038	2.54886	780.78	0.24	0.273583	898.13	33.0863	38.6946	0.00416037
-0.0536683	2.84413	780.78	0.24	0.271817	898.191	33.108	38.6798	0.00518013
-0.0536292	3.12347	780.78	0.24	0.269891	898.258	33.1266	38.6649	0.00624766
-0.0535867	3.38421	780.78	0.24	0.267707	898.331	33.1496	38.6436	0.00733426
-0.053541	3.62263	780.78	0.24	0.265433	898.41	33.1754	38.616	0.00840408
-0.0534925	3.84351	780.78	0.24	0.263808	898.495	33.1943	38.5974	0.00946012
-0.0534412	4.05327	780.78	0.24	0.262997	898.585	33.2021	38.5875	0.0105209
-0.0533873	4.26223	780.78	0.24	0.262769	898.679	33.1981	38.5904	0.0116336
-0.0533307	4.46962	780.78	0.24	0.262586	898.778	33.1867	38.5999	0.0127933
-0.0532715	4.67492	780.78	0.24	0.262295	898.883	33.1669	38.616	0.0139955
-0.0532097	4.87633	780.78	0.24	0.261706	898.991	33.1424	38.6354	0.0152275
-0.0531454	5.07244	780.78	0.24	0.2612	899.105	33.1165	38.6559	0.0164769
-0.0530786	5.26381	780.78	0.24	0.26047	899.223	33.0907	38.6762	0.0177436
-0.0530094	5.44924	780.78	0.24	0.259917	899.345	33.0713	38.6851	0.0190158
-0.0529378	5.62931	780.78	0.24	0.259013	899.472	33.0285	38.7195	0.0202932
-0.0528641	5.79943	780.78	0.24	0.257672	899.602	32.9582	38.7826	0.0215383
-0.0527883	5.95456	780.78	0.24	0.255807	899.737	32.8585	38.8746	0.022706
-0.0527108	6.0894	780.78	0.24	0.253473	899.875	32.7491	38.9867	0.023746
-0.0526316	6.20621	780.78	0.24	0.251606	900.016	32.6613	39.0711	0.0246657
-0.0525511	6.3091	780.78	0.24	0.249961	900.16	32.5847	39.1389	0.0254904
-0.0524695	6.39632	780.78	0.24	0.248186	900.306	32.5135	39.2015	0.0262
-0.0523869	6.46775	780.78	0.24	0.246511	900.454	32.4322	39.2739	0.0267885
-0.0523035	6.52253	780.78	0.24	0.24485	900.603	32.3523	39.3497	0.0272442
-0.0522196	6.56343	780.78	0.24	0.243146	900.754	32.2939	39.4027	0.0275869
-0.0521353	6.5843	780.78	0.24	0.24127	900.906	32.2473	39.4563	0.0277626
-0.0520508	6.59357	780.78	0.24	0.239526	901.058	32.1894	39.5109	0.0278409
-0.0519665	6.58382	780.78	0.24	0.237315	901.21	32.1085	39.5852	0.0277585
-0.0518824	6.55467	780.78	0.24	0.235033	901.362	32.0856	39.602	0.0275134
-0.0517989	6.5044	780.78	0.24	0.232702	901.513	32.0472	39.6286	0.0270929
-0.0517163	6.43721	780.78	0.24	0.231367	901.663	31.9549	39.7232	0.0265361
-0.0516346	6.36084	780.78	0.24	0.230332	901.811	31.8518	39.8224	0.0259102
-0.0515539	6.27027	780.78	0.24	0.228487	901.957	31.7384	39.9288	0.0251776
-0.0514747	6.15874	780.78	0.24	0.226438	902.102	31.6097	40.0744	0.0242898
-0.051397	6.03069	780.78	0.24	0.223901	902.243	31.4966	40.1916	0.0232903
-0.0513212	5.8779	780.78	0.24	0.22102	902.382	31.4153	40.2667	0.0221251
-0.0512476	5.70403	780.78	0.24	0.219367	902.517	31.3302	40.3542	0.0208356
-0.0511763	5.51818	780.78	0.24	0.218364	902.647	31.2801	40.4026	0.0194999
-0.0511076	5.31848	780.78	0.24	0.216833	902.774	31.2625	40.4239	0.0181141
-0.0510415	5.1042	780.78	0.24	0.215031	902.896	31.2368	40.4532	0.0166839
-0.0509783	4.8732	780.78	0.24	0.212927	903.012	31.2069	40.4926	0.0152079
-0.0509183	4.6224	780.78	0.24	0.21077	903.124	31.2161	40.4829	0.0136828
-0.0508616	4.35868	780.78	0.24	0.210002	903.229	31.2	40.516	0.0121661
-0.0508084	4.09036	780.78	0.24	0.209839	903.328	31.1961	40.5299	0.0107143
-0.0507586	3.81936	780.78	0.24	0.209393	903.421	31.2131	40.5242	0.00934162
-0.0507123	3.54206	780.78	0.24	0.208582	903.508	31.2214	40.5286	0.00803438
-0.0506697	3.25664	780.78	0.24	0.207545	903.589	31.2181	40.549	0.00679174
-0.0506308	2.95875	780.78	0.24	0.206411	903.662	31.213	40.5661	0.00560605
-0.0505959	2.65325	780.78	0.24	0.205443	903.729	31.2116	40.584	0.00450813
-0.0505649	2.34037	780.78	0.24	0.205095	903.789	31.2098	40.6088	0.0035076
-0.0505379	2.02569	780.78	0.24	0.205556	903.841	31.1946	40.6434	0.00262777
-0.050515	1.71853	780.78	0.24	0.206355	903.886	31.1764	40.6841	0.00189127
-0.0504958	1.41842	780.78	0.24	0.207105	903.924	31.1682	40.7142	0.0012884
-0.0504805	1.12319	780.78	0.24	0.207602	903.955	31.1584	40.7467	0.000807879
-0.0504689	0.831629	780.78	0.24	0.207762	903.98	31.1369	40.792	0.000442895
-0.0504611	0.537056	780.78	0.24	0.207665	903.997	31.1087	40.8474	0.000184706
-0.050457	0.242742	780.78	0.24	0.207705	904.008	31.0807	40.905	3.77337e-05
-0.0504568	-0.0512406	780.78	0.24	0.207489	904.012	31.0742	40.9438	1.68139e-06
-0.0504602	-0.346394	780.78	0.24	0.207338	904.009	31.1054	40.9817	7.68392e-05
-0.0504676	-0.651605	780.78	0.24	0.207496	903.999	31.1859	40.9161	0.000271901
-0.0504787	-0.939805	780.78	0.24	0.209063	903.982	31.163	40.9853	0.000565609
-0.0504935	-1.22835	780.78	0.24	0.210096	903.959	31.1971	40.9888	0.000966246
-0.0505118	-1.49652	780.78	0.24	0.21112	903.929	31.2371	40.9814	0.00143419
-0.0505335	-1.75569	780.78	0.24	0.212185	903.893	31.2552	40.9989	0.00197395
-0.0505583	-2.00294	780.78	0.24	0.213534	903.851	31.2747	41.0151	0.00256908
-0.0505863	-2.23922	780.78	0.24	0.215061	903.803	31.2835	41.0396	0.00321096
-0.0506171	-2.46067	780.78	0.24	0.216627	903.75	31.2819	41.0781	0.00387746
-0.0506506	-2.66849	780.78	0.24	0.218121	903.692	31.275	41.1222	0.00456007
-0.0506867	-2.86283	780.78	0.24	0.219505	903.629	31.2655	41.1712	0.00524847
-0.0507251	-3.04513	780.78	0.24	0.220992	903.561	31.2486	41.2263	0.00593818
-0.0507657	-3.21196	780.78	0.24	0.22275	903.49	31.248	41.2662	0.00660666
-0.0508083	-3.36365	780.78	0.24	0.224426	903.415	31.2419	41.3134	0.0072454
-0.0508527	-3.50173	780.78	0.24	0.225981	903.336	31.2354	41.3608	0.00785247
-0.0508988	-3.62504	780.78	0.24	0.227618	903.254	31.2303	41.4055	0.00841526
-0.0509463	-3.73394	780.78	0.24	0.229188	903.17	31.2296	41.4483	0.00892845
-0.050995	-3.82938	780.78	0.24	0.230476	903.083	31.2301	41.4901	0.00939072
-0.0510449	-3.91318	780.78	0.24	0.231737	902.994	31.235	41.5269	0.00980619
-0.0510957	-3.98723	780.78	0.24	0.23267	902.903	31.2456	41.558	0.0101808
-0.0511474	-4.05465	780.78	0.24	0.233195	902.81	31.2606	41.5851	0.010528
-0.0512	-4.1202	780.78	0.24	0.233688	902.716	31.2761	41.6145	0.0108712
-0.0512533	-4.17752	780.78	0.24	0.234503	902.621	31.2984	41.6329	0.0111758
-0.0513073	-4.22821	780.78	0.24	0.235306	902.524	31.3337	41.6401	0.0114487
-0.0513618	-4.27054	780.78	0.24	0.236172	902.426	31.3686	41.6462	0.011679
-0.0514168	-4.30487	780.78	0.24	0.236989	902.327	31.4064	41.6501	0.0118675
-0.0514723	-4.33359	780.78	0.24	0.237453	902.227	31.4518	41.6469	0.0120264
-0.051528	-4.36017	780.78	0.24	0.237654	902.127	31.5119	41.6278	0.0121744
-0.0515841	-4.38501	780.78	0.24	0.23784	902.026	31.5833	41.5948	0.0123135
-0.0516404	-4.40617	780.78	0.24	0.238255	901.925	31.6561	41.5615	0.0124327
-0.051697	-4.42395	780.78	0.24	0.238679	901.823	31.7387	41.515	0.0125332
-0.0517538	-4.43821	780.78	0.24	0.239319	901.72	31.8226	41.4731	0.0126141
-0.0518107	-4.44551	780.78	0.24	0.240095	901.618	31.9129	41.4226	0.0126556
-0.0518677	-4.4446	780.78	0.24	0.24092	901.515	32.0111	41.3628	0.0126505
-0.0519245	-4.43628	780.78	0.24	0.241833	901.413	32.1124	41.3006	0.0126032
-0.0519812	-4.42047	780.78	0.24	0.242836	901.31	32.221	41.2265	0.0125135
-0.0520375	-4.39163	780.78	0.24	0.244409	901.208	32.3181	41.1691	0.0123507
-0.0520934	-4.34889	780.78	0.24	0.245904	901.107	32.4105	41.1119	0.0121115
-0.0521485	-4.29351	780.78	0.24	0.247171	901.007	32.5	41.0597	0.011805
-0.0522029	-4.22788	780.78	0.24	0.248156	900.908	32.5849	41.0081	0.0114469
-0.0522563	-4.15385	780.78	0.24	0.249089	900.811	32.6506	40.9798	0.0110495
-0.0523088	-4.07301	780.78	0.24	0.249937	900.716	32.7066	40.958	0.0106236
-0.0523601	-3.98266	780.78	0.24	0.25075	900.622	32.759	40.9339	0.0101575
-0.0524101	-3.88637	780.78	0.24	0.251325	900.531	32.7999	40.9251	0.0096723
-0.0524589	-3.78505	780.78	0.24	0.251809	900.442	32.8197	40.9371	0.00917457
-0.0525065	-3.68902	780.78	0.24	0.251625	900.355	32.8235	40.9675	0.0087149
-0.0525528	-3.60144	780.78	0.24	0.251358	900.271	32.8104	40.9798	0.00830602
-0.0525979	-3.49772	780.78	0.24	0.252566	900.188	32.7801	41.0385	0.00783451
-0.0526598	-6.22488	780.78	0.24	0.255644	900.108	32.8039	42.3105	0.0248144
-0.0527382	-6.07877	780.78	0.24	0.257814	899.966	32.8572	42.3594	0.0236631
-0.0528145	-5.91761	780.78	0.24	0.258972	899.827	32.7953	42.4678	0.0224251
-0.0528887	-5.74989	780.78	0.24	0.259968	899.691	32.7348	42.5715	0.0211719
-0.0529606	-5.57146	780.78	0.24	0.260915	899.56	32.6791	42.6603	0.0198783
-0.0530301	-5.38259	780.78	0.24	0.261963	899.432	32.6125	42.764	0.0185534
-0.0530972	-5.1858	780.78	0.24	0.263103	899.31	32.5489	42.8631	0.0172216
-0.0531616	-4.97323	780.78	0.24	0.264851	899.191	32.4819	42.9659	0.0158387
-0.0532231	-4.74849	780.78	0.24	0.26608	899.078	32.4662	43.0105	0.0144395
-0.0532817	-4.51349	780.78	0.24	0.266919	898.97	32.4832	43.018	0.0130457
-0.0533372	-4.2723	780.78	0.24	0.267434	898.868	32.5088	43.0174	0.0116886
-0.0533895	-4.02823	780.78	0.24	0.267675	898.771	32.5335	43.0141	0.0103913
-0.0534388	-3.78212	780.78	0.24	0.267629	898.679	32.5501	43.0184	0.00916033
-0.0534848	-3.53894	780.78	0.24	0.267214	898.594	32.5584	43.0291	0.00802023
-0.0535278	-3.29885	780.78	0.24	0.266748	898.514	32.5636	43.0423	0.00696891
-0.0535678	-3.06429	780.78	0.24	0.265896	898.439	32.5677	43.0526	0.00601312
-0.0536049	-2.83744	780.78	0.24	0.26527	898.37	32.5559	43.0775	0.00515578
-0.0536391	-2.61699	780.78	0.24	0.265033	898.306	32.545	43.1023	0.00438575
-0.0536705	-2.39501	780.78	0.24	0.265085	898.247	32.5421	43.1085	0.0036733
-0.053699	-2.17115	780.78	0.24	0.26519	898.193	32.5317	43.123	0.00301871
-0.0537246	-1.94773	780.78	0.24	0.265027	898.145	32.5542	43.1046	0.00242939
-0.0537474	-1.72433	780.78	0.24	0.264915	898.101	32.6374	43.0208	0.00190408
-0.0537674	-1.50255	780.78	0.24	0.264896	898.063	32.7303	42.9326	0.00144577
-0.0537844	-1.27612	780.78	0.24	0.265688	898.029	32.8085	42.8507	0.00104286
-0.0537986	-1.04383	780.78	0.24	0.266226	898.001	32.8753	42.7769	0.000697752
-0.0538097	-0.811297	780.78	0.24	0.266303	897.979	32.9276	42.7153	0.000421503
-0.0538178	-0.575361	780.78	0.24	0.26641	897.961	32.9687	42.6654	0.000211994
-0.0538229	-0.339568	780.78	0.24	0.266135	897.949	33.0096	42.6103	7.38404e-05
-0.053825	-0.10664	780.78	0.24	0.265906	897.943	33.0435	42.5688	7.28255e-06
-0.0538242	0.125426	780.78	0.24	0.2659	897.942	33.0738	42.5192	1.00743e-05
-0.0538203	0.355264	780.78	0.24	0.265708	897.946	33.0923	42.4832	8.08246e-05
-0.0538136	0.581789	780.78	0.24	0.264769	897.956	33.138	42.439	0.000216756
-0.053804	0.805556	780.78	0.24	0.265002	897.97	33.1431	42.378	0.000415559
-0.0537916	1.0113	780.78	0.24	0.266325	897.99	33.0274	42.3939	0.000654944
-0.0537767	1.20357	780.78	0.24	0.266172	898.015	32.9873	42.4131	0.000927649
-0.0537686	-0.0519767	780.78	0.24	0.267739	898.044	32.9013	42.5161	1.73005e-06
-0.0537668	0.202203	780.78	0.24	0.269048	898.044	32.8488	42.5418	2.61829e-05
-0.0537617	0.465171	780.78	0.24	0.269805	898.05	32.8405	42.5192	0.000138569
-0.0537532	0.731373	780.78	0.24	0.270522	898.062	32.847	42.4798	0.000342547
-0.0537412	1.00839	780.78	0.24	0.271106	898.081	32.8508	42.4439	0.000651179
-0.0537256	1.28784	780.78	0.24	0.271291	898.106	32.8527	42.408	0.00106209
-0.0537064	1.56791	780.78	0.24	0.271262	898.137	32.8567	42.3698	0.00157428
-0.0536836	1.84631	780.78	0.24	0.270972	898.175	32.8704	42.3168	0.00218299
-0.0536573	2.12056	780.78	0.24	0.270365	898.219	32.8945	42.2491	0.00287968
-0.0536276	2.39141	780.78	0.24	0.270058	898.269	32.9255	42.176	0.00366226
-0.0535943	2.65988	780.78	0.24	0.269867	898.326	32.9681	42.0859	0.00453072
-0.0535577	2.92624	780.78	0.24	0.269448	898.388	33.0048	41.9951	0.00548355
-0.0535177	3.18896	780.78	0.24	0.268981	898.457	33.036	41.9123	0.00651238
-0.0534744	3.44655	780.78	0.24	0.268276	898.532	33.0568	41.8365	0.00760695
-0.0534278	3.69523	780.78	0.24	0.26733	898.613	33.0762	41.7617	0.00874428
-0.0533782	3.93622	780.78	0.24	0.266345	898.699	33.1041	41.6764	0.00992202
-0.0533255	4.16689	780.78	0.24	0.265326	898.791	33.1357	41.5788	0.011119
-0.05327	4.38986	780.78	0.24	0.264317	898.889	33.1331	41.5247	0.0123408
-0.0532118	4.597	780.78	0.24	0.262254	898.991	33.1875	41.4176	0.0135329
-0.053151	4.7934	780.78	0.24	0.261352	899.098	33.2957	41.2144	0.0147139
-0.0530878	4.97495	780.78	0.24	0.259137	899.209	33.2486	41.1849	0.0158496
-0.0530225	5.14119	780.78	0.24	0.257745	899.325	33.1992	41.2692	0.0169266
-0.0529552	5.2782	780.78	0.24	0.255299	899.444	33.2543	41.1518	0.0178407
-0.0528864	5.40597	780.78	0.24	0.253181	899.567	33.2817	41.0535	0.0187149
-0.0528161	5.51292	780.78	0.24	0.250806	899.692	33.2611	41.0019	0.0194627
-0.0527446	5.59895	780.78	0.24	0.248282	899.82	33.2055	40.9845	0.0200749
-0.0526723	5.66061	780.78	0.24	0.245776	899.949	33.136	40.9825	0.0205195
-0.0525993	5.69943	780.78	0.24	0.243241	900.08	33.0697	40.9898	0.020802
-0.0525261	5.7167	780.78	0.24	0.240712	900.212	33.0155	40.9722	0.0209282
-0.052453	5.70935	780.78	0.24	0.237633	900.343	32.9843	40.9309	0.0208745
-0.0523801	5.6722	780.78	0.24	0.234619	900.475	32.9696	40.8699	0.0206036
-0.052308	5.612	780.78	0.24	0.232342	900.605	32.9325	40.8327	0.0201686
-0.0522369	5.53109	780.78	0.24	0.229957	900.735	32.9084	40.7817	0.0195913
-0.052167	5.42952	780.78	0.24	0.2277	900.862	32.8824	40.7306	0.0188784
-0.0520986	5.3085	780.78	0.24	0.225561	900.986	32.8517	40.6883	0.0180462
-0.0520319	5.16712	780.78	0.24	0.223208	901.108	32.8361	40.6363	0.0170977
-0.0519673	5.0041	780.78	0.24	0.220797	901.227	32.8413	40.5592	0.0160359
-0.0519049	4.81968	780.78	0.24	0.218497	901.341	32.8705	40.452	0.0148757
-0.0518451	4.61561	780.78	0.24	0.216526	901.451	32.92	40.3345	0.0136426
-0.0517881	4.39561	780.78	0.24	0.214646	901.557	32.9708	40.221	0.0123731
-0.0517341	4.157	780.78	0.24	0.212559	901.657	33.0098	40.1168	0.0110663
-0.0516833	3.89709	780.78	0.24	0.21039	901.751	33.0283	40.0283	0.00972575
-0.051636	3.61894	780.78	0.24	0.208506	901.84	33.0266	39.9752	0.00838693
-0.0515924	3.32733	780.78	0.24	0.206817	901.922	33.0169	39.9239	0.0070898
-0.0515527	3.01924	780.78	0.24	0.204917	901.997	32.9898	39.8939	0.00583762
-0.0515172	2.68977	780.78	0.24	0.203382	902.065	32.9407	39.8791	0.0046331
-0.0514859	2.35554	780.78	0.24	0.202547	902.125	32.874	39.8918	0.00355323
-0.051459	2.01362	780.78	0.24	0.201991	902.178	32.7841	39.9278	0.00259656
-0.0514366	1.66788	780.78	0.24	0.201453	902.222	32.6833	39.9774	0.00178143
-0.0514186	1.31713	780.78	0.24	0.20092	902.259	32.5707	40.0405	0.00111095
-0.0514051	0.960655	780.78	0.24	0.200404	902.287	32.4516	40.1141	0.000590985
-0.0513962	0.602517	780.78	0.24	0.200412	902.307	32.3414	40.173	0.000232477
-0.051392	0.246857	780.78	0.24	0.200865	902.319	32.2218	40.2484	3.90241e-05
-0.0513922	-0.105395	780.78	0.24	0.201403	902.323	32.1041	40.3262	7.11346e-06
-0.0513969	-0.450901	780.78	0.24	0.202178	902.318	31.9907	40.3963	0.000130198
-0.0514059	-0.789435	780.78	0.24	0.202955	902.306	31.8776	40.4685	0.000399093
-0.0514192	-1.1204	780.78	0.24	0.20389	902.286	31.7621	40.5465	0.000803879
-0.0514367	-1.44246	780.78	0.24	0.204806	902.258	31.646	40.6287	0.00133244
-0.0514582	-1.75698	780.78	0.24	0.205701	902.223	31.5325	40.7085	0.00197685
-0.0514836	-2.06287	780.78	0.24	0.206626	902.18	31.4155	40.796	0.00272512
-0.0515129	-2.36013	780.78	0.24	0.207874	902.131	31.3152	40.8658	0.00356708
-0.0515459	-2.64384	780.78	0.24	0.209426	902.075	31.216	40.9357	0.00447623
-0.0515824	-2.91375	780.78	0.24	0.210935	902.012	31.1292	40.9939	0.00543684
-0.0516222	-3.17016	780.78	0.24	0.2124	901.943	31.0475	41.0534	0.00643583
-0.0516651	-3.41407	780.78	0.24	0.213972	901.869	30.9713	41.109	0.00746426
-0.0517111	-3.6429	780.78	0.24	0.215521	901.788	30.908	41.1515	0.00849836
-0.0517598	-3.85824	780.78	0.24	0.216845	901.703	30.8501	41.1902	0.00953277
-0.0518112	-4.0642	780.78	0.24	0.217933	901.613	30.8023	41.2222	0.0105777
-0.0518651	-4.2584	780.78	0.24	0.219112	901.518	30.7724	41.2323	0.0116127
-0.0519215	-4.44294	780.78	0.24	0.220103	901.418	30.7508	41.2379	0.012641
-0.0519801	-4.62141	780.78	0.24	0.221168	901.315	30.7388	41.2304	0.013677
-0.0520409	-4.7868	780.78	0.24	0.222383	901.207	30.7416	41.2103	0.0146734
-0.0521037	-4.9405	780.78	0.24	0.223778	901.095	30.7367	41.2076	0.0156309
-0.0521683	-5.08166	780.78	0.24	0.225208	900.981	30.7291	41.2048	0.0165368
-0.0522347	-5.20801	780.78	0.24	0.226967	900.863	30.7282	41.1975	0.0173694
-0.0523024	-5.31805	780.78	0.24	0.228872	900.742	30.7331	41.1834	0.0181111
-0.0523715	-5.41222	780.78	0.24	0.230417	900.618	30.7474	41.1601	0.0187582
-0.0524416	-5.49449	780.78	0.24	0.231607	900.493	30.7666	41.1324	0.0193329
-0.0525127	-5.56673	780.78	0.24	0.232573	900.366	30.7833	41.109	0.0198446
-0.0525846	-5.63247	780.78	0.24	0.233201	900.237	30.8024	41.0856	0.0203161
-0.0526573	-5.69416	780.78	0.24	0.233612	900.107	30.838	41.0434	0.0207635
-0.0527308	-5.74996	780.78	0.24	0.234379	899.975	30.8839	40.9927	0.0211724
-0.0528049	-5.79882	780.78	0.24	0.235039	899.842	30.9372	40.9365	0.0215338
-0.0528796	-5.84394	780.78	0.24	0.235434	899.709	30.9984	40.8718	0.0218702
-0.0529549	-5.88433	780.78	0.24	0.235951	899.574	31.0525	40.8154	0.0221735
-0.0530306	-5.92001	780.78	0.24	0.236429	899.438	31.1042	40.7613	0.0224433
-0.0531067	-5.9516	780.78	0.24	0.236868	899.301	31.1653	40.6956	0.0226835
-0.0531832	-5.98015	780.78	0.24	0.237258	899.164	31.239	40.6225	0.0229016
-0.05326	-6.005	780.78	0.24	0.237764	899.026	31.3168	40.5432	0.0230923
-0.0533371	-6.02422	780.78	0.24	0.238544	898.888	31.3781	40.4873	0.0232404
-0.0534144	-6.03533	780.78	0.24	0.239421	898.749	31.4381	40.4305	0.0233261
-0.0534917	-6.03896	780.78	0.24	0.240105	898.61	31.4999	40.3701	0.0233543
-0.0535691	-6.03545	780.78	0.24	0.240956	898.471	31.5434	40.3299	0.0233271
-0.0536463	-6.02594	780.78	0.24	0.241605	898.332	31.5866	40.2899	0.0232536
-0.0537233	-6.01066	780.78	0.24	0.242104	898.194	31.6327	40.2484	0.0231358
-0.0538001	-5.99229	780.78	0.24	0.242286	898.055	31.6831	40.2024	0.0229947
-0.0538767	-5.97414	780.78	0.24	0.242176	897.918	31.737	40.1539	0.0228556
-0.053953	-5.95762	780.78	0.24	0.24206	897.78	31.7889	40.1058	0.0227293
-0.0540292	-5.94241	780.78	0.24	0.241741	897.644	31.841	40.0609	0.0226134
-0.0541052	-5.93009	780.78	0.24	0.241486	897.507	31.8859	40.023	0.0225197
-0.054181	-5.91872	780.78	0.24	0.241495	897.371	31.9293	39.9833	0.0224335
-0.0542567	-5.90639	780.78	0.24	0.241646	897.235	31.9559	39.9683	0.0223401
-0.0543322	-5.89275	780.78	0.24	0.241794	897.099	31.9842	39.9459	0.0222371
-0.0544075	-5.87845	780.78	0.24	0.241974	896.964	32.0081	39.9334	0.0221292
-0.0544827	-5.86345	780.78	0.24	0.242269	896.829	32.0259	39.9195	0.0220164
-0.0545576	-5.84312	780.78	0.24	0.24282	896.694	32.0389	39.9184	0.0218641
-0.0546322	-5.81865	780.78	0.24	0.243437	896.56	32.0559	39.9077	0.0216813
-0.0547064	-5.78689	780.78	0.24	0.244041	896.427	32.0748	39.8981	0.0214453
-0.0547802	-5.75225	780.78	0.24	0.244587	896.294	32.1036	39.8785	0.0211893
-0.0548534	-5.71077	780.78	0.24	0.245098	896.162	32.1408	39.8538	0.0208848
-0.0549261	-5.66528	780.78	0.24	0.245654	896.032	32.1826	39.8208	0.0205534
-0.0549982	-5.61459	780.78	0.24	0.246073	895.902	32.2333	39.7799	0.0201872
-0.0550696	-5.55975	780.78	0.24	0.2466	895.773	32.3006	39.7233	0.0197948
-0.0551402	-5.50043	780.78	0.24	0.24704	895.646	32.3736	39.6612	0.0193747
-0.0552101	-5.43898	780.78	0.24	0.247304	895.52	32.4543	39.5907	0.0189442
-0.0552791	-5.37506	780.78	0.24	0.247513	895.396	32.5343	39.5219	0.0185016
-0.0553473	-5.30929	780.78	0.24	0.247578	895.273	32.6176	39.4487	0.0180515
-0.0554147	-5.24418	780.78	0.24	0.247624	895.152	32.6988	39.3831	0.0176115
-0.0554812	-5.17722	780.78	0.24	0.247739	895.032	32.7798	39.3144	0.0171646
-0.0555469	-5.10908	780.78	0.24	0.24797	894.913	32.8662	39.2377	0.0167158
-0.0556116	-5.03929	780.78	0.24	0.248337	894.797	32.9553	39.1579	0.0162622
-0.0556754	-4.96306	780.78	0.24	0.249103	894.682	33.0397	39.0867	0.0157739
-0.0557382	-4.88194	780.78	0.24	0.249764	894.568	33.1289	39.0105	0.0152625
-0.0557999	-4.79421	780.78	0.24	0.250454	894.457	33.2148	38.9374	0.0147189
-0.0558604	-4.70221	780.78	0.24	0.251193	894.348	33.2947	38.8692	0.0141594
-0.0559197	-4.60126	780.78	0.24	0.252089	894.241	33.3569	38.8279	0.013558
-0.0559776	-4.49018	780.78	0.24	0.253217	894.136	33.4015	38.7957	0.0129113
-0.0560339	-4.36929	780.78	0.24	0.254358	894.034	33.4219	38.7914	0.0122254
-0.0560886	-4.23802	780.78	0.24	0.255386	893.934	33.4275	38.796	0.0115019
-0.0561416	-4.09754	780.78	0.24	0.256551	893.838	33.4177	38.822	0.010752
-0.0561926	-3.94791	780.78	0.24	0.257686	893.745	33.4057	38.8457	0.00998106
-0.0562416	-3.78702	780.78	0.24	0.258863	893.656	33.3998	38.8604	0.00918408
-0.0562885	-3.61485	780.78	0.24	0.260146	893.57	33.3886	38.8823	0.00836802
-0.056333	-3.43107	780.78	0.24	0.261384	893.488	33.3646	38.9153	0.00753878
-0.0563751	-3.23817	780.78	0.24	0.262355	893.411	33.3381	38.9489	0.00671494
-0.0564147	-3.0376	780.78	0.24	0.263074	893.338	33.3069	38.9878	0.00590885
-0.0564516	-2.83097	780.78	0.24	0.263835	893.269	33.276	39.0167	0.00513229
-0.0564858	-2.6163	780.78	0.24	0.264621	893.206	33.2417	39.0566	0.00438344
-0.0565172	-2.39422	780.78	0.24	0.265611	893.147	33.1998	39.1049	0.00367087
-0.0565457	-2.16361	780.78	0.24	0.266933	893.094	33.1529	39.1496	0.00299777
-0.056571	-1.91785	780.78	0.24	0.268369	893.046	33.0987	39.2058	0.00235543
-0.0565931	-1.66106	780.78	0.24	0.269651	893.003	33.052	39.2541	0.00176691
-0.0566118	-1.39138	780.78	0.24	0.270991	892.967	33.0237	39.2804	0.00123974
-0.056627	-1.11141	780.78	0.24	0.271823	892.937	33.0029	39.2984	0.000791031
-0.0566385	-0.826505	780.78	0.24	0.272174	892.913	32.9755	39.3212	0.000437453
-0.0566463	-0.539348	780.78	0.24	0.272372	892.896	32.9343	39.3605	0.000186286
-0.0566504	-0.251675	780.78	0.24	0.272307	892.885	32.8774	39.4093	4.05622e-05
-0.0566509	0.0334825	780.78	0.24	0.271679	892.881	32.8125	39.4652	7.17923e-07
-0.0566478	0.310177	780.78	0.24	0.270985	892.883	32.7502	39.5202	6.16112e-05
-0.0566412	0.581719	780.78	0.24	0.270275	892.892	32.7049	39.5556	0.000216704
-0.0566312	0.846372	780.78	0.24	0.269684	892.907	32.6745	39.5754	0.000458737
-0.0566178	1.11082	780.78	0.24	0.269523	892.928	32.657	39.5749	0.000790189
-0.0566011	1.37295	780.78	0.24	0.269248	892.954	32.6457	39.5698	0.00120712
-0.056581	1.63331	780.78	0.24	0.268986	892.987	32.6241	39.5718	0.00170835
-0.0565576	1.89104	780.78	0.24	0.268578	893.026	32.5838	39.5921	0.00229004
-0.0565309	2.14452	780.78	0.24	0.26799	893.071	32.5309	39.6238	0.00294511
-0.0565011	2.39087	780.78	0.24	0.26718	893.121	32.4818	39.6525	0.0036606
-0.0564681	2.63065	780.78	0.24	0.266388	893.177	32.4234	39.6881	0.00443167
-0.0564322	2.86388	780.78	0.24	0.265525	893.239	32.3662	39.7239	0.0052523
-0.0563934	3.0891	780.78	0.24	0.264591	893.306	32.3052	39.7589	0.00611091
-0.0563517	3.30386	780.78	0.24	0.26332	893.378	32.2572	39.7809	0.00699013
-0.0563074	3.50599	780.78	0.24	0.261649	893.455	32.2316	39.7776	0.00787161
-0.0562607	3.69141	780.78	0.24	0.259617	893.536	32.2258	39.7542	0.00872619
-0.0562118	3.85752	780.78	0.24	0.257564	893.621	32.2475	39.6981	0.00952922
-0.056161	4.00722	780.78	0.24	0.256081	893.711	32.2919	39.6237	0.0102832
-0.0561083	4.14902	780.78	0.24	0.255309	893.803	32.3364	39.5459	0.0110238
-0.0560538	4.28273	780.78	0.24	0.254221	893.899	32.3872	39.4621	0.0117458
-0.0559978	4.40509	780.78	0.24	0.252744	893.998	32.4475	39.368	0.0124266
-0.0559403	4.51261	780.78	0.24	0.250917	894.099	32.5161	39.2668	0.0130406
-0.0558816	4.6057	780.78	0.24	0.249423	894.203	32.5932	39.1567	0.0135842
-0.0558218	4.68485	780.78	0.24	0.247923	894.309	32.6823	39.0304	0.014055
-0.0557612	4.75216	780.78	0.24	0.246625	894.417	32.7797	38.8989	0.0144619
-0.0556998	4.80959	780.78	0.24	0.245686	894.526	32.8539	38.7917	0.0148135
-0.0556377	4.85662	780.78	0.24	0.244569	894.637	32.9175	38.6952	0.0151046
-0.0555751	4.894	780.78	0.24	0.243437	894.748	32.9705	38.6104	0.015338
-0.0555122	4.9216	780.78	0.24	0.242314	894.861	33.0225	38.5305	0.0155115
-0.055449	4.93807	780.78	0.24	0.24086	894.974	33.0676	38.452	0.0156155
-0.0553857	4.93893	780.78	0.24	0.239207	895.087	33.1225	38.3618	0.0156209
-0.0553225	4.92762	780.78	0.24	0.237917	895.2	33.176	38.2744	0.0155495
-0.0552596	4.90907	780.78	0.24	0.237478	895.313	33.1827	38.2347	0.0154326
-0.0551969	4.88718	780.78	0.24	0.237237	895.425	33.1991	38.1993	0.0152953
-0.0551346	4.86095	780.78	0.24	0.237072	895.537	33.1856	38.177	0.0151316
-0.0550727	4.82247	780.78	0.24	0.236379	895.649	33.1558	38.1707	0.0148929
-0.0550113	4.78267	780.78	0.24	0.235117	895.759	33.161	38.1154	0.0146481
-0.0549504	4.73649	780.78	0.24	0.234961	895.869	33.1277	38.1089	0.0143666
-0.0548902	4.68971	780.78	0.24	0.234379	895.977	33.1059	38.0995	0.0140842
-0.0548307	4.63305	780.78	0.24	0.23379	896.084	33.1	38.0839	0.0137459
-0.0547719	4.57449	780.78	0.24	0.232902	896.19	33.0792	38.0755	0.0134007
-0.0547139	4.50558	780.78	0.24	0.231474	896.295	33.0182	38.1124	0.013
-0.054657	4.42469	780.78	0.24	0.229951	896.398	32.9675	38.1346	0.0125374
-0.0546012	4.32876	780.78	0.24	0.228237	896.499	32.9361	38.1401	0.0119996
-0.0545468	4.21731	780.78	0.24	0.226562	896.598	32.9155	38.14	0.0113897
-0.054494	4.09059	780.78	0.24	0.2251	896.694	32.897	38.1285	0.0107155
-0.0544429	3.9535	780.78	0.24	0.223919	896.787	32.8696	38.1338	0.0100093
-0.0543937	3.80722	780.78	0.24	0.222996	896.877	32.8347	38.1471	0.00928234
-0.0543464	3.65366	780.78	0.24	0.222429	896.964	32.7835	38.184	0.00854865
-0.0543011	3.49722	780.78	0.24	0.222402	897.047	32.7186	38.2327	0.00783228
-0.0542578	3.34106	780.78	0.24	0.22257	897.126	32.6596	38.2745	0.0071484
-0.0542165	3.187	780.78	0.24	0.222965	897.202	32.6132	38.3031	0.00650439
-0.0541772	3.03777	780.78	0.24	0.223442	897.275	32.5814	38.3186	0.00590949
-0.0541397	2.89174	780.78	0.24	0.223727	897.344	32.5568	38.3261	0.00535499
-0.054104	2.74758	780.78	0.24	0.223804	897.409	32.5338	38.3347	0.00483438
-0.0540702	2.60197	780.78	0.24	0.223657	897.472	32.5152	38.3379	0.00433556
-0.0540383	2.45626	780.78	0.24	0.223557	897.531	32.4925	38.3476	0.00386357
-0.0540083	2.3081	780.78	0.24	0.223132	897.586	32.4696	38.3586	0.00341153
-0.0539802	2.15452	780.78	0.24	0.222554	897.638	32.4385	38.3805	0.00297263
-0.0539541	1.99652	780.78	0.24	0.222201	897.687	32.3965	38.4136	0.00255263
-0.0539301	1.83564	780.78	0.24	0.221896	897.732	32.3572	38.4459	0.00215783
-0.0539081	1.67197	780.78	0.24	0.221637	897.773	32.3264	38.4712	0.00179018
-0.0538883	1.50651	780.78	0.24	0.221308	897.811	32.3114	38.4781	0.0014534
-0.0538706	1.33624	780.78	0.24	0.220694	897.845	32.303	38.4793	0.00114344
-0.0538552	1.15947	780.78	0.24	0.220122	897.874	32.2999	38.4757	0.000860912
-0.0538421	0.979831	780.78	0.24	0.219763	897.9	32.2916	38.4811	0.000614814
-0.0538313	0.794151	780.78	0.24	0.219409	897.921	32.2829	38.4862	0.000403875
-0.0538229	0.607586	780.78	0.24	0.219141	897.939	32.2908	38.4766	0.000236405
-0.0538169	0.417876	780.78	0.24	0.218775	897.951	32.3274	38.4346	0.000111824
-0.0538134	0.227522	780.78	0.24	0.218987	897.96	32.3474	38.4122	3.31504e-05
-0.0538123	0.0373877	780.78	0.24	0.219704	897.964	32.3462	38.41	8.95158e-07
-0.0538136	-0.1399	780.78	0.24	0.221026	897.964	32.3364	38.4233	1.25336e-05
-0.053817	-0.305399	780.78	0.24	0.222183	897.96	32.3436	38.4141	5.97279e-05
-0.0538224	-0.462066	780.78	0.24	0.223338	897.952	32.3393	38.4256	0.000136725
-0.0538297	-0.607211	780.78	0.24	0.224533	897.94	32.3169	38.4525	0.000236113
-0.0538388	-0.742947	780.78	0.24	0.225482	897.926	32.2782	38.4952	0.000353473
-0.0538496	-0.872089	780.78	0.24	0.226437	897.908	32.2269	38.5546	0.000487038
-0.0538619	-0.99209	780.78	0.24	0.227397	897.887	32.2001	38.5914	0.000630295
-0.0538756	-1.09833	780.78	0.24	0.229248	897.863	32.1796	38.6208	0.000772516
-0.0538906	-1.18986	780.78	0.24	0.230974	897.838	32.1733	38.6295	0.000906636
-0.0539066	-1.26306	780.78	0.24	0.233007	897.81	32.1575	38.6555	0.00102163
-0.0539233	-1.31831	780.78	0.24	0.234902	897.78	32.1517	38.6716	0.00111296
-0.0539406	-1.35772	780.78	0.24	0.236701	897.75	32.1687	38.6616	0.00118048
-0.0539582	-1.38135	780.78	0.24	0.238662	897.718	32.1905	38.6569	0.00122193
-0.053976	-1.38581	780.78	0.24	0.240686	897.687	32.2165	38.6412	0.00122985
-0.0539936	-1.37346	780.78	0.24	0.242498	897.655	32.2478	38.6203	0.00120801
-0.054011	-1.34448	780.78	0.24	0.244176	897.623	32.2789	38.5979	0.00115757
-0.0540278	-1.30147	780.78	0.24	0.245627	897.593	32.3063	38.5794	0.0010847
-0.054044	-1.24698	780.78	0.24	0.246795	897.563	32.3215	38.5737	0.000995779
-0.0540593	-1.18283	780.78	0.24	0.247744	897.535	32.3189	38.586	0.000895959
-0.0540738	-1.11116	780.78	0.24	0.248418	897.508	32.3097	38.6052	0.000790664
-0.0540873	-1.03876	780.78	0.24	0.248809	897.483	32.3029	38.6251	0.000690993
-0.0540999	-0.958887	780.78	0.24	0.249405	897.459	32.2909	38.6527	0.000588811
-0.0541113	-0.875023	780.78	0.24	0.250022	897.438	32.2753	38.6778	0.000490321
-0.0541217	-0.783653	780.78	0.24	0.250499	897.418	32.2574	38.7028	0.000393268
-0.0541308	-0.690536	780.78	0.24	0.250631	897.401	32.2351	38.7303	0.000305361
-0.0541387	-0.596038	780.78	0.24	0.250748	897.385	32.2081	38.7618	0.000227504
-0.0541455	-0.502089	780.78	0.24	0.250429	897.372	32.1823	38.7924	0.000161437
-0.054151	-0.413174	780.78	0.24	0.249588	897.361	32.1744	38.8057	0.000109322
-0.0541555	-0.328723	780.78	0.24	0.249339	897.352	32.1661	38.8211	6.91992e-05
-0.0541589	-0.247733	780.78	0.24	0.249083	897.345	32.1684	38.8188	3.93015e-05
-0.0541613	-0.168678	780.78	0.24	0.248775	897.34	32.1764	38.8155	1.82205e-05
-0.0541627	-0.093233	780.78	0.24	0.248223	897.337	32.199	38.7884	5.56648e-06
-0.0541632	-0.0223825	780.78	0.24	0.248091	897.335	32.2092	38.7892	3.20819e-07
-0.0541628	0.0494523	780.78	0.24	0.248017	897.335	32.2396	38.7606	1.56608e-06
-0.0541615	0.118819	780.78	0.24	0.247501	897.336	32.2696	38.7305	9.041e-06
-0.0541594	0.180438	780.78	0.24	0.246769	897.339	32.2891	38.71	2.08497e-05
-0.0541565	0.237688	780.78	0.24	0.245958	897.344	32.2958	38.7024	3.61789e-05
-0.054153	0.286061	780.78	0.24	0.244936	897.35	32.2925	38.708	5.24032e-05
-0.054149	0.322633	780.78	0.24	0.24391	897.356	32.2933	38.7137	6.66589e-05
-0.0541445	0.353022	780.78	0.24	0.243052	897.364	32.2983	38.7079	7.98075e-05
-0.0541398	0.376336	780.78	0.24	0.242258	897.372	32.3014	38.7077	9.06972e-05
-0.0541348	0.392931	780.78	0.24	0.241581	897.381	32.3109	38.6959	9.88723e-05
-0.0541296	0.404272	780.78	0.24	0.241352	897.39	32.3257	38.6835	0.000104662
-0.0541243	0.414285	780.78	0.24	0.241264	897.4	32.3352	38.6714	0.000109911
-0.0541189	0.423922	780.78	0.24	0.241426	897.409	32.3379	38.6653	0.000115084
-0.0541134	0.435579	780.78	0.24	0.241379	897.419	32.3449	38.6576	0.0001215
-0.0541077	0.44857	780.78	0.24	0.241636	897.429	32.3851	38.6145	0.000128855
-0.0541018	0.46366	780.78	0.24	0.241722	897.44	32.4379	38.5611	0.00013767
-0.0540957	0.476935	780.78	0.24	0.24163	897.45	32.4976	38.5015	0.000145666
-0.0540895	0.489799	780.78	0.24	0.241606	897.461	32.567	38.4295	0.00015363
-0.0540831	0.5042	780.78	0.24	0.241752	897.473	32.6302	38.3622	0.000162797
-0.0540765	0.519926	780.78	0.24	0.241789	897.484	32.6951	38.296	0.000173111
-0.0540697	0.535104	780.78	0.24	0.24183	897.496	32.768	38.2163	0.000183366
-0.0540627	0.551285	780.78	0.24	0.241852	897.509	32.8423	38.1394	0.000194623
-0.0540554	0.567119	780.78	0.24	0.241812	897.522	32.9177	38.0628	0.000205963
-0.054048	0.582212	780.78	0.24	0.241595	897.535	33.0004	37.9794	0.000217072
-0.0540404	0.595017	780.78	0.24	0.241419	897.548	33.0828	37.8979	0.000226725
-0.0540327	0.607809	780.78	0.24	0.24167	897.562	33.1723	37.8047	0.000236579
-0.0540248	0.6242	780.78	0.24	0.241899	897.576	33.2555	37.7228	0.00024951
-0.0540166	0.640749	780.78	0.24	0.241915	897.59	33.3406	37.6375	0.000262916
-0.0540082	0.657728	780.78	0.24	0.241957	897.605	33.42	37.5612	0.000277035
-0.0539996	0.674842	780.78	0.24	0.241961	897.62	33.4954	37.4854	0.000291639
-0.0539908	0.691773	780.78	0.24	0.241934	897.636	33.5679	37.4112	0.000306456
-0.0539818	0.708872	780.78	0.24	0.241803	897.652	33.6323	37.3483	0.000321794
-0.0539726	0.723951	780.78	0.24	0.241524	897.668	33.6965	37.2849	0.000335629
-0.0539632	0.734051	780.78	0.24	0.24131	897.685	33.7618	37.2256	0.000345059
-0.0539537	0.746742	780.78	0.24	0.241479	897.702	33.8273	37.1597	0.000357094
-0.053944	0.760778	780.78	0.24	0.241596	897.719	33.88	37.1066	0.000370644
-0.0539341	0.774639	780.78	0.24	0.241617	897.737	33.9167	37.0714	0.000384273
-0.0539241	0.78839	780.78	0.24	0.241641	897.755	33.9431	37.0469	0.000398037
-0.0539138	0.803275	780.78	0.24	0.241567	897.773	33.9546	37.0375	0.000413209
-0.0539034	0.815733	780.78	0.24	0.241211	897.792	33.951	37.0453	0.000426126
-0.0538929	0.824562	780.78	0.24	0.241002	897.81	33.9449	37.0574	0.0004354
-0.0538822	0.831179	780.78	0.24	0.240639	897.829	33.9408	37.0652	0.000442416
-0.0538715	0.835004	780.78	0.24	0.240086	897.849	33.9334	37.0752	0.000446496
-0.0538609	0.83209	780.78	0.24	0.239203	897.868	33.9206	37.0908	0.000443386
-0.0538503	0.819306	780.78	0.24	0.238178	897.887	33.8983	37.113	0.000429866
-0.05384	0.8002	780.78	0.24	0.237442	897.906	33.8467	37.1741	0.000410052
-0.05383	0.774275	780.78	0.24	0.236907	897.924	33.7847	37.2386	0.000383912
-0.0538203	0.745456	780.78	0.24	0.236665	897.942	33.7138	37.3159	0.000355865
-0.0538111	0.715479	780.78	0.24	0.236605	897.959	33.6312	37.4088	0.00032782
-0.0538022	0.687608	780.78	0.24	0.237106	897.975	33.557	37.4902	0.000302777
-0.0537936	0.663574	780.78	0.24	0.237604	897.991	33.4849	37.5671	0.000281981
-0.0537853	0.643337	780.78	0.24	0.238192	898.006	33.4118	37.6462	0.000265044
-0.0537772	0.628052	780.78	0.24	0.238993	898.02	33.3401	37.7277	0.000252599
-0.0537692	0.623063	780.78	0.24	0.240146	898.035	33.2883	37.786	0.000248602
-0.0537613	0.625275	780.78	0.24	0.240695	898.049	33.226	37.8536	0.000250371
-0.0537532	0.63395	780.78	0.24	0.24127	898.064	33.1671	37.9174	0.000257366
-0.0537449	0.64555	780.78	0.24	0.242008	898.078	33.1345	37.9602	0.000266871
-0.0537365	0.667848	780.78	0.24	0.242987	898.093	33.1229	37.9767	0.000285626
-0.0537276	0.699351	780.78	0.24	0.244129	898.109	33.0822	38.023	0.000313207
-0.0537183	0.742085	780.78	0.24	0.24545	898.125	33.0103	38.1032	0.000352654
-0.0537083	0.796246	780.78	0.24	0.24678	898.142	32.9266	38.1915	0.00040601
-0.0536975	0.86011	780.78	0.24	0.248308	898.161	32.8522	38.2732	0.00047375
-0.0536857	0.941521	780.78	0.24	0.249837	898.181	32.8101	38.319	0.000567677
-0.0536728	1.03409	780.78	0.24	0.25074	898.203	32.7736	38.3624	0.000684792
-0.0536586	1.13207	780.78	0.24	0.25177	898.228	32.7476	38.3915	0.000820704
-0.053643	1.24207	780.78	0.24	0.252779	898.254	32.7387	38.4012	0.000987951
-0.053626	1.36066	780.78	0.24	0.253602	898.284	32.7277	38.4167	0.0011856
-0.0536074	1.48605	780.78	0.24	0.254131	898.316	32.7261	38.4207	0.00141419
-0.0535871	1.61491	780.78	0.24	0.254334	898.351	32.7258	38.4224	0.00167008
-0.0535652	1.74274	780.78	0.24	0.254179	898.388	32.7279	38.4211	0.00194494
-0.0535416	1.87061	780.78	0.24	0.254224	898.429	32.7243	38.4296	0.00224083
-0.0535165	1.99948	780.78	0.24	0.254163	898.473	32.7212	38.4318	0.00256021
-0.0534896	2.12725	780.78	0.24	0.254225	898.52	32.7244	38.4291	0.00289787
-0.0534611	2.2557	780.78	0.24	0.254066	898.57	32.7312	38.419	0.0032584
-0.053431	2.38096	780.78	0.24	0.253558	898.622	32.7174	38.4339	0.00363031
-0.0533994	2.49881	780.78	0.24	0.252537	898.678	32.6977	38.4501	0.00399859
-0.0533664	2.60033	780.78	0.24	0.251371	898.736	32.6852	38.4492	0.00433009
-0.0533321	2.69993	780.78	0.24	0.250471	898.796	32.6788	38.4459	0.00466818
-0.0532967	2.79179	780.78	0.24	0.249746	898.859	32.6998	38.4115	0.00499121
-0.0532601	2.87348	780.78	0.24	0.248294	898.924	32.6932	38.4127	0.00528758
-0.0532227	2.92728	780.78	0.24	0.246376	898.99	32.6706	38.4367	0.00548743
-0.0531847	2.97722	780.78	0.24	0.245182	899.058	32.6795	38.4178	0.00567626
-0.0531461	3.02148	780.78	0.24	0.244287	899.127	32.6871	38.4023	0.00584631
-0.0531071	3.05565	780.78	0.24	0.242968	899.197	32.6936	38.3853	0.00597929
-0.0530677	3.07922	780.78	0.24	0.242018	899.267	32.6955	38.379	0.00607186
-0.0530282	3.0898	780.78	0.24	0.241121	899.338	32.69	38.3735	0.00611367
-0.0529885	3.09854	780.78	0.24	0.240556	899.41	32.6768	38.3827	0.00614831
-0.0529488	3.10108	780.78	0.24	0.239581	899.481	32.6786	38.3767	0.0061584
-0.0529091	3.09245	780.78	0.24	0.238138	899.552	32.7062	38.3427	0.00612418
-0.0528697	3.07252	780.78	0.24	0.236976	899.624	32.7409	38.3088	0.00604547
-0.0528307	3.04005	780.78	0.24	0.23592	899.694	32.774	38.2629	0.00591836
-0.0527921	3.00205	780.78	0.24	0.235595	899.764	32.7796	38.2439	0.00577135
-0.052754	2.96232	780.78	0.24	0.235372	899.833	32.7764	38.2383	0.00561959
-0.0527165	2.92083	780.78	0.24	0.235046	899.901	32.7653	38.2452	0.00546327
-0.0526795	2.87505	780.78	0.24	0.234372	899.968	32.7469	38.2595	0.00529336
-0.0526432	2.8227	780.78	0.24	0.233695	900.034	32.7233	38.2788	0.00510237
-0.0526076	2.76359	780.78	0.24	0.232801	900.099	32.7054	38.2925	0.00489089
-0.0525728	2.69547	780.78	0.24	0.2317	900.162	32.6908	38.3036	0.00465275
-0.052539	2.61709	780.78	0.24	0.230506	900.224	32.6706	38.3219	0.00438609
-0.0525064	2.5263	780.78	0.24	0.2293	900.284	32.6535	38.333	0.00408706
-0.052475	2.42767	780.78	0.24	0.228504	900.342	32.6436	38.3392	0.00377415
-0.0524449	2.32101	780.78	0.24	0.227485	900.397	32.6307	38.3518	0.00344982
-0.0524163	2.20534	780.78	0.24	0.226496	900.45	32.6138	38.3695	0.00311454
-0.0523892	2.0798	780.78	0.24	0.225342	900.5	32.5931	38.3907	0.00277004
-0.0523639	1.94311	780.78	0.24	0.224072	900.547	32.5669	38.4177	0.00241789
-0.0523404	1.79633	780.78	0.24	0.223043	900.591	32.5228	38.4641	0.00206639
-0.0523189	1.64047	780.78	0.24	0.22222	900.632	32.4508	38.5458	0.00172336
-0.0522994	1.4783	780.78	0.24	0.221955	900.669	32.3453	38.6598	0.00139947
-0.052282	1.31666	780.78	0.24	0.222068	900.702	32.2389	38.7686	0.00111016
-0.0522667	1.15772	780.78	0.24	0.22245	900.731	32.1434	38.8684	0.000858324
-0.0522534	1.0007	780.78	0.24	0.222923	900.757	32.0585	38.9587	0.000641286
-0.052242	0.850326	780.78	0.24	0.223568	900.779	31.9882	39.0352	0.000463033
-0.0522325	0.704269	780.78	0.24	0.224108	900.798	31.9303	39.1027	0.000317628
-0.0522249	0.56387	780.78	0.24	0.224746	900.814	31.869	39.1717	0.00020361
-0.052219	0.42855	780.78	0.24	0.225306	900.826	31.8049	39.2414	0.00011761
-0.0522147	0.302086	780.78	0.24	0.226656	900.835	31.7349	39.3196	5.84392e-05
-0.052212	0.183441	780.78	0.24	0.227547	900.841	31.6943	39.3746	2.15494e-05
-0.0522107	0.0736653	780.78	0.24	0.228102	900.845	31.6723	39.4087	3.4751e-06
-0.0522108	-0.0329241	780.78	0.24	0.228608	900.846	31.6458	39.4581	6.94174e-07
-0.0522122	-0.134653	780.78	0.24	0.229349	900.844	31.6058	39.5066	1.1611e-05
-0.0522148	-0.226459	780.78	0.24	0.230411	900.841	31.5543	39.5854	3.28413e-05
-0.0522185	-0.31034	780.78	0.24	0.23136	900.835	31.5005	39.6526	6.1676e-05
-0.0522232	-0.387402	780.78	0.24	0.231887	900.828	31.4474	39.7179	9.61092e-05
-0.0522289	-0.460976	780.78	0.24	0.231993	900.818	31.3868	39.7924	0.000136081
-0.0522355	-0.535064	780.78	0.24	0.231985	900.807	31.3146	39.8761	0.000183338
-0.0522431	-0.610178	780.78	0.24	0.231803	900.794	31.223	39.9809	0.000238426
-0.0522516	-0.685907	780.78	0.24	0.231568	900.78	31.1197	40.0996	0.000301281
-0.0522611	-0.765188	780.78	0.24	0.231194	900.764	31.0506	40.18	0.000374953
-0.0522717	-0.848217	780.78	0.24	0.230624	900.745	30.9944	40.2517	0.000460739
-0.0522834	-0.937176	780.78	0.24	0.230006	900.725	30.9687	40.2839	0.000562449
-0.0522963	-1.03016	780.78	0.24	0.229835	900.703	30.9722	40.2925	0.000679595
-0.0523104	-1.12155	780.78	0.24	0.230565	900.679	30.9646	40.3171	0.000805531
-0.0523256	-1.20458	780.78	0.24	0.231234	900.653	30.9733	40.3218	0.000929204
-0.0523417	-1.28141	780.78	0.24	0.232033	900.624	30.9675	40.3407	0.00105151
-0.0523588	-1.35167	780.78	0.24	0.232829	900.594	30.9637	40.357	0.00116999
-0.0523767	-1.41495	780.78	0.24	0.233386	900.563	30.9644	40.3693	0.0012821
-0.0523954	-1.47522	780.78	0.24	0.234025	900.53	30.9689	40.3761	0.00139366
-0.0524148	-1.52817	780.78	0.24	0.234903	900.495	30.9794	40.3838	0.00149549
-0.0524348	-1.57116	780.78	0.24	0.235788	900.46	30.9989	40.3803	0.00158082
-0.0524553	-1.60778	780.78	0.24	0.236386	900.424	31.0288	40.3623	0.00165537
-0.0524762	-1.63862	780.78	0.24	0.237437	900.386	31.0325	40.3709	0.00171949
-0.0524974	-1.65842	780.78	0.24	0.238569	900.348	31.0496	40.3669	0.00176129
-0.0525188	-1.66947	780.78	0.24	0.239438	900.31	31.0764	40.3533	0.00178484
-0.0525402	-1.6719	780.78	0.24	0.240257	900.271	31.1082	40.3356	0.00179005
-0.0525616	-1.66881	780.78	0.24	0.240986	900.233	31.1365	40.3227	0.00178342
-0.0525828	-1.65867	780.78	0.24	0.241874	900.195	31.1618	40.3068	0.00176182
-0.0526039	-1.63831	780.78	0.24	0.243191	900.156	31.1611	40.3253	0.00171883
-0.0526246	-1.60507	780.78	0.24	0.244687	900.119	31.1637	40.3353	0.00164979
-0.0526447	-1.55664	780.78	0.24	0.246288	900.082	31.1672	40.3437	0.00155173
-0.052664	-1.49482	780.78	0.24	0.247658	900.046	31.1739	40.3492	0.00143094
-0.0526825	-1.42169	780.78	0.24	0.248861	900.012	31.1881	40.3424	0.00129436
-0.0526999	-1.33962	780.78	0.24	0.249983	899.98	31.2058	40.3341	0.00114922
-0.0527162	-1.24572	780.78	0.24	0.251126	899.95	31.2296	40.3178	0.000993766
-0.0527312	-1.14261	780.78	0.24	0.251982	899.922	31.2576	40.2986	0.000836065
-0.0527447	-1.03165	780.78	0.24	0.252945	899.896	31.2889	40.2729	0.000681564
-0.0527568	-0.911786	780.78	0.24	0.254365	899.873	31.3138	40.2581	0.000532387
-0.0527672	-0.776574	780.78	0.24	0.255876	899.852	31.3442	40.2326	0.000386195
-0.0527758	-0.630922	780.78	0.24	0.257129	899.835	31.3706	40.2066	0.000254913
-0.0527823	-0.47206	780.78	0.24	0.258241	899.822	31.3939	40.1865	0.000142704
-0.0527868	-0.304848	780.78	0.24	0.258985	899.812	31.4261	40.1562	5.95127e-05
-0.052789	-0.131819	780.78	0.24	0.259547	899.806	31.463	40.1178	1.11275e-05
-0.052789	0.0470499	780.78	0.24	0.260215	899.804	31.482	40.098	1.41762e-06
-0.0527866	0.233181	780.78	0.24	0.26119	899.806	31.4796	40.1019	3.482e-05
-0.0527818	0.428072	780.78	0.24	0.26225	899.812	31.4891	40.0864	0.000117348
-0.0527744	0.630932	780.78	0.24	0.26293	899.823	31.5174	40.0521	0.000254921
-0.0527643	0.838337	780.78	0.24	0.263092	899.839	31.5535	40.0091	0.000450069
-0.0527516	1.04527	780.78	0.24	0.262772	899.86	31.5903	39.9646	0.000699682
-0.0527363	1.24573	780.78	0.24	0.26214	899.885	31.6334	39.9136	0.000993777
-0.0527184	1.44119	780.78	0.24	0.261321	899.915	31.6788	39.8609	0.00133009
-0.0526981	1.62772	780.78	0.24	0.260102	899.949	31.7298	39.7983	0.00169668
-0.0526756	1.80173	780.78	0.24	0.258699	899.988	31.7856	39.7252	0.00207883
-0.0526509	1.96584	780.78	0.24	0.257667	900.03	31.8449	39.651	0.0024748
-0.0526243	2.1196	780.78	0.24	0.256327	900.076	31.9167	39.5636	0.00287707
-0.0525957	2.26058	780.78	0.24	0.254933	900.126	31.9972	39.4658	0.0032725
-0.0525655	2.38979	780.78	0.24	0.253846	900.179	32.0734	39.3752	0.00365731
-0.0525338	2.51037	780.78	0.24	0.253169	900.235	32.1417	39.2879	0.00403569
-0.0525005	2.62783	780.78	0.24	0.252998	900.293	32.1827	39.2263	0.00442217
-0.0524657	2.7473	780.78	0.24	0.25325	900.355	32.2038	39.1854	0.0048334
-0.0524293	2.86965	780.78	0.24	0.253604	900.419	32.221	39.1518	0.0052735
-0.0523914	2.99175	780.78	0.24	0.253723	900.486	32.2617	39.0866	0.0057318
-0.0523519	3.11657	780.78	0.24	0.253762	900.555	32.3404	38.9842	0.00622007
-0.0523108	3.23978	780.78	0.24	0.253639	900.628	32.4386	38.8592	0.00672159
-0.0522681	3.36533	780.78	0.24	0.253915	900.703	32.5269	38.7374	0.00725267
-0.0522238	3.48831	780.78	0.24	0.253524	900.782	32.5185	38.7494	0.00779242
-0.052178	3.60085	780.78	0.24	0.253726	900.863	32.4847	38.7651	0.00830332
-0.0521307	3.72527	780.78	0.24	0.254915	900.947	32.5092	38.718	0.00888705
-0.0520817	3.86265	780.78	0.24	0.255285	901.034	32.5836	38.6107	0.00955461
-0.0520309	3.9981	780.78	0.24	0.254321	901.123	32.5421	38.6198	0.0102364
-0.0519786	4.10011	780.78	0.24	0.252807	901.217	32.5192	38.6024	0.0107655
-0.0519251	4.19695	780.78	0.24	0.251819	901.312	32.5035	38.5893	0.01128
-0.0518704	4.29186	780.78	0.24	0.251035	901.409	32.4563	38.6253	0.0117959
-0.0518145	4.39304	780.78	0.24	0.250994	901.509	32.437	38.6072	0.0123587
-0.0517573	4.48809	780.78	0.24	0.250183	901.611	32.353	38.664	0.0128993
-0.0516989	4.57691	780.78	0.24	0.248967	901.715	32.2485	38.7448	0.0134149
-0.0516396	4.65409	780.78	0.24	0.248023	901.821	32.1855	38.7705	0.0138711
-0.0515793	4.72352	780.78	0.24	0.247306	901.929	32.1615	38.7671	0.014288
-0.0515182	4.78785	780.78	0.24	0.246604	902.039	32.1647	38.7383	0.0146799
-0.0514563	4.84626	780.78	0.24	0.245757	902.15	32.1821	38.6901	0.0150402
-0.0513937	4.89589	780.78	0.24	0.244656	902.262	32.1921	38.6487	0.0153499
-0.0513306	4.93415	780.78	0.24	0.243441	902.376	32.18	38.6354	0.0155907
-0.0512672	4.96206	780.78	0.24	0.24221	902.49	32.1617	38.6236	0.0157676
-0.0512035	4.97726	780.78	0.24	0.240651	902.605	32.1326	38.6233	0.0158644
-0.0511397	4.97603	780.78	0.24	0.239151	902.72	32.1057	38.6184	0.0158565
-0.0510761	4.96435	780.78	0.24	0.237724	902.835	32.0851	38.6092	0.0157821
-0.0510127	4.93821	780.78	0.24	0.236258	902.949	32.0608	38.6046	0.0156164
-0.0509498	4.90059	780.78	0.24	0.23486	903.063	32.0316	38.6029	0.0153793
-0.0508875	4.85038	780.78	0.24	0.233476	903.177	31.9963	38.6067	0.0150658
-0.050826	4.78633	780.78	0.24	0.232034	903.288	31.9562	38.6196	0.0146706
-0.0507654	4.70891	780.78	0.24	0.230414	903.399	31.9092	38.639	0.0141998
-0.050706	4.6158	780.78	0.24	0.228829	903.507	31.8667	38.6557	0.0136438
-0.0506479	4.51226	780.78	0.24	0.227703	903.614	31.8382	38.6604	0.0130385
-0.0505912	4.39818	780.78	0.24	0.226793	903.717	31.816	38.6582	0.0123876
-0.050536	4.27652	780.78	0.24	0.225936	903.818	31.811	38.6385	0.0117117
-0.0504825	4.14674	780.78	0.24	0.22522	903.917	31.8254	38.5925	0.0110117
-0.0504306	4.01133	780.78	0.24	0.224516	904.012	31.8289	38.5659	0.0103043
-0.0503806	3.86847	780.78	0.24	0.223701	904.104	31.8197	38.5524	0.00958339
-0.0503325	3.71978	780.78	0.24	0.223128	904.193	31.8172	38.5385	0.00886086
-0.0502863	3.5656	780.78	0.24	0.222535	904.278	31.8187	38.5178	0.00814153
-0.0502422	3.40453	780.78	0.24	0.222252	904.36	31.8262	38.4886	0.00742259
-0.0502001	3.24511	780.78	0.24	0.222254	904.438	31.845	38.4513	0.00674371
-0.0501601	3.08395	780.78	0.24	0.222234	904.512	31.873	38.4059	0.00609056
-0.0501221	2.92579	780.78	0.24	0.222429	904.582	31.9099	38.353	0.00548184
-0.0500862	2.76817	780.78	0.24	0.222587	904.649	31.9583	38.2881	0.00490713
-0.0500522	2.61173	780.78	0.24	0.22275	904.713	32.0128	38.2196	0.00436814
-0.0500203	2.45868	780.78	0.24	0.223187	904.772	32.0677	38.1533	0.0038712
-0.0499902	2.30943	780.78	0.24	0.223647	904.828	32.1217	38.0863	0.00341548
-0.0499621	2.16431	780.78	0.24	0.22408	904.881	32.1643	38.0316	0.00299971
-0.0499357	2.0216	780.78	0.24	0.224343	904.93	32.2009	37.9879	0.00261716
-0.0499112	1.88194	780.78	0.24	0.224667	904.976	32.2347	37.9451	0.00226806
-0.0498884	1.74577	780.78	0.24	0.225151	905.019	32.2548	37.9174	0.00195171
-0.0498673	1.61332	780.78	0.24	0.225521	905.059	32.2862	37.8777	0.0016668
-0.0498479	1.48199	780.78	0.24	0.225509	905.096	32.3156	37.8409	0.00140648
-0.0498302	1.35092	780.78	0.24	0.225395	905.129	32.3418	37.8086	0.00116869
-0.0498142	1.2165	780.78	0.24	0.225244	905.16	32.3614	37.7854	0.000947696
-0.0497999	1.08297	780.78	0.24	0.225125	905.187	32.3674	37.7751	0.000751053
-0.0497873	0.946224	780.78	0.24	0.224675	905.211	32.3651	37.7742	0.000573362
-0.0497765	0.803187	780.78	0.24	0.223952	905.233	32.3632	37.7752	0.000413119
-0.0497677	0.65489	780.78	0.24	0.223434	905.25	32.3663	37.7723	0.000274649
-0.0497607	0.502522	780.78	0.24	0.222869	905.265	32.3679	37.7698	0.000161716
-0.0497558	0.345494	780.78	0.24	0.222392	905.275	32.3627	37.7762	7.64403e-05
-0.0497529	0.181566	780.78	0.24	0.221972	905.283	32.3468	37.7885	2.11112e-05
-0.0497522	0.0177668	780.78	0.24	0.221943	905.286	32.3221	37.8112	2.02144e-07
-0.0497535	-0.146543	780.78	0.24	0.221901	905.285	32.2972	37.8399	1.37521e-05
-0.049757	-0.311371	780.78	0.24	0.221727	905.281	32.2626	37.8798	6.20867e-05
-0.0497626	-0.478569	780.78	0.24	0.221401	905.273	32.2214	37.9271	0.000146666
-0.0497703	-0.650621	780.78	0.24	0.220876	905.261	32.1749	37.9801	0.00027108
-0.0497803	-0.825869	780.78	0.24	0.220522	905.245	32.1135	38.0523	0.000436781
-0.0497926	-1.0052	780.78	0.24	0.2202	905.224	32.0498	38.1273	0.000647065
-0.0498073	-1.18679	780.78	0.24	0.219899	905.2	31.9958	38.1917	0.000901957
-0.0498242	-1.37189	780.78	0.24	0.219504	905.171	31.9405	38.2598	0.00120527
-0.0498436	-1.55983	780.78	0.24	0.219265	905.139	31.8822	38.3303	0.00155811
-0.0498654	-1.7501	780.78	0.24	0.219157	905.101	31.816	38.4103	0.0019614
-0.0498896	-1.94094	780.78	0.24	0.219179	905.06	31.7486	38.497	0.00241248
-0.0499163	-2.13125	780.78	0.24	0.219071	905.014	31.6926	38.57	0.00290878
-0.0499455	-2.32527	780.78	0.24	0.21877	904.963	31.6412	38.6378	0.00346249
-0.0499771	-2.52073	780.78	0.24	0.218633	904.908	31.592	38.7042	0.00406906
-0.0500113	-2.71781	780.78	0.24	0.218475	904.849	31.5506	38.7661	0.00473021
-0.050048	-2.91446	780.78	0.24	0.218482	904.784	31.5294	38.8056	0.00543947
-0.0500872	-3.11222	780.78	0.24	0.218342	904.716	31.5234	38.8347	0.00620271
-0.0501289	-3.30998	780.78	0.24	0.21852	904.642	31.5369	38.8447	0.00701606
-0.0501732	-3.50629	780.78	0.24	0.218619	904.565	31.5608	38.8433	0.00787294
-0.05022	-3.70221	780.78	0.24	0.218675	904.482	31.587	38.8427	0.00877735
-0.0502693	-3.89811	780.78	0.24	0.21867	904.395	31.615	38.8417	0.00973084
-0.0503211	-4.09356	780.78	0.24	0.218705	904.304	31.6487	38.8344	0.0107311
-0.0503754	-4.28703	780.78	0.24	0.219134	904.208	31.664	38.8775	0.0117694
-0.0504321	-4.47802	780.78	0.24	0.219486	904.108	31.7052	38.8637	0.0128414
-0.0504912	-4.66594	780.78	0.24	0.219787	904.003	31.7661	38.8335	0.0139418
-0.0505528	-4.85171	780.78	0.24	0.220161	903.894	31.8377	38.7988	0.0150741
-0.0506166	-5.03247	780.78	0.24	0.220765	903.78	31.9211	38.7442	0.0162182
-0.0506828	-5.20666	780.78	0.24	0.221576	903.663	31.9893	38.7124	0.0173604
-0.0507511	-5.37482	780.78	0.24	0.222436	903.541	32.06	38.675	0.0184999
-0.0508214	-5.53262	780.78	0.24	0.223513	903.416	32.1397	38.6315	0.0196021
-0.0508937	-5.68159	780.78	0.24	0.224487	903.287	32.2162	38.5905	0.020672
-0.0509678	-5.82258	780.78	0.24	0.22517	903.155	32.2896	38.5544	0.0217106
-0.0510437	-5.95894	780.78	0.24	0.225558	903.02	32.3589	38.5224	0.0227395
-0.0511213	-6.09272	780.78	0.24	0.225762	902.881	32.4289	38.4921	0.0237719
-0.0512006	-6.22629	780.78	0.24	0.225751	902.739	32.5089	38.4507	0.0248256
-0.0512816	-6.35946	780.78	0.24	0.226099	902.595	32.597	38.4052	0.0258989
-0.0513643	-6.4864	780.78	0.24	0.226789	902.447	32.6871	38.3566	0.0269432
-0.0514485	-6.60608	780.78	0.24	0.227853	902.296	32.7679	38.322	0.0279466
-0.0515342	-6.71487	780.78	0.24	0.229204	902.143	32.8501	38.2813	0.0288746
-0.0516211	-6.81228	780.78	0.24	0.230492	901.987	32.9389	38.2353	0.0297184
-0.0517092	-6.89715	780.78	0.24	0.231801	901.829	33.0238	38.1929	0.0304636
-0.0517982	-6.97121	780.78	0.24	0.232934	901.67	33.1065	38.1543	0.0311213
-0.0518881	-7.03595	780.78	0.24	0.234282	901.508	33.1738	38.1354	0.031702
-0.0519787	-7.08719	780.78	0.24	0.235591	901.345	33.2394	38.1175	0.0321655
-0.0520699	-7.126	780.78	0.24	0.23697	901.182	33.3129	38.0912	0.0325186
-0.0521614	-7.15372	780.78	0.24	0.238152	901.017	33.3865	38.0667	0.0327722
-0.0522532	-7.16635	780.78	0.24	0.240218	900.852	33.4514	38.0525	0.032888
-0.0523449	-7.16309	780.78	0.24	0.241982	900.686	33.5281	38.0194	0.032858
-0.0524365	-7.14703	780.78	0.24	0.243407	900.521	33.6092	37.9878	0.0327109
-0.0525277	-7.11546	780.78	0.24	0.244782	900.357	33.721	37.9278	0.0324226
-0.0526184	-7.0697	780.78	0.24	0.246664	900.193	33.8562	37.8298	0.0320068
-0.0527084	-7.01443	780.78	0.24	0.247098	900.03	33.8991	37.8515	0.0315084
-0.0527977	-6.95568	780.78	0.24	0.248223	899.869	33.931	37.8732	0.0309828
-0.0528861	-6.88176	780.78	0.24	0.24974	899.709	33.9629	37.8962	0.0303277
-0.0529734	-6.79433	780.78	0.24	0.250917	899.551	33.9919	37.9198	0.0295621
-0.0530595	-6.6979	780.78	0.24	0.251658	899.395	34.0187	37.945	0.0287289
-0.0531443	-6.60081	780.78	0.24	0.252265	899.241	34.0465	37.9565	0.027902
-0.0532278	-6.49236	780.78	0.24	0.253517	899.09	34.0722	37.9899	0.0269927
-0.0533098	-6.37214	780.78	0.24	0.254589	898.941	34.118	37.9903	0.0260023
-0.0533901	-6.24358	780.78	0.24	0.255382	898.795	34.1729	37.9857	0.0249637
-0.0534688	-6.10236	780.78	0.24	0.25733	898.652	34.2605	37.9456	0.0238472
-0.0535454	-5.94653	780.78	0.24	0.259359	898.512	34.3514	37.9127	0.0226448
-0.0536199	-5.76935	780.78	0.24	0.261253	898.377	34.4306	37.8807	0.0213155
-0.0536919	-5.57671	780.78	0.24	0.262679	898.245	34.4634	37.8985	0.0199158
-0.0537614	-5.37397	780.78	0.24	0.263699	898.118	34.4592	37.9518	0.0184941
-0.0538282	-5.16297	780.78	0.24	0.264368	897.995	34.4255	38.035	0.0170703
-0.0538922	-4.94601	780.78	0.24	0.264867	897.878	34.3914	38.1131	0.0156658
-0.0539535	-4.72663	780.78	0.24	0.265011	897.765	34.3526	38.1996	0.0143068
-0.0540119	-4.50446	780.78	0.24	0.265352	897.658	34.3223	38.2704	0.0129935
-0.0540674	-4.27922	780.78	0.24	0.265794	897.556	34.2961	38.3376	0.0117266
-0.05412	-4.04919	780.78	0.24	0.266221	897.459	34.2769	38.3991	0.0104997
-0.0541696	-3.81759	780.78	0.24	0.266583	897.367	34.2501	38.466	0.00933298
-0.0542162	-3.58114	780.78	0.24	0.266964	897.281	34.2221	38.5381	0.00821265
-0.0542598	-3.34202	780.78	0.24	0.267349	897.2	34.2004	38.5994	0.00715255
-0.0543002	-3.09863	780.78	0.24	0.267765	897.124	34.1708	38.6694	0.00614867
-0.0543375	-2.84983	780.78	0.24	0.268393	897.055	34.1434	38.7303	0.00520089
-0.0543716	-2.59489	780.78	0.24	0.268935	896.991	34.1076	38.8013	0.004312
-0.0544023	-2.33634	780.78	0.24	0.269281	896.932	34.0706	38.8736	0.00349552
-0.0544297	-2.07615	780.78	0.24	0.269472	896.88	34.031	38.943	0.00276032
-0.0544538	-1.81319	780.78	0.24	0.269683	896.834	33.9802	39.0228	0.00210538
-0.0544745	-1.54983	780.78	0.24	0.269786	896.794	33.9163	39.1173	0.00153819
-0.0544918	-1.28321	780.78	0.24	0.27002	896.76	33.8491	39.2137	0.00105447
-0.0545056	-1.01557	780.78	0.24	0.27007	896.732	33.7719	39.3166	0.000660477
-0.0545161	-0.746921	780.78	0.24	0.270033	896.71	33.6782	39.4357	0.000357265
-0.054523	-0.479611	780.78	0.24	0.269698	896.695	33.5697	39.5707	0.000147306
-0.0545267	-0.216483	780.78	0.24	0.269178	896.685	33.457	39.7063	3.00115e-05
-0.0545269	0.0412226	780.78	0.24	0.268562	896.682	33.3441	39.8395	1.08821e-06
-0.054524	0.292036	780.78	0.24	0.267914	896.684	33.2321	39.9655	5.46153e-05
-0.0545179	0.538594	780.78	0.24	0.267199	896.692	33.1317	40.0866	0.000185765
-0.0545087	0.777341	780.78	0.24	0.265995	896.706	33.0581	40.178	0.000386958
-0.0544965	1.00356	780.78	0.24	0.264616	896.725	33.0153	40.2358	0.000644947
-0.0544816	1.21737	780.78	0.24	0.263381	896.749	32.9918	40.2689	0.000949043
-0.054464	1.42435	780.78	0.24	0.262849	896.779	32.9553	40.3247	0.00129919
-0.0544438	1.62921	780.78	0.24	0.262704	896.813	32.9353	40.3569	0.0016998
-0.054421	1.8315	780.78	0.24	0.262648	896.851	32.9404	40.3603	0.0021481
-0.0543956	2.0336	780.78	0.24	0.262328	896.894	32.9592	40.3485	0.00264833
-0.0543676	2.23224	780.78	0.24	0.261737	896.942	32.9741	40.3403	0.00319097
-0.0543372	2.42399	780.78	0.24	0.260623	896.995	32.9775	40.343	0.00376273
-0.0543044	2.60247	780.78	0.24	0.259124	897.051	32.9795	40.343	0.00433725
-0.0542694	2.76724	780.78	0.24	0.25711	897.112	33.0032	40.3278	0.00490384
-0.0542326	2.91238	780.78	0.24	0.254959	897.177	33.0666	40.2481	0.00543172
-0.054194	3.04552	780.78	0.24	0.254289	897.244	33.0836	40.2545	0.00593969
-0.0541537	3.17571	780.78	0.24	0.254143	897.315	33.1713	40.1519	0.00645836
-0.0541119	3.29755	780.78	0.24	0.252596	897.389	33.2053	40.1158	0.00696346
-0.0540687	3.38869	780.78	0.24	0.25018	897.465	33.1518	40.1986	0.0073537
-0.0540245	3.47396	780.78	0.24	0.248519	897.544	33.146	40.2175	0.00772843
-0.0539793	3.53541	780.78	0.24	0.245793	897.624	33.2866	40.054	0.00800424
-0.0539336	3.58574	780.78	0.24	0.244768	897.706	33.3935	39.9527	0.00823376
-0.0538872	3.63145	780.78	0.24	0.244845	897.788	33.3602	39.9981	0.00844501
-0.0538403	3.67139	780.78	0.24	0.243582	897.872	33.3327	40.0562	0.00863184
-0.053793	3.70192	780.78	0.24	0.242566	897.957	33.4222	39.9535	0.00877599
-0.0537453	3.72443	780.78	0.24	0.241761	898.042	33.5207	39.8427	0.00888301
-0.0536976	3.72574	780.78	0.24	0.240052	898.128	33.4744	39.8974	0.00888928
-0.05365	3.71182	780.78	0.24	0.237892	898.214	33.4459	39.9424	0.008823
-0.0536027	3.68388	780.78	0.24	0.235457	898.299	33.4791	39.906	0.00869063
-0.0535559	3.63252	780.78	0.24	0.232716	898.383	33.5083	39.8763	0.00845002
-0.0535101	3.55876	780.78	0.24	0.230412	898.467	33.5269	39.8555	0.00811035
-0.0534654	3.46616	780.78	0.24	0.228474	898.548	33.5082	39.8805	0.00769376
-0.053422	3.35643	780.78	0.24	0.226882	898.627	33.4736	39.8992	0.00721433
-0.0533802	3.23454	780.78	0.24	0.225435	898.704	33.4289	39.9462	0.00669987
-0.0533401	3.09672	780.78	0.24	0.224037	898.777	33.3937	39.9901	0.00614108
-0.0533018	2.94729	780.78	0.24	0.222718	898.848	33.3745	40.0149	0.00556272
-0.0532656	2.78946	780.78	0.24	0.22166	898.915	33.3561	40.0443	0.00498289
-0.0532315	2.61925	780.78	0.24	0.220729	898.978	33.3566	40.0519	0.00439334
-0.0531996	2.44146	780.78	0.24	0.219913	899.038	33.3667	40.0468	0.00381717
-0.0531701	2.25816	780.78	0.24	0.219185	899.093	33.3699	40.0493	0.00326552
-0.053143	2.06747	780.78	0.24	0.218373	899.144	33.3729	40.058	0.00273729
-0.0531184	1.87006	780.78	0.24	0.217513	899.19	33.389	40.051	0.0022395
-0.0530964	1.66603	780.78	0.24	0.216968	899.232	33.4159	40.0348	0.00177748
-0.0530771	1.45856	780.78	0.24	0.216621	899.269	33.4403	40.0211	0.00136235
-0.0530604	1.24706	780.78	0.24	0.216262	899.302	33.4647	40.0098	0.000995895
-0.0530465	1.03268	780.78	0.24	0.215923	899.329	33.4788	40.0107	0.000682927
-0.0530354	0.813383	780.78	0.24	0.215438	899.352	33.4948	40.0098	0.000423673
-0.0530271	0.590057	780.78	0.24	0.214894	899.369	33.5215	39.9991	0.000222961
-0.0530217	0.360748	780.78	0.24	0.214139	899.381	33.567	39.9672	8.33391e-05
-0.0530194	0.122845	780.78	0.24	0.213371	899.388	33.6293	39.9218	9.66405e-06
-0.0530201	-0.120796	780.78	0.24	0.212801	899.39	33.7015	39.8666	9.34435e-06
-0.053024	-0.369256	780.78	0.24	0.212318	899.386	33.7796	39.8081	8.73167e-05
-0.0530312	-0.622756	780.78	0.24	0.211808	899.376	33.8568	39.7526	0.000248358
-0.0530416	-0.879437	780.78	0.24	0.211446	899.36	33.9297	39.7021	0.00049528
-0.0530554	-1.13822	780.78	0.24	0.211328	899.338	34.0103	39.6504	0.000829644
-0.0530724	-1.39879	780.78	0.24	0.211788	899.31	34.1109	39.561	0.00125299
-0.0530927	-1.64708	780.78	0.24	0.214039	899.277	34.1712	39.5328	0.00173727
-0.053116	-1.86695	780.78	0.24	0.217455	899.238	34.2301	39.505	0.00223207
-0.0531418	-2.05948	780.78	0.24	0.220627	899.193	34.3273	39.4398	0.00271617
-0.0531698	-2.2241	780.78	0.24	0.223444	899.145	34.4229	39.3743	0.00316775
-0.0531996	-2.36147	780.78	0.24	0.226532	899.093	34.5423	39.2775	0.00357113
-0.053231	-2.47741	780.78	0.24	0.228333	899.038	34.6318	39.2194	0.00393042
-0.0532637	-2.57886	780.78	0.24	0.229719	898.98	34.6682	39.1958	0.00425891
-0.0532976	-2.66135	780.78	0.24	0.232458	898.92	34.6902	39.1954	0.00453571
-0.0533322	-2.71916	780.78	0.24	0.235181	898.859	34.7744	39.1384	0.0047349
-0.0533674	-2.7579	780.78	0.24	0.236927	898.796	34.8221	39.1245	0.00487079
-0.053403	-2.78399	780.78	0.24	0.237798	898.732	34.8337	39.1491	0.00496336
-0.0534389	-2.80258	780.78	0.24	0.23883	898.668	34.8199	39.2012	0.00502988
-0.0534749	-2.81347	780.78	0.24	0.239765	898.603	34.8464	39.2011	0.00506903
-0.0535109	-2.8135	780.78	0.24	0.241074	898.538	34.8721	39.2065	0.00506916
-0.0535468	-2.80019	780.78	0.24	0.242647	898.474	34.8685	39.2486	0.0050213
-0.0535824	-2.77375	780.78	0.24	0.243785	898.409	34.8744	39.2766	0.00492691
-0.0536176	-2.7395	780.78	0.24	0.244346	898.346	34.8755	39.3099	0.00480601
-0.0536524	-2.70255	780.78	0.24	0.244566	898.283	34.8624	39.3559	0.00467724
-0.0536866	-2.66296	780.78	0.24	0.245036	898.221	34.8307	39.4226	0.00454119
-0.0537203	-2.61877	780.78	0.24	0.245429	898.16	34.788	39.5009	0.00439173
-0.0537533	-2.57113	780.78	0.24	0.245781	898.1	34.7442	39.579	0.0042334
-0.0537858	-2.52	780.78	0.24	0.246076	898.041	34.7109	39.645	0.00406669
-0.0538175	-2.46736	780.78	0.24	0.24623	897.984	34.6683	39.7225	0.00389856
-0.0538486	-2.4138	780.78	0.24	0.246199	897.927	34.6156	39.8094	0.00373117
-0.053879	-2.36137	780.78	0.24	0.246011	897.872	34.5565	39.9024	0.00357085
-0.0539088	-2.31177	780.78	0.24	0.245613	897.818	34.4944	39.9982	0.00342239
-0.0539379	-2.26606	780.78	0.24	0.244992	897.765	34.4359	40.0901	0.00328839
-0.0539666	-2.22717	780.78	0.24	0.244374	897.713	34.3847	40.1759	0.00317648
-0.0539947	-2.19478	780.78	0.24	0.243785	897.662	34.3457	40.2445	0.00308478
-0.0540226	-2.16608	780.78	0.24	0.243224	897.612	34.3135	40.3072	0.00300463
-0.0540501	-2.14302	780.78	0.24	0.242549	897.562	34.2847	40.3689	0.00294098
-0.0540773	-2.12444	780.78	0.24	0.242116	897.513	34.2534	40.4328	0.00289023
-0.0541044	-2.10832	780.78	0.24	0.242253	897.464	34.2071	40.509	0.00284652
-0.0541312	-2.08721	780.78	0.24	0.242859	897.416	34.1498	40.5985	0.00278981
-0.0541577	-2.06132	780.78	0.24	0.243381	897.368	34.104	40.6749	0.00272102
-0.0541838	-2.03223	780.78	0.24	0.24366	897.321	34.0713	40.7384	0.00264476
-0.0542095	-2.00237	780.78	0.24	0.243885	897.275	34.0468	40.79	0.00256762
-0.0542348	-1.96979	780.78	0.24	0.244422	897.229	34.0062	40.8592	0.00248474
-0.0542597	-1.92726	780.78	0.24	0.245629	897.184	33.9418	40.9547	0.00237859
-0.0542838	-1.87298	780.78	0.24	0.246954	897.14	33.8737	41.0518	0.00224652
-0.0543072	-1.80785	780.78	0.24	0.248129	897.097	33.8051	41.147	0.00209299
-0.0543296	-1.73227	780.78	0.24	0.24927	897.056	33.7449	41.2376	0.00192165
-0.054351	-1.64633	780.78	0.24	0.250272	897.017	33.6991	41.3113	0.0017357
-0.0543712	-1.55327	780.78	0.24	0.251154	896.979	33.6569	41.3739	0.00154502
-0.0543901	-1.45146	780.78	0.24	0.251876	896.944	33.6055	41.4531	0.00134913
-0.0544077	-1.34594	780.78	0.24	0.252339	896.911	33.5573	41.5276	0.0011601
-0.0544239	-1.23747	780.78	0.24	0.252568	896.881	33.5155	41.5922	0.000980643
-0.0544386	-1.12392	780.78	0.24	0.252974	896.853	33.4794	41.6497	0.000808926
-0.0544519	-1.0093	780.78	0.24	0.252954	896.828	33.4495	41.7024	0.000652352
-0.0544638	-0.896717	780.78	0.24	0.252979	896.806	33.4371	41.7258	0.000514934
-0.0544741	-0.778686	780.78	0.24	0.253477	896.786	33.4383	41.7381	0.000388299
-0.0544829	-0.658452	780.78	0.24	0.253615	896.769	33.4355	41.759	0.000277645
-0.0544902	-0.535341	780.78	0.24	0.254005	896.754	33.4412	41.7779	0.000183528
-0.0544959	-0.412714	780.78	0.24	0.253958	896.743	33.4898	41.744	0.000109079
-0.0545	-0.290534	780.78	0.24	0.253872	896.734	33.545	41.7034	5.40548e-05
-0.0545025	-0.16896	780.78	0.24	0.253612	896.728	33.5997	41.6591	1.82813e-05
-0.0545035	-0.0493727	780.78	0.24	0.253408	896.725	33.6409	41.6419	1.56104e-06
-0.054503	0.0690338	780.78	0.24	0.253143	896.724	33.6732	41.6205	3.05186e-06
-0.054501	0.183432	780.78	0.24	0.252919	896.726	33.7034	41.6042	2.15471e-05
-0.0544976	0.296734	780.78	0.24	0.252647	896.731	33.7325	41.5831	5.63867e-05
-0.0544927	0.406148	780.78	0.24	0.252298	896.739	33.7647	41.5614	0.000105635
-0.0544865	0.512666	780.78	0.24	0.251699	896.749	33.7985	41.5345	0.00016831
-0.0544789	0.61089	780.78	0.24	0.25051	896.761	33.8239	41.5141	0.000238983
-0.0544703	0.696766	780.78	0.24	0.249282	896.776	33.8679	41.4607	0.000310896
-0.0544606	0.775186	780.78	0.24	0.24812	896.792	33.9009	41.4321	0.000384816
-0.05445	0.841364	780.78	0.24	0.246605	896.81	33.929	41.399	0.000453325
-0.0544387	0.895821	780.78	0.24	0.245878	896.83	33.9696	41.3581	0.000513906
-0.0544267	0.942435	780.78	0.24	0.244814	896.851	34.025	41.3009	0.00056878
-0.0544143	0.978406	780.78	0.24	0.243366	896.873	34.0553	41.2737	0.000613027
-0.0544015	1.00389	780.78	0.24	0.242612	896.896	34.1155	41.2068	0.000645372
-0.0543884	1.028	780.78	0.24	0.242619	896.919	34.2035	41.0886	0.000676751
-0.0543751	1.04625	780.78	0.24	0.241545	896.943	34.2371	41.0667	0.000700987
-0.0543615	1.05633	780.78	0.24	0.240617	896.967	34.2553	41.0468	0.000714558
-0.054348	1.05867	780.78	0.24	0.239818	896.991	34.2674	41.0292	0.000717733
-0.0543345	1.05153	780.78	0.24	0.238966	897.015	34.2813	41.0193	0.000708087
-0.0543211	1.03821	780.78	0.24	0.238114	897.039	34.3011	40.9959	0.000690253
-0.054308	1.01704	780.78	0.24	0.237924	897.063	34.3166	40.968	0.000662394
-0.0542952	0.999428	780.78	0.24	0.238015	897.086	34.3146	40.9669	0.000639653
-0.0542825	0.981208	780.78	0.24	0.237925	897.109	34.3101	40.9675	0.000616543
-0.0542702	0.961293	780.78	0.24	0.237599	897.132	34.3073	40.966	0.00059177
-0.0542581	0.936785	780.78	0.24	0.23719	897.154	34.2937	40.9678	0.00056198
-0.0542463	0.910477	780.78	0.24	0.236975	897.175	34.2541	41.002	0.000530859
-0.0542349	0.879709	780.78	0.24	0.236553	897.196	34.2126	41.0336	0.000495587
-0.054224	0.846835	780.78	0.24	0.236082	897.216	34.1646	41.0767	0.000459239
-0.0542135	0.807341	780.78	0.24	0.23551	897.235	34.1216	41.1126	0.000417403
-0.0542036	0.763802	780.78	0.24	0.234888	897.253	34.0899	41.1379	0.000373596
-0.0541942	0.714465	780.78	0.24	0.234272	897.271	34.0762	41.1371	0.000326891
-0.0541856	0.659759	780.78	0.24	0.233904	897.287	34.0672	41.1398	0.000278748
-0.0541777	0.60371	780.78	0.24	0.233658	897.302	34.0823	41.115	0.000233398
-0.0541705	0.546398	780.78	0.24	0.233836	897.315	34.096	41.0959	0.000191188
-0.054164	0.491603	780.78	0.24	0.233943	897.327	34.1057	41.0787	0.000154764
-0.0541583	0.435739	780.78	0.24	0.23394	897.338	34.1048	41.0666	0.000121589
-0.0541532	0.382292	780.78	0.24	0.234129	897.348	34.0933	41.0698	9.35907e-05
-0.0541488	0.32936	780.78	0.24	0.234087	897.357	34.0762	41.0795	6.94679e-05
-0.0541451	0.275411	780.78	0.24	0.233946	897.364	34.0491	41.0996	4.8574e-05
-0.0541421	0.217997	780.78	0.24	0.233477	897.37	34.0173	41.1241	3.04328e-05
-0.0541399	0.155768	780.78	0.24	0.233111	897.375	33.9912	41.1408	1.55381e-05
-0.0541385	0.0923301	780.78	0.24	0.232962	897.378	33.9594	41.1626	5.45918e-06
-0.054138	0.0288802	780.78	0.24	0.232953	897.38	33.9235	41.1886	5.34124e-07
-0.0541382	-0.0344186	780.78	0.24	0.233101	897.38	33.9192	41.1756	7.58624e-07
-0.0541392	-0.0958232	780.78	0.24	0.233587	897.379	33.9122	41.1804	5.88007e-06
-0.054141	-0.151792	780.78	0.24	0.234317	897.376	33.9112	41.172	1.4755e-05
-0.0541434	-0.200018	780.78	0.24	0.235078	897.372	33.9194	41.1514	2.56201e-05
-0.0541464	-0.242641	780.78	0.24	0.235639	897.368	33.9215	41.139	3.77025e-05
-0.0541499	-0.281149	780.78	0.24	0.236063	897.362	33.9195	41.1266	5.06192e-05
-0.0541538	-0.315	780.78	0.24	0.236423	897.355	33.9107	41.1241	6.35423e-05
-0.0541582	-0.348372	780.78	0.24	0.236423	897.348	33.8973	41.1253	7.7719e-05
-0.0541629	-0.382079	780.78	0.24	0.236351	897.34	33.875	41.1372	9.34863e-05
-0.0541682	-0.416561	780.78	0.24	0.236329	897.331	33.8486	41.1531	0.000111122
-0.0541738	-0.449524	780.78	0.24	0.236447	897.321	33.8402	41.1452	0.000129404
-0.0541799	-0.481433	780.78	0.24	0.23655	897.31	33.8096	41.1633	0.000148427
-0.0541864	-0.51554	780.78	0.24	0.236471	897.299	33.7706	41.1919	0.000170202
-0.0541933	-0.547733	780.78	0.24	0.236545	897.287	33.7457	41.2001	0.000192123
-0.0542006	-0.579369	780.78	0.24	0.236474	897.274	33.7302	41.2008	0.000214957
-0.0542083	-0.613158	780.78	0.24	0.236065	897.261	33.7236	41.1917	0.000240761
-0.0542166	-0.653025	780.78	0.24	0.235302	897.246	33.7259	41.1758	0.000273087
-0.0542254	-0.70032	780.78	0.24	0.234645	897.231	33.7273	41.1562	0.000314075
-0.0542348	-0.750953	780.78	0.24	0.234319	897.215	33.721	41.1473	0.000361133
-0.0542449	-0.805243	780.78	0.24	0.233848	897.197	33.7188	41.1344	0.000415236
-0.0542558	-0.863656	780.78	0.24	0.233382	897.178	33.7217	41.114	0.000477665
-0.0542675	-0.927001	780.78	0.24	0.232778	897.158	33.7211	41.0953	0.000550303
-0.05428	-0.996583	780.78	0.24	0.231905	897.137	33.7211	41.076	0.000636017
-0.0542935	-1.07686	780.78	0.24	0.230646	897.113	33.7385	41.0395	0.00074261
-0.0543081	-1.16792	780.78	0.24	0.229415	897.088	33.7879	40.9677	0.000873512
-0.054324	-1.26865	780.78	0.24	0.22843	897.061	33.8471	40.9053	0.00103069
-0.0543413	-1.37827	780.78	0.24	0.227305	897.031	33.9157	40.8194	0.0012165
-0.0543601	-1.50051	780.78	0.24	0.226262	896.999	34.0096	40.703	0.00144184
-0.0543806	-1.6335	780.78	0.24	0.225409	896.963	34.1066	40.5806	0.00170875
-0.0544028	-1.76848	780.78	0.24	0.224731	896.925	34.1815	40.4846	0.00200282
-0.0544268	-1.91183	780.78	0.24	0.224146	896.884	34.2043	40.4389	0.00234066
-0.0544527	-2.05591	780.78	0.24	0.223914	896.839	34.1758	40.4491	0.00270675
-0.0544804	-2.20419	780.78	0.24	0.224175	896.791	34.1505	40.4557	0.00311128
-0.05451	-2.34302	780.78	0.24	0.225061	896.739	34.1084	40.4793	0.00351556
-0.0545413	-2.47487	780.78	0.24	0.22565	896.685	34.0394	40.5321	0.00392235
-0.0545742	-2.60841	780.78	0.24	0.225679	896.627	34.0133	40.5404	0.00435705
-0.0546089	-2.73833	780.78	0.24	0.22647	896.567	34.0282	40.494	0.00480189
-0.0546451	-2.85495	780.78	0.24	0.227795	896.503	34.0581	40.4417	0.0052196
-0.0546827	-2.96845	780.78	0.24	0.22942	896.437	34.0988	40.4063	0.00564289
-0.0547216	-3.05994	780.78	0.24	0.230487	896.368	34.1694	40.313	0.00599608
-0.0547616	-3.14304	780.78	0.24	0.231192	896.297	34.2105	40.2454	0.00632617
-0.0548027	-3.23192	780.78	0.24	0.231953	896.225	34.2817	40.1384	0.00668901
-0.0548448	-3.30219	780.78	0.24	0.232609	896.15	34.371	40.0219	0.00698306
-0.0548878	-3.37547	780.78	0.24	0.232269	896.074	34.4471	39.9561	0.00729643
-0.0549317	-3.45662	780.78	0.24	0.232687	895.996	34.5014	39.9093	0.00765145
-0.0549766	-3.52016	780.78	0.24	0.233746	895.916	34.589	39.7908	0.00793536
-0.0550222	-3.57437	780.78	0.24	0.234522	895.835	34.6343	39.7301	0.00818164
-0.0550685	-3.62242	780.78	0.24	0.234952	895.753	34.6432	39.7004	0.00840311
-0.0551153	-3.66857	780.78	0.24	0.235089	895.67	34.6277	39.7021	0.00861857
-0.0551628	-3.71629	780.78	0.24	0.235329	895.585	34.6376	39.6755	0.00884426
-0.0552107	-3.7558	780.78	0.24	0.23647	895.5	34.6476	39.6513	0.00903329
-0.0552591	-3.78179	780.78	0.24	0.23821	895.413	34.6176	39.6614	0.00915876
-0.0553077	-3.79224	780.78	0.24	0.24004	895.327	34.5557	39.7033	0.00920946
-0.0553562	-3.78469	780.78	0.24	0.242043	895.24	34.4764	39.7646	0.00917281
-0.0554044	-3.75889	780.78	0.24	0.243879	895.153	34.39	39.831	0.00904815
-0.0554522	-3.71478	780.78	0.24	0.246077	895.067	34.2955	39.9062	0.00883704
-0.0554992	-3.65126	780.78	0.24	0.248533	894.982	34.2168	39.9599	0.00853744
-0.0555452	-3.56375	780.78	0.24	0.251082	894.899	34.1414	40.0183	0.0081331
-0.0555898	-3.45562	780.78	0.24	0.253341	894.818	34.0639	40.0738	0.00764704
-0.0556328	-3.32694	780.78	0.24	0.255452	894.739	33.9964	40.1179	0.00708811
-0.0556741	-3.18321	780.78	0.24	0.257204	894.664	33.9384	40.1562	0.00648892
-0.0557133	-3.02371	780.78	0.24	0.258716	894.592	33.8939	40.1712	0.00585491
-0.0557504	-2.85179	780.78	0.24	0.260005	894.523	33.8541	40.1846	0.00520808
-0.0557852	-2.66917	780.78	0.24	0.26097	894.459	33.8143	40.1957	0.00456242
-0.0558176	-2.47992	780.78	0.24	0.261455	894.399	33.7816	40.1992	0.00393837
-0.0558475	-2.28772	780.78	0.24	0.261869	894.343	33.7793	40.1635	0.00335157
-0.0558749	-2.09119	780.78	0.24	0.26228	894.292	33.7988	40.1125	0.00280044
-0.0558998	-1.89045	780.78	0.24	0.262679	894.245	33.8224	40.0565	0.00228862
-0.055922	-1.68659	780.78	0.24	0.262994	894.203	33.8481	40.001	0.00182163
-0.0559417	-1.48041	780.78	0.24	0.263227	894.166	33.8849	39.9262	0.00140348
-0.0559586	-1.27284	780.78	0.24	0.263391	894.133	33.926	39.8461	0.00103749
-0.0559729	-1.06188	780.78	0.24	0.263952	894.105	33.9426	39.7903	0.000722097
-0.0559844	-0.845529	780.78	0.24	0.264788	894.082	33.9223	39.7724	0.000457823
-0.0559931	-0.620845	780.78	0.24	0.265808	894.064	33.8905	39.7708	0.000246836
-0.0559988	-0.386044	780.78	0.24	0.266957	894.051	33.8843	39.7349	9.54366e-05
-0.0560014	-0.141572	780.78	0.24	0.268111	894.043	33.8963	39.6754	1.2835e-05
-0.0560008	0.112931	780.78	0.24	0.269052	894.042	33.9138	39.6084	8.16704e-06
-0.0559969	0.376072	780.78	0.24	0.269821	894.046	33.921	39.5581	9.05696e-05
-0.0559895	0.642575	780.78	0.24	0.270666	894.056	33.9201	39.5227	0.000264416
-0.0559786	0.921429	780.78	0.24	0.271704	894.072	33.9329	39.4595	0.000543707
-0.055964	1.20662	780.78	0.24	0.27249	894.095	33.9243	39.4234	0.00093236
-0.0559458	1.498	780.78	0.24	0.273099	894.124	33.9027	39.3971	0.00143702
-0.0559238	1.79508	780.78	0.24	0.273429	894.16	33.8726	39.3736	0.00206353
-0.0558979	2.09441	780.78	0.24	0.273509	894.203	33.8368	39.3543	0.00280909
-0.0558682	2.38958	780.78	0.24	0.27347	894.253	33.8038	39.3425	0.00365667
-0.0558348	2.68727	780.78	0.24	0.273672	894.309	33.7731	39.3136	0.00462448
-0.0557974	2.98953	780.78	0.24	0.274074	894.372	33.7359	39.29	0.00572329
-0.0557562	3.29438	780.78	0.24	0.274029	894.443	33.6961	39.269	0.00695005
-0.0557111	3.59631	780.78	0.24	0.273503	894.52	33.6532	39.2491	0.00828239
-0.0556622	3.89286	780.78	0.24	0.272794	894.604	33.6015	39.2376	0.00970464
-0.0556095	4.18251	780.78	0.24	0.271929	894.695	33.5392	39.2354	0.0112025
-0.0555533	4.46196	780.78	0.24	0.270999	894.792	33.4655	39.2385	0.0127495
-0.0554935	4.73464	780.78	0.24	0.270085	894.896	33.3865	39.2367	0.0143554
-0.0554303	4.99921	780.78	0.24	0.26912	895.006	33.3114	39.2439	0.0160046
-0.0553638	5.25514	780.78	0.24	0.267931	895.122	33.2318	39.254	0.0176852
-0.0552941	5.49825	780.78	0.24	0.266411	895.244	33.1451	39.2746	0.0193593
-0.0552215	5.72653	780.78	0.24	0.264726	895.372	33.0602	39.2882	0.0210002
-0.0551461	5.93971	780.78	0.24	0.262733	895.504	32.9786	39.2979	0.0225929
-0.0550681	6.13512	780.78	0.24	0.260799	895.642	32.9073	39.2908	0.0241039
-0.0549878	6.31353	780.78	0.24	0.258919	895.784	32.8331	39.2944	0.0255262
-0.0549053	6.47571	780.78	0.24	0.257305	895.929	32.7659	39.2893	0.0268544
-0.054821	6.62233	780.78	0.24	0.25574	896.079	32.6872	39.2938	0.0280843
-0.0547348	6.75647	780.78	0.24	0.254341	896.232	32.6036	39.3014	0.0292335
-0.0546471	6.87794	780.78	0.24	0.252667	896.388	32.5151	39.3189	0.0302941
-0.054558	6.98226	780.78	0.24	0.250857	896.546	32.4225	39.3336	0.0312201
-0.0544677	7.07241	780.78	0.24	0.249058	896.707	32.323	39.3621	0.0320314
-0.0543764	7.14561	780.78	0.24	0.247048	896.87	32.2301	39.382	0.0326979
-0.0542843	7.20012	780.78	0.24	0.244802	897.035	32.1464	39.3938	0.0331987
-0.0541917	7.2309	780.78	0.24	0.24226	897.2	32.0694	39.3963	0.0334832
-0.054099	7.24162	780.78	0.24	0.239938	897.367	31.9829	39.415	0.0335825
-0.0540063	7.2301	780.78	0.24	0.237617	897.533	31.9014	39.4337	0.0334757
-0.053914	7.19961	780.78	0.24	0.235348	897.699	31.832	39.4354	0.033194
-0.0538223	7.14667	780.78	0.24	0.232839	897.865	31.7742	39.428	0.0327076
-0.0537314	7.07204	780.78	0.24	0.230655	898.029	31.7208	39.423	0.032028
-0.0536417	6.98186	780.78	0.24	0.228968	898.191	31.6745	39.406	0.0312164
-0.0535533	6.87487	780.78	0.24	0.227142	898.351	31.6351	39.3847	0.0302671
-0.0534664	6.75381	780.78	0.24	0.225601	898.508	31.6156	39.3393	0.0292105
-0.0533811	6.61942	780.78	0.24	0.22426	898.663	31.6055	39.2886	0.0280596
-0.0532977	6.4725	780.78	0.24	0.222863	898.815	31.6026	39.2318	0.0268279
-0.0532164	6.31393	780.78	0.24	0.221508	898.963	31.605	39.172	0.0255294
-0.0531371	6.14151	780.78	0.24	0.219966	899.107	31.6226	39.0939	0.0241542
-0.0530602	5.95453	780.78	0.24	0.218321	899.248	31.6569	39.005	0.0227058
-0.0529859	5.7487	780.78	0.24	0.216448	899.384	31.7196	38.8912	0.0211632
-0.0529144	5.52403	780.78	0.24	0.213523	899.515	31.8371	38.7543	0.0195413
-0.052846	5.27811	780.78	0.24	0.211643	899.641	31.9625	38.5532	0.0178402
-0.0527809	5.012	780.78	0.24	0.212132	899.761	31.9107	38.5321	0.0160866
-0.0527192	4.75388	780.78	0.24	0.212699	899.875	31.9144	38.4734	0.0144723
-0.0526607	4.50639	780.78	0.24	0.211996	899.983	31.9515	38.3935	0.0130047
-0.0526054	4.24996	780.78	0.24	0.210753	900.086	32.0086	38.2926	0.0115667
-0.0525535	3.98215	780.78	0.24	0.209718	900.182	32.0645	38.1966	0.0101549
-0.0525052	3.70797	780.78	0.24	0.209111	900.272	32.1006	38.1285	0.00880467
-0.0524603	3.42956	780.78	0.24	0.208897	900.356	32.1283	38.0707	0.00753215
-0.0524191	3.14983	780.78	0.24	0.209267	900.434	32.1425	38.0207	0.00635352
-0.0523814	2.87682	780.78	0.24	0.209924	900.505	32.1538	37.9781	0.0052999
-0.0523471	2.60958	780.78	0.24	0.210606	900.57	32.164	37.9367	0.00436097
-0.0523162	2.34808	780.78	0.24	0.211171	900.628	32.1749	37.8985	0.00353074
-0.0522886	2.09093	780.78	0.24	0.211596	900.681	32.1867	37.8604	0.00279975
-0.0522643	1.837	780.78	0.24	0.211916	900.728	32.1975	37.827	0.00216102
-0.0522432	1.5834	780.78	0.24	0.212263	900.769	32.2031	37.7946	0.00160556
-0.0522253	1.33584	780.78	0.24	0.21287	900.804	32.2001	37.7796	0.00114275
-0.0522106	1.0922	780.78	0.24	0.213653	900.833	32.2136	37.7512	0.000763917
-0.0521988	0.858854	780.78	0.24	0.214561	900.857	32.2488	37.6976	0.000472367
-0.05219	0.634351	780.78	0.24	0.215611	900.876	32.2875	37.6424	0.000257692
-0.0521839	0.419548	780.78	0.24	0.216966	900.889	32.3141	37.5992	0.000112721
-0.0521805	0.219709	780.78	0.24	0.218809	900.897	32.3225	37.5778	3.09127e-05
-0.0521795	0.0365711	780.78	0.24	0.220661	900.901	32.3239	37.5697	8.5648e-07
-0.0521806	-0.129754	780.78	0.24	0.222432	900.901	32.3228	37.5611	1.07816e-05
-0.0521838	-0.281751	780.78	0.24	0.224055	900.897	32.3177	37.5548	5.0836e-05
-0.0521887	-0.419392	780.78	0.24	0.22574	900.89	32.3095	37.5552	0.000112637
-0.0521953	-0.540949	780.78	0.24	0.227542	900.88	32.2976	37.5618	0.000187393
-0.0522033	-0.647654	780.78	0.24	0.229512	900.866	32.286	37.5668	0.000268613
-0.0522124	-0.734494	780.78	0.24	0.231701	900.851	32.2837	37.5618	0.000345476
-0.0522225	-0.79987	780.78	0.24	0.233871	900.834	32.2903	37.5512	0.000409713
-0.0522332	-0.848441	780.78	0.24	0.23575	900.815	32.298	37.5354	0.000460983
-0.0522444	-0.879527	780.78	0.24	0.237496	900.795	32.3022	37.527	0.000495382
-0.0522558	-0.895847	780.78	0.24	0.238979	900.775	32.309	37.5183	0.000513936
-0.0522674	-0.902764	780.78	0.24	0.240207	900.754	32.3167	37.5104	0.000521903
-0.0522789	-0.89751	780.78	0.24	0.241712	900.733	32.3301	37.4925	0.000515845
-0.0522902	-0.875432	780.78	0.24	0.243349	900.712	32.3343	37.4876	0.000490779
-0.0523011	-0.83936	780.78	0.24	0.24479	900.692	32.3318	37.4895	0.000451168
-0.0523114	-0.792377	780.78	0.24	0.245971	900.673	32.3246	37.4983	0.000402074
-0.052321	-0.735847	780.78	0.24	0.247151	900.655	32.3131	37.5076	0.00034675
-0.0523298	-0.666822	780.78	0.24	0.248453	900.639	32.2875	37.5342	0.000284749
-0.0523376	-0.58586	780.78	0.24	0.249612	900.624	32.249	37.5742	0.0002198
-0.0523442	-0.496138	780.78	0.24	0.250644	900.611	32.1954	37.6281	0.000157633
-0.0523496	-0.395727	780.78	0.24	0.251847	900.6	32.1349	37.6866	0.000100284
-0.0523537	-0.2847	780.78	0.24	0.252958	900.591	32.0665	37.7553	5.19057e-05
-0.0523562	-0.163753	780.78	0.24	0.254043	900.585	31.9895	37.8324	1.7172e-05
-0.052357	-0.0336822	780.78	0.24	0.254955	900.582	31.9103	37.909	7.2651e-07
-0.0523561	0.103312	780.78	0.24	0.255591	900.582	31.8231	37.9933	6.83503e-06
-0.0523535	0.244583	780.78	0.24	0.256056	900.586	31.7279	38.0866	3.83084e-05
-0.0523489	0.390484	780.78	0.24	0.25643	900.592	31.6362	38.1746	9.76443e-05
-0.0523425	0.53958	780.78	0.24	0.256754	900.602	31.5391	38.2663	0.000186446
-0.0523341	0.690909	780.78	0.24	0.256912	900.615	31.4427	38.3585	0.000305691
-0.0523238	0.843135	780.78	0.24	0.256861	900.632	31.3541	38.4417	0.000455235
-0.0523116	0.994043	780.78	0.24	0.256605	900.652	31.2766	38.5127	0.000632779
-0.0522974	1.14273	780.78	0.24	0.256384	900.676	31.2077	38.5745	0.000836237
-0.0522814	1.29006	780.78	0.24	0.256211	900.703	31.1397	38.6329	0.00106577
-0.0522634	1.43509	780.78	0.24	0.255836	900.734	31.078	38.6871	0.00131887
-0.0522437	1.57591	780.78	0.24	0.255228	900.768	31.0259	38.728	0.00159039
-0.0522222	1.7095	780.78	0.24	0.254378	900.805	30.9789	38.7641	0.00187145
-0.0521991	1.8359	780.78	0.24	0.253536	900.845	30.9346	38.7976	0.00215844
-0.0521744	1.95476	780.78	0.24	0.252623	900.888	30.8946	38.828	0.00244696
-0.0521484	2.06177	780.78	0.24	0.251835	900.934	30.8544	38.8564	0.00272221
-0.0521209	2.1671	780.78	0.24	0.251359	900.982	30.8169	38.8818	0.00300745
-0.0520922	2.26742	780.78	0.24	0.25063	901.033	30.7905	38.895	0.00329234
-0.0520623	2.36092	780.78	0.24	0.250036	901.086	30.7703	38.9027	0.00356948
-0.0520312	2.45089	780.78	0.24	0.249696	901.141	30.7534	38.9041	0.0038467
-0.0519989	2.53755	780.78	0.24	0.249281	901.198	30.7471	38.8948	0.00412355
-0.0519656	2.61826	780.78	0.24	0.248777	901.257	30.7443	38.8796	0.00439002
-0.0519314	2.69568	780.78	0.24	0.248431	901.318	30.7432	38.8632	0.00465349
-0.0518961	2.77057	780.78	0.24	0.248027	901.381	30.7476	38.8417	0.00491563
-0.0518599	2.84339	780.78	0.24	0.247926	901.445	30.7498	38.8306	0.00517742
-0.0518228	2.9166	780.78	0.24	0.24794	901.511	30.7636	38.7999	0.00544747
-0.0517848	2.98798	780.78	0.24	0.247645	901.579	30.7869	38.7609	0.00571739
-0.0517459	3.05603	780.78	0.24	0.247069	901.648	30.819	38.7128	0.00598078
-0.0517061	3.11716	780.78	0.24	0.246086	901.719	30.856	38.6583	0.00622243
-0.0516657	3.16588	780.78	0.24	0.244761	901.791	30.8995	38.5957	0.00641843
-0.0516248	3.20402	780.78	0.24	0.243495	901.865	30.9533	38.5264	0.00657401
-0.0515835	3.23001	780.78	0.24	0.241992	901.939	31.0152	38.4476	0.00668111
-0.051542	3.242	780.78	0.24	0.240307	902.014	31.0832	38.3612	0.00673082
-0.0515005	3.23608	780.78	0.24	0.238412	902.089	31.1467	38.28	0.00670627
-0.0514592	3.21476	780.78	0.24	0.236587	902.163	31.2112	38.1978	0.00661819
-0.0514184	3.17686	780.78	0.24	0.234696	902.238	31.2625	38.129	0.00646305
-0.0513782	3.12006	780.78	0.24	0.232408	902.311	31.3003	38.0755	0.006234
-0.051339	3.04041	780.78	0.24	0.229679	902.382	31.3645	38.0136	0.00591976
-0.051301	2.93788	780.78	0.24	0.227317	902.452	31.4257	37.9458	0.00552727
-0.0512645	2.82047	780.78	0.24	0.226286	902.519	31.4325	38.0812	0.00509428
-0.0512296	2.69037	780.78	0.24	0.22478	902.584	31.5335	37.947	0.00463518
-0.0511965	2.54719	780.78	0.24	0.223787	902.645	31.6027	37.8701	0.00415495
-0.0511653	2.40278	780.78	0.24	0.224016	902.703	31.5149	37.9864	0.00369717
-0.0511359	2.25702	780.78	0.24	0.223453	902.758	31.5476	37.9411	0.0032622
-0.0511085	2.09928	780.78	0.24	0.223189	902.809	31.5687	37.8296	0.00282215
-0.051083	1.95173	780.78	0.24	0.22386	902.857	31.5544	37.8451	0.00243939
-0.0510594	1.80717	780.78	0.24	0.223884	902.901	31.5732	37.8173	0.00209142
-0.0510377	1.65949	780.78	0.24	0.223345	902.942	31.5968	37.787	0.00176357
-0.0510179	1.50666	780.78	0.24	0.223188	902.98	31.624	37.7519	0.00145369
-0.051	1.35456	780.78	0.24	0.223108	903.014	31.6606	37.708	0.00117499
-0.0509842	1.20141	780.78	0.24	0.222843	903.044	31.7018	37.6596	0.000924316
-0.0509703	1.04344	780.78	0.24	0.22207	903.071	31.7429	37.6157	0.000697235
-0.0509585	0.875484	780.78	0.24	0.220644	903.094	31.769	37.5891	0.000490838
-0.050949	0.692754	780.78	0.24	0.218895	903.114	31.7958	37.5652	0.000307326
-0.050942	0.495239	780.78	0.24	0.217337	903.129	31.8347	37.5301	0.000157062
-0.0509377	0.281904	780.78	0.24	0.215876	903.139	31.877	37.4902	5.08912e-05
-0.0509362	0.0587064	780.78	0.24	0.214702	903.144	31.9195	37.4521	2.20705e-06
-0.0509377	-0.176558	780.78	0.24	0.213389	903.144	31.9562	37.4225	1.99625e-05
-0.0509423	-0.4239	780.78	0.24	0.212092	903.139	31.9912	37.3973	0.000115072
-0.0509502	-0.682857	780.78	0.24	0.210825	903.127	32.0327	37.363	0.000298608
-0.0509615	-0.952813	780.78	0.24	0.209649	903.11	32.0751	37.3315	0.000581376
-0.0509764	-1.23396	780.78	0.24	0.208649	903.086	32.1196	37.2948	0.000975087
-0.050995	-1.52134	780.78	0.24	0.208165	903.056	32.1605	37.2689	0.00148215
-0.0510172	-1.81145	780.78	0.24	0.208088	903.019	32.2145	37.2274	0.00210133
-0.0510432	-2.1018	780.78	0.24	0.208225	902.976	32.2609	37.1931	0.00282893
-0.0510729	-2.3895	780.78	0.24	0.208465	902.926	32.3006	37.172	0.00365641
-0.0511062	-2.67493	780.78	0.24	0.208754	902.869	32.3334	37.1613	0.00458211
-0.0511432	-2.95757	780.78	0.24	0.209168	902.805	32.3598	37.1522	0.00560159
-0.0511838	-3.23644	780.78	0.24	0.209931	902.735	32.3741	37.1682	0.00670773
-0.0512278	-3.50579	780.78	0.24	0.211031	902.659	32.3694	37.2006	0.00787069
-0.0512752	-3.76411	780.78	0.24	0.212396	902.576	32.3455	37.2545	0.00907331
-0.0513258	-4.00953	780.78	0.24	0.213911	902.488	32.3131	37.3138	0.010295
-0.0513794	-4.24027	780.78	0.24	0.215637	902.394	32.2834	37.3729	0.0115141
-0.0514357	-4.45506	780.78	0.24	0.217461	902.294	32.2494	37.4372	0.0127101
-0.0514947	-4.65369	780.78	0.24	0.219254	902.19	32.2056	37.5143	0.0138687
-0.0515561	-4.83647	780.78	0.24	0.221088	902.082	32.1529	37.6006	0.0149795
-0.0516197	-5.00267	780.78	0.24	0.222921	901.969	32.0996	37.6865	0.0160267
-0.0516852	-5.15242	780.78	0.24	0.224679	901.852	32.044	37.7787	0.0170006
-0.0517525	-5.28728	780.78	0.24	0.22637	901.733	31.9913	37.8667	0.0179022
-0.0518214	-5.40669	780.78	0.24	0.228003	901.61	31.938	37.9582	0.0187199
-0.0518916	-5.51288	780.78	0.24	0.229502	901.484	31.8906	38.0451	0.0194625
-0.0519631	-5.60524	780.78	0.24	0.231091	901.356	31.8519	38.1251	0.0201201
-0.0520357	-5.68344	780.78	0.24	0.23295	901.227	31.8228	38.1938	0.0206854
-0.0521091	-5.74517	780.78	0.24	0.235153	901.095	31.7964	38.2601	0.0211372
-0.052183	-5.7826	780.78	0.24	0.237507	900.962	31.7816	38.315	0.0214135
-0.0522573	-5.80017	780.78	0.24	0.239883	900.829	31.7718	38.3646	0.0215438
-0.0523315	-5.79502	780.78	0.24	0.242331	900.695	31.7727	38.4061	0.0215056
-0.0524055	-5.76769	780.78	0.24	0.244781	900.561	31.7893	38.4302	0.0213032
-0.0524789	-5.71814	780.78	0.24	0.247132	900.428	31.8113	38.4508	0.0209388
-0.0525515	-5.64917	780.78	0.24	0.249343	900.297	31.8337	38.4672	0.0204367
-0.052623	-5.5584	780.78	0.24	0.251812	900.167	31.8575	38.4845	0.0197852
-0.0526931	-5.44558	780.78	0.24	0.254266	900.04	31.8775	38.5061	0.0189902
-0.0527616	-5.31065	780.78	0.24	0.256619	899.915	31.8968	38.5291	0.0180608
-0.0528281	-5.15343	780.78	0.24	0.259144	899.793	31.9189	38.55	0.0170073
-0.0528925	-4.97431	780.78	0.24	0.261495	899.675	31.9449	38.564	0.0158455
-0.0529543	-4.77544	780.78	0.24	0.263529	899.562	31.9728	38.5754	0.0146039
-0.0530134	-4.5585	780.78	0.24	0.265524	899.453	32.0036	38.5839	0.0133072
-0.0530695	-4.32431	780.78	0.24	0.267343	899.349	32.0343	38.5911	0.011975
-0.0531225	-4.07485	780.78	0.24	0.268923	899.251	32.0666	38.5934	0.0106332
-0.0531722	-3.81145	780.78	0.24	0.270412	899.159	32.098	38.5994	0.00930296
-0.0532184	-3.53524	780.78	0.24	0.2716	899.073	32.1344	38.5953	0.00800347
-0.0532609	-3.25022	780.78	0.24	0.272406	898.993	32.1696	38.591	0.00676496
-0.0532997	-2.95822	780.78	0.24	0.273029	898.92	32.1967	38.5935	0.00560405
-0.0533348	-2.6618	780.78	0.24	0.273449	898.853	32.2322	38.5865	0.00453724
-0.053366	-2.36172	780.78	0.24	0.273878	898.794	32.2856	38.5602	0.0035719
-0.0533933	-2.05821	780.78	0.24	0.274262	898.741	32.3484	38.5203	0.00271281
-0.0534167	-1.75139	780.78	0.24	0.274632	898.696	32.419	38.472	0.0019643
-0.0534362	-1.44132	780.78	0.24	0.274902	898.657	32.5009	38.406	0.00133033
-0.0534516	-1.12904	780.78	0.24	0.275156	898.626	32.5791	38.3439	0.000816322
-0.053463	-0.813012	780.78	0.24	0.27553	898.601	32.6354	38.3036	0.000423288
-0.0534704	-0.492166	780.78	0.24	0.275963	898.585	32.6614	38.2914	0.000155119
-0.0534736	-0.168841	780.78	0.24	0.276249	898.575	32.6644	38.2998	1.82556e-05
-0.0534726	0.157018	780.78	0.24	0.276259	898.573	32.6535	38.3215	1.57885e-05
-0.0534675	0.48098	780.78	0.24	0.275795	898.579	32.6437	38.3387	0.000148148
-0.0534582	0.798988	780.78	0.24	0.274872	898.592	32.6356	38.3522	0.000408811
-0.053445	1.10527	780.78	0.24	0.273535	898.612	32.6356	38.3532	0.000782304
-0.053428	1.39973	780.78	0.24	0.272063	898.639	32.6465	38.3419	0.00125466
-0.0534074	1.67918	780.78	0.24	0.270416	898.673	32.6626	38.3245	0.00180566
-0.0533833	1.94627	780.78	0.24	0.268876	898.713	32.6918	38.2966	0.00242575
-0.0533559	2.2014	780.78	0.24	0.267648	898.759	32.7145	38.2649	0.0031034
-0.0533253	2.44867	780.78	0.24	0.267156	898.811	32.6723	38.3041	0.00383974
-0.0532916	2.69514	780.78	0.24	0.267413	898.869	32.5931	38.3876	0.00465163
-0.0532547	2.94432	780.78	0.24	0.267692	898.933	32.5867	38.3851	0.00555151
-0.0532146	3.19425	780.78	0.24	0.267468	899.002	32.6188	38.343	0.00653398
-0.0531713	3.44052	780.78	0.24	0.266773	899.077	32.6481	38.3015	0.00758034
-0.053125	3.67632	780.78	0.24	0.265333	899.158	32.6468	38.2888	0.00865501
-0.0530758	3.89726	780.78	0.24	0.263224	899.243	32.6119	38.321	0.00972659
-0.0530239	4.09339	780.78	0.24	0.259924	899.334	32.7136	38.1407	0.0107302
-0.0529697	4.27672	780.78	0.24	0.260643	899.43	32.7185	38.4667	0.0117128
-0.0529132	4.46329	780.78	0.24	0.260323	899.529	32.9743	38.1834	0.0127571
-0.0528543	4.64332	780.78	0.24	0.259234	899.633	33.073	38.0717	0.013807
-0.0527932	4.81478	780.78	0.24	0.25834	899.741	33.0864	38.0419	0.0148455
-0.0527299	4.98034	780.78	0.24	0.257673	899.853	33.0893	38.0257	0.015884
-0.0526646	5.1372	780.78	0.24	0.256762	899.969	33.0337	38.0573	0.0169003
-0.0525974	5.28847	780.78	0.24	0.256384	900.088	32.9871	38.0871	0.0179103
-0.0525282	5.43653	780.78	0.24	0.256161	900.211	32.9537	38.0999	0.0189272
-0.0524572	5.58252	780.78	0.24	0.255892	900.337	32.9239	38.1095	0.0199573
-0.0523843	5.72643	780.78	0.24	0.25548	900.467	32.9038	38.105	0.0209995
-0.0523096	5.86717	780.78	0.24	0.254952	900.6	32.8698	38.1195	0.0220444
-0.0522332	6.00143	780.78	0.24	0.254197	900.736	32.8319	38.1336	0.0230648
-0.0521551	6.12907	780.78	0.24	0.253541	900.875	32.7852	38.1577	0.0240564
-0.0520754	6.25111	780.78	0.24	0.252743	901.017	32.736	38.182	0.0250239
-0.0519942	6.36545	780.78	0.24	0.251627	901.162	32.6905	38.2025	0.0259477
-0.0519117	6.46773	780.78	0.24	0.250337	901.31	32.651	38.2188	0.0267883
-0.051828	6.5589	780.78	0.24	0.248822	901.46	32.6246	38.2186	0.0275488
-0.0517433	6.6349	780.78	0.24	0.247019	901.612	32.6077	38.2107	0.0281909
-0.0516577	6.69232	780.78	0.24	0.245081	901.765	32.6008	38.1954	0.0286811
-0.0515716	6.73293	780.78	0.24	0.243091	901.92	32.593	38.1768	0.0290302
-0.0514851	6.75608	780.78	0.24	0.241052	902.076	32.5698	38.1755	0.0292302
-0.0513985	6.75989	780.78	0.24	0.238759	902.232	32.5319	38.1882	0.0292631
-0.0513121	6.7444	780.78	0.24	0.236987	902.388	32.4966	38.194	0.0291292
-0.051226	6.715	780.78	0.24	0.235528	902.544	32.4556	38.212	0.0288758
-0.0511404	6.6721	780.78	0.24	0.233942	902.699	32.4005	38.2429	0.028508
-0.0510555	6.61358	780.78	0.24	0.232242	902.853	32.3423	38.2773	0.0280101
-0.0509715	6.53972	780.78	0.24	0.23046	903.005	32.2907	38.3084	0.0273879
-0.0508886	6.44938	780.78	0.24	0.228467	903.156	32.2658	38.3103	0.0266365
-0.050807	6.34149	780.78	0.24	0.227035	903.305	32.2505	38.3153	0.0257528
-0.0507269	6.22393	780.78	0.24	0.225929	903.451	32.2583	38.2837	0.0248068
-0.0506484	6.09468	780.78	0.24	0.224562	903.594	32.2655	38.2577	0.0237872
-0.0505717	5.95303	780.78	0.24	0.223335	903.734	32.2593	38.2411	0.0226943
-0.0504969	5.80213	780.78	0.24	0.222743	903.871	32.1945	38.288	0.0215584
-0.0504241	5.64802	780.78	0.24	0.222313	904.005	32.066	38.401	0.0204284
-0.0503533	5.48147	780.78	0.24	0.2204	904.135	32.0468	38.3973	0.0192413
-0.0502848	5.30331	780.78	0.24	0.219419	904.261	32.0601	38.3949	0.0180109
-0.0502186	5.12676	780.78	0.24	0.220682	904.382	31.9886	38.4744	0.0168317
-0.0501546	4.95616	780.78	0.24	0.220832	904.5	31.9798	38.4687	0.0157301
-0.0500928	4.78207	780.78	0.24	0.220284	904.614	31.9597	38.4785	0.0146444
-0.0500333	4.60324	780.78	0.24	0.219702	904.724	31.934	38.4916	0.0135696
-0.0499761	4.41962	780.78	0.24	0.219091	904.829	31.8981	38.5174	0.0125087
-0.0499213	4.22985	780.78	0.24	0.218311	904.931	31.8595	38.5471	0.0114575
-0.049869	4.03188	780.78	0.24	0.217361	905.028	31.8201	38.5787	0.0104101
-0.0498194	3.82527	780.78	0.24	0.216401	905.12	31.7744	38.6198	0.00937057
-0.0497725	3.60668	780.78	0.24	0.215378	905.207	31.7295	38.6611	0.00833023
-0.0497284	3.38164	780.78	0.24	0.214366	905.29	31.6863	38.6995	0.00732314
-0.0496874	3.14608	780.78	0.24	0.213098	905.367	31.6424	38.7402	0.00633842
-0.0496494	2.89796	780.78	0.24	0.211657	905.438	31.6006	38.7803	0.00537805
-0.0496148	2.63347	780.78	0.24	0.210055	905.504	31.5649	38.8185	0.00444118
-0.0495838	2.35439	780.78	0.24	0.208662	905.564	31.5382	38.8437	0.00354974
-0.0495564	2.06629	780.78	0.24	0.207534	905.617	31.509	38.8757	0.00273417
-0.0495327	1.7692	780.78	0.24	0.206622	905.663	31.4697	38.9219	0.00200446
-0.049513	1.46331	780.78	0.24	0.205717	905.702	31.4369	38.9608	0.00137124
-0.0494973	1.14897	780.78	0.24	0.2047	905.734	31.4083	38.9955	0.000845398
-0.0494857	0.824242	780.78	0.24	0.203493	905.759	31.3845	39.0281	0.000435062
-0.0494783	0.488096	780.78	0.24	0.202277	905.776	31.3696	39.054	0.000152564
-0.0494754	0.140972	780.78	0.24	0.201107	905.786	31.3642	39.0716	1.27265e-05
-0.049477	-0.218445	780.78	0.24	0.20006	905.787	31.3608	39.0747	3.05581e-05
-0.0494833	-0.586705	780.78	0.24	0.199224	905.78	31.3537	39.0967	0.000220435
-0.0494944	-0.961094	780.78	0.24	0.198567	905.764	31.3538	39.1111	0.000591524
-0.0495103	-1.34046	780.78	0.24	0.197942	905.74	31.358	39.1242	0.00115067
-0.0495312	-1.7256	780.78	0.24	0.197465	905.706	31.3704	39.1302	0.00190688
-0.049557	-2.1146	780.78	0.24	0.197032	905.664	31.3873	39.1346	0.00286352
-0.0495879	-2.50616	780.78	0.24	0.197107	905.613	31.4291	39.115	0.00402214
-0.0496237	-2.89612	780.78	0.24	0.1975	905.552	31.4722	39.0937	0.00537122
-0.0496645	-3.28104	780.78	0.24	0.198008	905.483	31.5165	39.076	0.00689391
-0.0497102	-3.66169	780.78	0.24	0.198548	905.405	31.5684	39.0521	0.00858627
-0.0497607	-4.03847	780.78	0.24	0.199273	905.317	31.6123	39.033	0.0104442
-0.0498159	-4.40587	780.78	0.24	0.200329	905.222	31.6493	39.0283	0.0124309
-0.0498758	-4.76437	780.78	0.24	0.201368	905.117	31.693	39.0165	0.0145363
-0.0499402	-5.11243	780.78	0.24	0.202596	905.005	31.7348	39.0099	0.0167377
-0.0500089	-5.45	780.78	0.24	0.203773	904.884	31.782	38.9978	0.019021
-0.0500819	-5.77751	780.78	0.24	0.205099	904.756	31.8198	38.993	0.0213758
-0.0501589	-6.09088	780.78	0.24	0.206726	904.621	31.8359	39.0197	0.0237575
-0.0502397	-6.38706	780.78	0.24	0.208839	904.478	31.8302	39.0699	0.0261242
-0.0503242	-6.66613	780.78	0.24	0.211072	904.328	31.8243	39.1247	0.028457
-0.0504121	-6.9226	780.78	0.24	0.213476	904.172	31.8277	39.1704	0.0306888
-0.050503	-7.15425	780.78	0.24	0.216557	904.01	31.7961	39.249	0.032777
-0.0505966	-7.35993	780.78	0.24	0.21952	903.844	31.7845	39.3122	0.0346888
-0.0506926	-7.53872	780.78	0.24	0.222208	903.672	31.7934	39.3525	0.0363945
-0.0507907	-7.69432	780.78	0.24	0.22481	903.497	31.8216	39.3716	0.0379124
-0.0508905	-7.82532	780.78	0.24	0.227449	903.318	31.8538	39.3991	0.0392144
-0.0509918	-7.93311	780.78	0.24	0.229988	903.136	31.888	39.4151	0.0403022
-0.0510942	-8.01915	780.78	0.24	0.232339	902.952	31.9304	39.4251	0.0411811
-0.0511976	-8.0838	780.78	0.24	0.234614	902.766	31.9756	39.433	0.0418478
-0.0513016	-8.12973	780.78	0.24	0.237015	902.579	31.9957	39.4711	0.0423247
-0.0514059	-8.15085	780.78	0.24	0.239664	902.391	31.9951	39.5267	0.0425448
-0.0515103	-8.14909	780.78	0.24	0.242446	902.203	32.0091	39.5661	0.0425265
-0.0516144	-8.1222	780.78	0.24	0.245059	902.014	32.0294	39.5991	0.0422463
-0.051718	-8.07128	780.78	0.24	0.247643	901.827	32.0582	39.6264	0.0417183
-0.0518207	-7.99726	780.78	0.24	0.250295	901.641	32.0974	39.6418	0.0409566
-0.0519222	-7.90045	780.78	0.24	0.252629	901.457	32.1529	39.6397	0.039971
-0.0520222	-7.78177	780.78	0.24	0.255103	901.275	32.2097	39.6438	0.0387791
-0.0521206	-7.64059	780.78	0.24	0.257453	901.096	32.2698	39.6378	0.0373848
-0.0522169	-7.4792	780.78	0.24	0.259692	900.921	32.333	39.6297	0.0358221
-0.052311	-7.2991	780.78	0.24	0.261839	900.749	32.4059	39.6094	0.0341177
-0.0524025	-7.09893	780.78	0.24	0.263725	900.582	32.486	39.5813	0.0322721
-0.0524914	-6.88278	780.78	0.24	0.265348	900.419	32.5675	39.55	0.0303367
-0.0525773	-6.65238	780.78	0.24	0.267027	900.262	32.64	39.5243	0.0283398
-0.0526602	-6.40594	780.78	0.24	0.268819	900.11	32.6986	39.5161	0.0262789
-0.0527397	-6.14191	780.78	0.24	0.27082	899.964	32.7622	39.4993	0.0241573
-0.0528157	-5.86157	780.78	0.24	0.272537	899.824	32.8198	39.486	0.0220024
-0.0528879	-5.56639	780.78	0.24	0.273972	899.69	32.8723	39.4757	0.0198421
-0.0529563	-5.25967	780.78	0.24	0.275203	899.564	32.9197	39.4643	0.0177157
-0.0530206	-4.94178	780.78	0.24	0.276393	899.445	32.963	39.4612	0.015639
-0.0530807	-4.61451	780.78	0.24	0.277107	899.333	33.0213	39.4397	0.0136362
-0.0531367	-4.28423	780.78	0.24	0.277457	899.228	33.0968	39.4043	0.011754
-0.0531883	-3.9471	780.78	0.24	0.278185	899.131	33.1987	39.3306	0.00997695
-0.0532355	-3.60467	780.78	0.24	0.278538	899.043	33.2687	39.2884	0.00832096
-0.0532784	-3.26202	780.78	0.24	0.278691	898.962	33.2812	39.3112	0.00681421
-0.0533169	-2.91736	780.78	0.24	0.278489	898.888	33.2525	39.3701	0.00545032
-0.053351	-2.58123	780.78	0.24	0.277797	898.823	33.2399	39.419	0.00426674
-0.0533808	-2.24056	780.78	0.24	0.278387	898.766	33.2843	39.395	0.00321482
-0.0534062	-1.89732	780.78	0.24	0.278301	898.716	33.3492	39.3467	0.00230527
-0.0534272	-1.55856	780.78	0.24	0.277458	898.674	33.3921	39.3186	0.00155557
-0.053444	-1.23176	780.78	0.24	0.276149	898.641	33.4063	39.3237	0.000971615
-0.0534566	-0.908342	780.78	0.24	0.276019	898.614	33.4329	39.3034	0.000528372
-0.0534652	-0.591196	780.78	0.24	0.275001	898.595	33.457	39.2847	0.000223823
-0.0534698	-0.284984	780.78	0.24	0.273411	898.583	33.4265	39.3271	5.20095e-05
-0.0534707	-0.00247558	780.78	0.24	0.271295	898.578	33.4126	39.3409	3.92459e-09
-0.0534681	0.272397	780.78	0.24	0.270373	898.58	33.417	39.3334	4.75167e-05
-0.0534621	0.525102	780.78	0.24	0.269015	898.588	33.3875	39.377	0.000176575
-0.0534529	0.782431	780.78	0.24	0.26855	898.601	33.4159	39.3314	0.000392043
-0.0534404	1.02979	780.78	0.24	0.26707	898.621	33.4125	39.3552	0.00067911
-0.0534249	1.27297	780.78	0.24	0.267128	898.646	33.4816	39.2657	0.00103771
-0.0534063	1.51372	780.78	0.24	0.266242	898.677	33.5078	39.2493	0.00146735
-0.0533846	1.75138	780.78	0.24	0.266703	898.713	33.5289	39.2383	0.00196428
-0.0533599	1.99003	780.78	0.24	0.266314	898.755	33.5475	39.2148	0.00253608
-0.0533322	2.22197	780.78	0.24	0.264979	898.802	33.4904	39.2708	0.00316167
-0.0533016	2.43929	780.78	0.24	0.26312	898.854	33.4408	39.3055	0.00381037
-0.0532684	2.64246	780.78	0.24	0.261918	898.912	33.3794	39.3547	0.00447155
-0.0532327	2.83511	780.78	0.24	0.260743	898.974	33.2895	39.4314	0.00514731
-0.0531946	3.01632	780.78	0.24	0.259158	899.04	33.1937	39.5176	0.00582633
-0.0531544	3.18195	780.78	0.24	0.25793	899.11	33.1209	39.5756	0.00648377
-0.0531121	3.34054	780.78	0.24	0.256916	899.185	33.0665	39.6154	0.00714621
-0.0530679	3.48937	780.78	0.24	0.255717	899.262	33.0279	39.6394	0.00779713
-0.0530218	3.62681	780.78	0.24	0.254403	899.344	32.9996	39.6514	0.00842348
-0.0529742	3.75197	780.78	0.24	0.253421	899.428	32.9882	39.6439	0.00901488
-0.052925	3.87147	780.78	0.24	0.252754	899.515	32.9515	39.6655	0.00959826
-0.0528743	3.98705	780.78	0.24	0.252383	899.605	32.9023	39.6971	0.0101799
-0.0528221	4.09801	780.78	0.24	0.251757	899.697	32.8584	39.7219	0.0107544
-0.0527687	4.20116	780.78	0.24	0.250713	899.792	32.824	39.7337	0.0113026
-0.052714	4.29119	780.78	0.24	0.249912	899.89	32.7782	39.7657	0.0117923
-0.0526581	4.38045	780.78	0.24	0.249663	899.989	32.7451	39.7758	0.0122879
-0.0526012	4.46866	780.78	0.24	0.249365	900.091	32.7283	39.7706	0.0127878
-0.0525432	4.55186	780.78	0.24	0.248807	900.194	32.7141	39.7644	0.0132684
-0.0524841	4.6302	780.78	0.24	0.248491	900.3	32.6741	39.7789	0.013729
-0.0524241	4.70907	780.78	0.24	0.248448	900.407	32.6184	39.8126	0.0142008
-0.052363	4.78625	780.78	0.24	0.248143	900.516	32.5604	39.844	0.0146701
-0.052301	4.85895	780.78	0.24	0.247562	900.627	32.5024	39.8757	0.0151191
-0.0522381	4.92496	780.78	0.24	0.246706	900.739	32.4439	39.9099	0.0155327
-0.0521745	4.98223	780.78	0.24	0.245525	900.853	32.3951	39.9325	0.0158961
-0.0521102	5.02921	780.78	0.24	0.244265	900.969	32.3472	39.9549	0.0161972
-0.0520455	5.06382	780.78	0.24	0.242918	901.085	32.3243	39.9445	0.0164209
-0.0519804	5.08876	780.78	0.24	0.24194	901.202	32.2969	39.9471	0.0165831
-0.051915	5.10312	780.78	0.24	0.240702	901.32	32.2709	39.9441	0.0166768
-0.0518496	5.10543	780.78	0.24	0.23924	901.437	32.2547	39.9344	0.0166919
-0.0517844	5.09209	780.78	0.24	0.237665	901.555	32.2548	39.9097	0.0166048
-0.0517194	5.06729	780.78	0.24	0.236257	901.673	32.2706	39.8673	0.0164435
-0.0516548	5.02897	780.78	0.24	0.234659	901.79	32.2943	39.8139	0.0161957
-0.0515909	4.97442	780.78	0.24	0.233044	901.905	32.3201	39.7618	0.0158462
-0.0515278	4.90685	780.78	0.24	0.231385	902.02	32.3463	39.7099	0.0154187
-0.0514658	4.82444	780.78	0.24	0.229874	902.133	32.3733	39.6626	0.0149051
-0.0514049	4.73133	780.78	0.24	0.228967	902.244	32.4106	39.6	0.0143353
-0.0513452	4.63113	780.78	0.24	0.228288	902.353	32.4461	39.5394	0.0137346
-0.0512869	4.52378	780.78	0.24	0.22745	902.459	32.482	39.4784	0.0131052
-0.0512301	4.40635	780.78	0.24	0.226475	902.563	32.5235	39.4094	0.0124337
-0.0511749	4.28064	780.78	0.24	0.22528	902.664	32.5689	39.3458	0.0117344
-0.0511214	4.14252	780.78	0.24	0.22421	902.762	32.6249	39.2711	0.0109893
-0.0510697	3.9955	780.78	0.24	0.222924	902.857	32.6685	39.2042	0.0102231
-0.0510201	3.83606	780.78	0.24	0.221489	902.949	32.6629	39.1941	0.00942348
-0.0509726	3.65345	780.78	0.24	0.219896	903.037	32.6224	39.208	0.00854766
-0.0509276	3.46953	780.78	0.24	0.219107	903.12	32.6103	39.2015	0.00770871
-0.0508851	3.26732	780.78	0.24	0.218735	903.199	32.6026	39.1884	0.00683634
-0.0508451	3.07302	780.78	0.24	0.217978	903.274	32.6404	39.1249	0.00604743
-0.0508077	2.86495	780.78	0.24	0.217533	903.344	32.7389	39.0244	0.00525625
-0.0507729	2.66295	780.78	0.24	0.217594	903.409	32.8451	38.9037	0.00454116
-0.0507408	2.46018	780.78	0.24	0.217411	903.469	32.8895	38.8514	0.00387594
-0.0507112	2.25417	780.78	0.24	0.216772	903.525	32.9366	38.7916	0.00325397
-0.0506844	2.0394	780.78	0.24	0.215823	903.576	32.9848	38.7304	0.00266347
-0.0506604	1.81879	780.78	0.24	0.215196	903.622	32.9987	38.702	0.00211839
-0.0506393	1.59338	780.78	0.24	0.214751	903.663	32.9691	38.7281	0.00162585
-0.0506211	1.36468	780.78	0.24	0.214615	903.698	32.9326	38.7674	0.00119262
-0.0506058	1.13366	780.78	0.24	0.214201	903.729	32.9234	38.7675	0.00082302
-0.0505935	0.898234	780.78	0.24	0.213643	903.754	32.927	38.7591	0.000516678
-0.0505843	0.657663	780.78	0.24	0.213646	903.773	32.902	38.7796	0.00027698
-0.0505782	0.421298	780.78	0.24	0.214133	903.787	32.8602	38.821	0.000113663
-0.050575	0.188526	780.78	0.24	0.214482	903.795	32.8378	38.8384	2.27607e-05
-0.0505748	-0.0410721	780.78	0.24	0.214788	903.798	32.8453	38.8304	1.08028e-06
-0.0505775	-0.2693	780.78	0.24	0.215228	903.796	32.8661	38.7988	4.64422e-05
-0.0505831	-0.491626	780.78	0.24	0.215888	903.788	32.8738	38.7914	0.000154778
-0.0505915	-0.707369	780.78	0.24	0.2168	903.776	32.868	38.7995	0.00032043
-0.0506025	-0.911852	780.78	0.24	0.218188	903.758	32.8433	38.8313	0.000532463
-0.0506161	-1.1027	780.78	0.24	0.219828	903.736	32.8134	38.8662	0.00077868
-0.0506319	-1.28019	780.78	0.24	0.22119	903.709	32.7783	38.9049	0.00104952
-0.0506499	-1.44684	780.78	0.24	0.222169	903.679	32.7476	38.9404	0.00134055
-0.05067	-1.60733	780.78	0.24	0.222864	903.644	32.7312	38.9612	0.00165445
-0.0506921	-1.7616	780.78	0.24	0.223471	903.606	32.7321	38.9663	0.00198727
-0.0507161	-1.90911	780.78	0.24	0.224121	903.565	32.7402	38.969	0.00233402
-0.0507419	-2.05232	780.78	0.24	0.224517	903.52	32.7517	38.9659	0.00269733
-0.0507695	-2.1937	780.78	0.24	0.224678	903.471	32.7689	38.961	0.00308175
-0.050799	-2.33344	780.78	0.24	0.224955	903.42	32.7915	38.9529	0.00348686
-0.0508302	-2.47106	780.78	0.24	0.225184	903.365	32.8257	38.9312	0.00391028
-0.0508631	-2.60653	780.78	0.24	0.225238	903.307	32.8702	38.9007	0.00435077
-0.0508978	-2.74219	780.78	0.24	0.22535	903.246	32.9273	38.855	0.00481544
-0.0509342	-2.87837	780.78	0.24	0.225829	903.182	32.9876	38.7999	0.00530562
-0.0509723	-3.0041	780.78	0.24	0.226763	903.114	33.0263	38.7772	0.00577924
-0.0510119	-3.12013	780.78	0.24	0.228011	903.044	33.0566	38.765	0.00623429
-0.0510529	-3.22382	780.78	0.24	0.229496	902.971	33.0792	38.7619	0.00665555
-0.051095	-3.31429	780.78	0.24	0.230998	902.896	33.0973	38.7598	0.0070343
-0.0511382	-3.39153	780.78	0.24	0.232518	902.819	33.1176	38.7572	0.00736602
-0.0511823	-3.45631	780.78	0.24	0.233892	902.74	33.1402	38.7548	0.0076501
-0.0512271	-3.50801	780.78	0.24	0.235138	902.66	33.1667	38.7464	0.00788065
-0.0512724	-3.54947	780.78	0.24	0.236255	902.579	33.1919	38.7404	0.00806805
-0.0513182	-3.5803	780.78	0.24	0.237372	902.496	33.2086	38.7439	0.00820879
-0.0513642	-3.60249	780.78	0.24	0.238538	902.414	33.214	38.7571	0.00831088
-0.0514105	-3.61246	780.78	0.24	0.239913	902.33	33.2086	38.786	0.00835696
-0.0514567	-3.6094	780.78	0.24	0.241351	902.247	33.2133	38.7999	0.00834281
-0.0515028	-3.59458	780.78	0.24	0.242619	902.163	33.2246	38.806	0.00827442
-0.0515486	-3.56756	780.78	0.24	0.243889	902.08	33.2441	38.8084	0.0081505
-0.051594	-3.5312	780.78	0.24	0.244977	901.998	33.2727	38.7994	0.00798522
-0.0516388	-3.48342	780.78	0.24	0.246118	901.917	33.3074	38.7849	0.00777057
-0.0516828	-3.42643	780.78	0.24	0.247072	901.837	33.3493	38.7644	0.00751839
-0.0517261	-3.36089	780.78	0.24	0.24808	901.758	33.3933	38.7402	0.00723353
-0.0517684	-3.2862	780.78	0.24	0.24891	901.681	33.4369	38.7148	0.00691561
-0.0518097	-3.20442	780.78	0.24	0.249807	901.605	33.4687	38.7032	0.00657568
-0.0518499	-3.11366	780.78	0.24	0.250728	901.532	33.4941	38.696	0.00620848
-0.0518888	-3.01585	780.78	0.24	0.25161	901.46	33.5171	38.6916	0.00582451
-0.0519265	-2.90898	780.78	0.24	0.252592	901.391	33.5469	38.6797	0.00541904
-0.0519626	-2.79361	780.78	0.24	0.253459	901.325	33.5734	38.6736	0.00499772
-0.0519972	-2.67124	780.78	0.24	0.254181	901.261	33.5878	38.6802	0.00456947
-0.0520302	-2.54259	780.78	0.24	0.254742	901.2	33.5986	38.6835	0.00413994
-0.0520615	-2.41101	780.78	0.24	0.255135	901.142	33.6098	38.682	0.00372255
-0.0520911	-2.27429	780.78	0.24	0.255551	901.087	33.6159	38.6894	0.00331232
-0.0521189	-2.13592	780.78	0.24	0.255783	901.036	33.6149	38.7012	0.00292153
-0.0521449	-1.9951	780.78	0.24	0.25574	900.987	33.608	38.7212	0.00254902
-0.0521691	-1.85682	780.78	0.24	0.255264	900.942	33.6062	38.7355	0.00220791
-0.0521916	-1.72495	780.78	0.24	0.254438	900.9	33.6291	38.7247	0.00190543
-0.0522124	-1.59966	780.78	0.24	0.253849	900.861	33.6671	38.6964	0.00163868
-0.0522317	-1.47708	780.78	0.24	0.253622	900.825	33.7012	38.6756	0.00139717
-0.0522495	-1.35756	780.78	0.24	0.253301	900.791	33.7375	38.6453	0.0011802
-0.0522657	-1.23876	780.78	0.24	0.253399	900.761	33.7556	38.6359	0.000982684
-0.0522804	-1.11672	780.78	0.24	0.253918	900.733	33.7281	38.6725	0.000798603
-0.0522935	-0.990193	780.78	0.24	0.254488	900.708	33.6786	38.7314	0.000627887
-0.052305	-0.861547	780.78	0.24	0.254998	900.686	33.6329	38.7811	0.000475335
-0.0523147	-0.726172	780.78	0.24	0.255444	900.667	33.5903	38.8282	0.000337691
-0.0523227	-0.588398	780.78	0.24	0.255839	900.651	33.5455	38.8822	0.000221709
-0.0523288	-0.445036	780.78	0.24	0.256335	900.638	33.5043	38.9274	0.000126833
-0.0523331	-0.297547	780.78	0.24	0.256495	900.628	33.473	38.964	5.66958e-05
-0.0523355	-0.151051	780.78	0.24	0.256194	900.622	33.4415	38.9958	1.46114e-05
-0.0523361	-0.00884561	780.78	0.24	0.255612	900.62	33.4126	39.0258	5.01069e-08
-0.0523349	0.127582	780.78	0.24	0.254746	900.62	33.3848	39.0543	1.04237e-05
-0.052332	0.255977	780.78	0.24	0.25402	900.624	33.3674	39.0744	4.19607e-05
-0.0523275	0.378934	780.78	0.24	0.253309	900.631	33.362	39.078	9.19535e-05
-0.0523215	0.495514	780.78	0.24	0.252632	900.64	33.3477	39.0896	0.000157236
-0.0523141	0.605504	780.78	0.24	0.252151	900.652	33.3092	39.122	0.000234788
-0.0523053	0.713233	780.78	0.24	0.251736	900.667	33.2636	39.1662	0.000325765
-0.0522952	0.816286	780.78	0.24	0.251275	900.684	33.2289	39.1967	0.000426704
-0.0522838	0.916327	780.78	0.24	0.250868	900.703	33.2	39.2217	0.000537703
-0.0522711	1.01144	780.78	0.24	0.250224	900.725	33.1778	39.241	0.000655124
-0.0522573	1.10112	780.78	0.24	0.249543	900.749	33.1636	39.25	0.000776448
-0.0522424	1.1819	780.78	0.24	0.248834	900.775	33.1517	39.2486	0.000894548
-0.0522265	1.25716	780.78	0.24	0.248412	900.803	33.1321	39.262	0.0010121
-0.0522097	1.33243	780.78	0.24	0.248177	900.832	33.1172	39.2688	0.00113692
-0.0521919	1.40413	780.78	0.24	0.247722	900.863	33.1054	39.2744	0.00126258
-0.0521733	1.47252	780.78	0.24	0.247285	900.896	33.112	39.2575	0.00138856
-0.0521538	1.53687	780.78	0.24	0.246914	900.93	33.1267	39.2388	0.00151256
-0.0521335	1.59681	780.78	0.24	0.246269	900.966	33.1566	39.1999	0.00163285
-0.0521126	1.64996	780.78	0.24	0.245664	901.003	33.1935	39.1572	0.00174337
-0.052091	1.69895	780.78	0.24	0.245351	901.042	33.2327	39.1086	0.00184842
-0.0520687	1.74717	780.78	0.24	0.245137	901.081	33.2523	39.0787	0.00195484
-0.0520459	1.79213	780.78	0.24	0.244739	901.122	33.2437	39.0771	0.00205675
-0.0520226	1.83109	780.78	0.24	0.243782	901.163	33.2286	39.089	0.00214713
-0.0519988	1.86493	780.78	0.24	0.243486	901.206	33.2118	39.0963	0.00222724
-0.0519746	1.89564	780.78	0.24	0.243222	901.249	33.2136	39.0797	0.00230119
-0.0519501	1.91996	780.78	0.24	0.242543	901.293	33.2123	39.0742	0.00236063
-0.0519253	1.94043	780.78	0.24	0.241746	901.338	33.2078	39.068	0.00241123
-0.0519003	1.95159	780.78	0.24	0.240766	901.382	33.1757	39.086	0.00243905
-0.0518753	1.95391	780.78	0.24	0.239602	901.428	33.1084	39.1461	0.00244483
-0.0518503	1.947	780.78	0.24	0.238646	901.473	33.0571	39.1857	0.00242758
-0.0518255	1.92961	780.78	0.24	0.237254	901.518	33.0267	39.2063	0.0023844
-0.0518011	1.8949	780.78	0.24	0.236001	901.562	32.9857	39.228	0.00229941
-0.0517772	1.85562	780.78	0.24	0.235045	901.606	32.9311	39.2716	0.00220505
-0.0517539	1.8061	780.78	0.24	0.23397	901.648	32.8973	39.2925	0.00208892
-0.0517313	1.7467	780.78	0.24	0.232854	901.69	32.8698	39.3079	0.00195379
-0.0517096	1.67841	780.78	0.24	0.23195	901.729	32.843	39.3261	0.00180401
-0.0516888	1.60178	780.78	0.24	0.231028	901.768	32.8275	39.3346	0.00164303
-0.0516691	1.51922	780.78	0.24	0.230546	901.804	32.8157	39.3447	0.00147804
-0.0516505	1.4318	780.78	0.24	0.230145	901.839	32.8025	39.3517	0.00131282
-0.051633	1.34112	780.78	0.24	0.229771	901.872	32.7918	39.3526	0.0011518
-0.0516167	1.2477	780.78	0.24	0.229364	901.902	32.7769	39.3601	0.000996928
-0.0516017	1.14829	780.78	0.24	0.228613	901.93	32.7762	39.3565	0.000844385
-0.051588	1.04119	780.78	0.24	0.227716	901.956	32.7913	39.3338	0.000694222
-0.0515757	0.927213	780.78	0.24	0.227068	901.98	32.7983	39.3215	0.000550554
-0.051565	0.808678	780.78	0.24	0.226704	902	32.7965	39.3198	0.000418786
-0.0515558	0.685364	780.78	0.24	0.226313	902.018	32.7904	39.3221	0.000300804
-0.0515483	0.558539	780.78	0.24	0.226045	902.033	32.7813	39.3274	0.000199778
-0.0515423	0.430871	780.78	0.24	0.225594	902.046	32.7776	39.3278	0.000118887
-0.0515381	0.296277	780.78	0.24	0.225393	902.055	32.7667	39.3346	5.6213e-05
-0.0515355	0.164893	780.78	0.24	0.225832	902.061	32.7434	39.3555	1.74119e-05
-0.0515347	0.0378581	780.78	0.24	0.226098	902.064	32.741	39.3558	9.17821e-07
-0.0515354	-0.0889905	780.78	0.24	0.225919	902.064	32.7575	39.3377	5.0714e-06
-0.0515378	-0.219884	780.78	0.24	0.225265	902.061	32.7904	39.3042	3.09619e-05
-0.0515419	-0.35681	780.78	0.24	0.224788	902.056	32.8453	39.25	8.15296e-05
-0.0515478	-0.494312	780.78	0.24	0.224816	902.046	32.9004	39.1976	0.000156474
-0.0515554	-0.633878	780.78	0.24	0.224676	902.034	32.9506	39.1478	0.000257307
-0.0515649	-0.774957	780.78	0.24	0.224972	902.019	32.9917	39.1054	0.000384588
-0.0515761	-0.908602	780.78	0.24	0.225638	902	33.0221	39.0765	0.000528675
-0.051589	-1.03633	780.78	0.24	0.22632	901.978	33.0483	39.0551	0.000687767
-0.0516034	-1.15861	780.78	0.24	0.22678	901.954	33.0733	39.034	0.000859643
-0.0516194	-1.27789	780.78	0.24	0.226979	901.926	33.0949	39.0171	0.00104576
-0.0516369	-1.39636	780.78	0.24	0.227054	901.896	33.1075	39.0087	0.00124864
-0.0516559	-1.51251	780.78	0.24	0.227583	901.863	33.125	38.9936	0.00146501
-0.0516764	-1.6235	780.78	0.24	0.228275	901.828	33.1484	38.9723	0.0016879
-0.0516982	-1.72666	780.78	0.24	0.229088	901.789	33.1716	38.9561	0.00190921
-0.0517212	-1.82374	780.78	0.24	0.229761	901.749	33.198	38.936	0.00212995
-0.0517455	-1.91535	780.78	0.24	0.230215	901.706	33.221	38.9209	0.00234929
-0.0517708	-2.00391	780.78	0.24	0.23074	901.662	33.2393	38.9116	0.00257157
-0.0517973	-2.08617	780.78	0.24	0.231293	901.615	33.261	38.8989	0.00278701
-0.0518248	-2.16518	780.78	0.24	0.231495	901.566	33.287	38.8834	0.00300214
-0.0518533	-2.24401	780.78	0.24	0.231755	901.516	33.3068	38.8661	0.00322472
-0.0518827	-2.3168	780.78	0.24	0.232492	901.463	33.3191	38.8641	0.0034373
-0.051913	-2.38268	780.78	0.24	0.233338	901.41	33.3164	38.8871	0.00363556
-0.0519441	-2.44202	780.78	0.24	0.233885	901.354	33.3327	38.8794	0.0038189
-0.0519759	-2.49881	780.78	0.24	0.234545	901.298	33.3481	38.8699	0.00399861
-0.0520084	-2.54361	780.78	0.24	0.23591	901.24	33.3469	38.8861	0.00414326
-0.0520413	-2.57716	780.78	0.24	0.237105	901.181	33.3755	38.8674	0.00425329
-0.0520745	-2.59879	780.78	0.24	0.238427	901.121	33.4051	38.8524	0.00432498
-0.0521079	-2.60999	780.78	0.24	0.239693	901.061	33.418	38.8513	0.00436234
-0.0521413	-2.60978	780.78	0.24	0.240684	901.001	33.4207	38.8606	0.00436164
-0.0521747	-2.60342	780.78	0.24	0.241258	900.94	33.4178	38.8775	0.00434041
-0.0522079	-2.59201	780.78	0.24	0.24164	900.88	33.4061	38.9023	0.00430244
-0.052241	-2.57799	780.78	0.24	0.241935	900.821	33.3977	38.9201	0.00425603
-0.0522739	-2.56239	780.78	0.24	0.241969	900.761	33.3775	38.9516	0.00420467
-0.0523065	-2.54634	780.78	0.24	0.242	900.702	33.3516	38.9901	0.00415215
-0.052339	-2.53014	780.78	0.24	0.242065	900.644	33.3283	39.0211	0.00409949
-0.0523712	-2.51412	780.78	0.24	0.241839	900.585	33.3035	39.057	0.00404773
-0.0524033	-2.50137	780.78	0.24	0.241599	900.528	33.2786	39.0947	0.00400678
-0.0524352	-2.48809	780.78	0.24	0.24165	900.47	33.2575	39.1268	0.00396436
-0.0524669	-2.47521	780.78	0.24	0.241575	900.413	33.2311	39.1651	0.00392344
-0.0524985	-2.4627	780.78	0.24	0.241516	900.356	33.1936	39.2131	0.00388388
-0.0525299	-2.45124	780.78	0.24	0.241507	900.299	33.1551	39.2674	0.0038478
-0.0525612	-2.43955	780.78	0.24	0.241524	900.242	33.1234	39.3099	0.00381119
-0.0525923	-2.42842	780.78	0.24	0.241441	900.186	33.0815	39.3612	0.00377649
-0.0526233	-2.4185	780.78	0.24	0.241265	900.13	33.029	39.423	0.0037457
-0.0526542	-2.40975	780.78	0.24	0.24106	900.075	32.9653	39.4961	0.00371866
-0.052685	-2.40382	780.78	0.24	0.24067	900.019	32.9042	39.5672	0.00370037
-0.0527158	-2.40219	780.78	0.24	0.240114	899.964	32.849	39.6304	0.00369535
-0.0527466	-2.40591	780.78	0.24	0.239642	899.908	32.7994	39.6889	0.00370682
-0.0527774	-2.41262	780.78	0.24	0.239646	899.853	32.745	39.7535	0.00372752
-0.0528084	-2.41627	780.78	0.24	0.239921	899.797	32.6935	39.813	0.00373881
-0.0528393	-2.41767	780.78	0.24	0.240192	899.742	32.6478	39.8676	0.00374314
-0.0528703	-2.41563	780.78	0.24	0.240628	899.686	32.6202	39.9038	0.00373682
-0.0529011	-2.40939	780.78	0.24	0.241258	899.63	32.5861	39.9506	0.00371753
-0.0529319	-2.39586	780.78	0.24	0.242218	899.575	32.5542	39.9885	0.0036759
-0.0529624	-2.3735	780.78	0.24	0.24337	899.52	32.5254	40.023	0.0036076
-0.0529924	-2.34006	780.78	0.24	0.244503	899.465	32.5031	40.0504	0.00350666
-0.053022	-2.29554	780.78	0.24	0.245821	899.412	32.4782	40.0807	0.00337453
-0.0530509	-2.23868	780.78	0.24	0.247065	899.359	32.4551	40.1086	0.00320942
-0.0530789	-2.17266	780.78	0.24	0.248054	899.308	32.4343	40.1337	0.00302292
-0.053106	-2.09771	780.78	0.24	0.248925	899.258	32.415	40.1554	0.00281795
-0.0531321	-2.01537	780.78	0.24	0.249642	899.21	32.3984	40.1723	0.00260106
-0.0531571	-1.92681	780.78	0.24	0.250328	899.164	32.3672	40.2047	0.0023775
-0.0531809	-1.83291	780.78	0.24	0.250807	899.12	32.3369	40.2367	0.00215141
-0.0532034	-1.73612	780.78	0.24	0.251128	899.079	32.3115	40.2597	0.00193019
-0.0532247	-1.63744	780.78	0.24	0.251502	899.039	32.2838	40.2823	0.00171702
-0.0532447	-1.53363	780.78	0.24	0.251846	899.002	32.2552	40.308	0.0015062
-0.0532633	-1.42842	780.78	0.24	0.251822	898.968	32.2349	40.325	0.00130664
-0.0532806	-1.32367	780.78	0.24	0.25178	898.935	32.2269	40.3263	0.00112201
-0.0532965	-1.21881	780.78	0.24	0.251749	898.905	32.2246	40.3217	0.000951287
-0.0533111	-1.11554	780.78	0.24	0.251933	898.878	32.2339	40.3075	0.000796913
-0.0533244	-1.00922	780.78	0.24	0.252175	898.853	32.2682	40.2657	0.000652254
-0.0533363	-0.899411	780.78	0.24	0.252455	898.83	32.3261	40.1952	0.000518033
-0.0533467	-0.788251	780.78	0.24	0.252569	898.81	32.3971	40.1113	0.000397897
-0.0533557	-0.676012	780.78	0.24	0.252627	898.793	32.4816	40.0109	0.000292651
-0.0533633	-0.563355	780.78	0.24	0.252827	898.778	32.5603	39.9161	0.000203238
-0.0533694	-0.447885	780.78	0.24	0.253028	898.766	32.6379	39.8224	0.000128462
-0.053374	-0.332805	780.78	0.24	0.25317	898.756	32.7076	39.7307	7.09285e-05
-0.0533772	-0.214973	780.78	0.24	0.253294	898.749	32.7629	39.6563	2.95944e-05
-0.0533788	-0.0964173	780.78	0.24	0.253271	898.745	32.813	39.587	5.95321e-06
-0.0533789	0.0204557	780.78	0.24	0.253208	898.743	32.852	39.5305	2.67961e-07
-0.0533775	0.13862	780.78	0.24	0.253125	898.744	32.8907	39.4696	1.23052e-05
-0.0533746	0.25485	780.78	0.24	0.252813	898.748	32.9319	39.4048	4.15922e-05
-0.0533702	0.365706	780.78	0.24	0.252095	898.755	32.9705	39.3395	8.56457e-05
-0.0533646	0.468777	780.78	0.24	0.251273	898.764	33.0116	39.278	0.000140726
-0.0533576	0.563295	780.78	0.24	0.250753	898.775	33.066	39.1989	0.000203195
-0.0533495	0.657136	780.78	0.24	0.250338	898.789	33.1197	39.1162	0.000276536
-0.0533402	0.746671	780.78	0.24	0.249676	898.804	33.1711	39.0319	0.000357026
-0.0533298	0.83036	780.78	0.24	0.249137	898.822	33.2164	38.9561	0.000441544
-0.0533184	0.910832	780.78	0.24	0.248765	898.842	33.2539	38.8887	0.000531274
-0.053306	0.986405	780.78	0.24	0.248077	898.863	33.2782	38.8329	0.000623091
-0.0532927	1.05536	780.78	0.24	0.247325	898.886	33.292	38.7871	0.000713245
-0.0532786	1.11551	780.78	0.24	0.246378	898.911	33.2954	38.7528	0.000796877
-0.0532638	1.16794	780.78	0.24	0.245455	898.937	33.2975	38.7156	0.000873534
-0.0532484	1.2117	780.78	0.24	0.244597	898.964	33.2944	38.6868	0.00094022
-0.0532325	1.24999	780.78	0.24	0.243894	898.992	33.2888	38.6575	0.00100058
-0.0532162	1.27913	780.78	0.24	0.243567	899.021	33.2565	38.6714	0.00104779
-0.0531995	1.30895	780.78	0.24	0.243137	899.051	33.2389	38.6537	0.00109721
-0.0531825	1.33529	780.78	0.24	0.242907	899.081	33.2094	38.648	0.00114181
-0.0531651	1.36065	780.78	0.24	0.242919	899.112	33.1659	38.6573	0.00118559
-0.0531475	1.38488	780.78	0.24	0.242519	899.143	33.1282	38.6554	0.00122819
-0.0531296	1.4028	780.78	0.24	0.241582	899.175	33.0897	38.6565	0.00126018
-0.0531115	1.41383	780.78	0.24	0.240983	899.208	33.0629	38.6462	0.00128007
-0.0530933	1.42092	780.78	0.24	0.240649	899.24	33.0757	38.5908	0.00129294
-0.0530751	1.42362	780.78	0.24	0.23997	899.273	33.1049	38.5203	0.00129786
-0.053057	1.38841	780.78	0.24	0.238649	899.306	33.109	38.5865	0.00123446
-0.0530395	1.35148	780.78	0.24	0.236422	899.338	33.147	38.4983	0.00116967
-0.0530226	1.30644	780.78	0.24	0.234541	899.369	33.1758	38.4337	0.001093
-0.0530064	1.24814	780.78	0.24	0.232863	899.399	33.1854	38.3757	0.000997623
-0.0529911	1.17233	780.78	0.24	0.231009	899.427	33.1738	38.3413	0.000880121
-0.0529769	1.08428	780.78	0.24	0.229565	899.454	33.1508	38.3209	0.000752872
-0.052964	0.983483	780.78	0.24	0.228387	899.478	33.1296	38.2964	0.000619405
-0.0529525	0.871972	780.78	0.24	0.227047	899.5	33.1155	38.2691	0.000486907
-0.0529424	0.748487	780.78	0.24	0.22564	899.52	33.11	38.2312	0.000358765
-0.0529341	0.613759	780.78	0.24	0.224595	899.536	33.1117	38.1829	0.000241233
-0.0529276	0.47023	780.78	0.24	0.223698	899.549	33.1178	38.1329	0.0001416
-0.052923	0.320763	780.78	0.24	0.223101	899.559	33.122	38.0911	6.58887e-05
-0.0529204	0.165592	780.78	0.24	0.222591	899.566	33.1302	38.0409	1.75598e-05
-0.0529198	0.00579255	780.78	0.24	0.222153	899.569	33.1422	37.9845	2.14873e-08
-0.0529213	-0.155887	780.78	0.24	0.222006	899.568	33.1471	37.9406	1.55619e-05
-0.0529249	-0.319079	780.78	0.24	0.221903	899.563	33.1507	37.8978	6.51984e-05
-0.0529305	-0.481614	780.78	0.24	0.222147	899.555	33.1508	37.8611	0.000148539
-0.0529382	-0.64287	780.78	0.24	0.222738	899.543	33.1344	37.8294	0.00026466
-0.0529479	-0.793595	780.78	0.24	0.223766	899.527	33.0933	37.8369	0.00040331
-0.0529595	-0.935447	780.78	0.24	0.224716	899.508	33.052	37.8423	0.000560376
-0.0529728	-1.07121	780.78	0.24	0.225482	899.486	33.0207	37.8353	0.000734838
-0.0529877	-1.19813	780.78	0.24	0.226445	899.461	32.9967	37.8238	0.000919276
-0.0530042	-1.31657	780.78	0.24	0.227323	899.432	32.9855	37.799	0.00111002
-0.0530221	-1.42824	780.78	0.24	0.228007	899.401	32.9852	37.7642	0.00130631
-0.0530415	-1.53212	780.78	0.24	0.228982	899.368	32.9738	37.7449	0.00150324
-0.053062	-1.6296	780.78	0.24	0.230037	899.332	32.9617	37.721	0.00170061
-0.0530837	-1.71489	780.78	0.24	0.231135	899.294	32.9573	37.6937	0.00188327
-0.0531064	-1.79132	780.78	0.24	0.232209	899.254	32.9575	37.6583	0.00205488
-0.05313	-1.85534	780.78	0.24	0.23378	899.212	32.9494	37.643	0.00220438
-0.0531543	-1.90579	780.78	0.24	0.235386	899.169	32.9397	37.6231	0.0023259
-0.053179	-1.94157	780.78	0.24	0.236954	899.125	32.9323	37.5949	0.00241407
-0.0532041	-1.9628	780.78	0.24	0.238402	899.08	32.9153	37.5811	0.00246714
-0.0532294	-1.97099	780.78	0.24	0.239793	899.035	32.893	37.5709	0.00248776
-0.0532546	-1.96762	780.78	0.24	0.241128	898.989	32.8693	37.5638	0.00247928
-0.0532797	-1.95069	780.78	0.24	0.242645	898.944	32.8401	37.564	0.0024368
-0.0533044	-1.92187	780.78	0.24	0.244285	898.899	32.8054	37.5621	0.00236531
-0.0533286	-1.87706	780.78	0.24	0.246103	898.855	32.768	37.5674	0.00225631
-0.0533521	-1.81437	780.78	0.24	0.248018	898.812	32.7354	37.5679	0.00210811
-0.0533745	-1.7338	780.78	0.24	0.249937	898.771	32.7057	37.5653	0.00192505
-0.0533959	-1.63807	780.78	0.24	0.25186	898.732	32.6692	37.5686	0.00171832
-0.0534158	-1.52356	780.78	0.24	0.253757	898.695	32.6283	37.5782	0.00148648
-0.053434	-1.39237	780.78	0.24	0.255468	898.66	32.6013	37.5593	0.00124151
-0.0534505	-1.24736	780.78	0.24	0.256864	898.629	32.586	37.5415	0.000996387
-0.053465	-1.09144	780.78	0.24	0.257943	898.601	32.5725	37.5216	0.000762857
-0.0534774	-0.926746	780.78	0.24	0.258784	898.577	32.5437	37.517	0.00055
-0.0534876	-0.755854	780.78	0.24	0.25935	898.557	32.4978	37.5305	0.000365862
-0.0534957	-0.582557	780.78	0.24	0.259486	898.54	32.452	37.5403	0.000217329
-0.0535014	-0.409056	780.78	0.24	0.259463	898.528	32.4235	37.5305	0.000107154
-0.053505	-0.230876	780.78	0.24	0.26022	898.519	32.3984	37.5203	3.41349e-05
-0.0535062	-0.0474981	780.78	0.24	0.26075	898.515	32.3717	37.508	1.44475e-06
-0.053505	0.138852	780.78	0.24	0.261104	898.515	32.3381	37.5132	1.23466e-05
-0.0535014	0.329148	780.78	0.24	0.261326	898.519	32.3295	37.4817	6.93781e-05
-0.0534953	0.519016	780.78	0.24	0.261144	898.528	32.3341	37.4404	0.000172506
-0.0534869	0.705943	780.78	0.24	0.260584	898.541	32.3739	37.3614	0.000319139
-0.0534761	0.88522	780.78	0.24	0.259534	898.558	32.4595	37.2348	0.000501815
-0.0534631	1.05944	780.78	0.24	0.259245	898.58	32.5299	37.1618	0.000718776
-0.0534479	1.23314	780.78	0.24	0.259546	898.605	32.5708	37.0765	0.000973787
-0.0534304	1.40801	780.78	0.24	0.25962	898.635	32.6169	36.9904	0.00126956
-0.0534107	1.58358	780.78	0.24	0.259467	898.668	32.6577	36.9079	0.00160591
-0.0533887	1.7573	780.78	0.24	0.259293	898.705	32.7017	36.819	0.00197758
-0.0533646	1.92886	780.78	0.24	0.258881	898.747	32.7454	36.7322	0.00238255
-0.0533382	2.09539	780.78	0.24	0.258171	898.792	32.7846	36.6492	0.00281172
-0.0533099	2.2545	780.78	0.24	0.257345	898.841	32.8188	36.5698	0.00325493
-0.0532795	2.40528	780.78	0.24	0.256437	898.894	32.8532	36.4888	0.00370487
-0.0532473	2.54948	780.78	0.24	0.255531	898.951	32.8785	36.42	0.00416241
-0.0532134	2.68475	780.78	0.24	0.254488	899.01	32.9008	36.3539	0.00461584
-0.0531778	2.80973	780.78	0.24	0.253539	899.073	32.9141	36.2971	0.00505556
-0.0531406	2.92729	780.78	0.24	0.252601	899.138	32.9201	36.247	0.00548748
-0.0531021	3.03582	780.78	0.24	0.251783	899.206	32.9255	36.1971	0.00590192
-0.0530622	3.13913	780.78	0.24	0.251022	899.277	32.9234	36.1557	0.00631044
-0.0530211	3.23424	780.78	0.24	0.250234	899.35	32.9152	36.1216	0.00669864
-0.0529788	3.32366	780.78	0.24	0.249454	899.425	32.891	36.1145	0.00707414
-0.0529354	3.40455	780.78	0.24	0.248575	899.502	32.8588	36.1036	0.00742266
-0.0528911	3.47738	780.78	0.24	0.247692	899.581	32.8405	36.0783	0.00774367
-0.0528459	3.54299	780.78	0.24	0.246842	899.661	32.8236	36.0555	0.0080386
-0.0528	3.60174	780.78	0.24	0.24603	899.743	32.7984	36.0438	0.00830743
-0.0527533	3.65235	780.78	0.24	0.24508	899.826	32.764	36.0385	0.00854253
-0.0527062	3.69284	780.78	0.24	0.244051	899.911	32.7263	36.0332	0.00873296
-0.0526585	3.72439	780.78	0.24	0.243021	899.996	32.6768	36.0466	0.00888283
-0.0526106	3.74674	780.78	0.24	0.241935	900.082	32.6213	36.0661	0.00898977
-0.0525625	3.76129	780.78	0.24	0.241002	900.169	32.5582	36.0933	0.00905974
-0.0525142	3.76444	780.78	0.24	0.240002	900.255	32.4866	36.1311	0.0090749
-0.052466	3.76312	780.78	0.24	0.239454	900.342	32.3765	36.2333	0.00906852
-0.0524179	3.75657	780.78	0.24	0.238848	900.429	32.2661	36.3095	0.00903701
-0.0523699	3.74457	780.78	0.24	0.238318	900.516	32.1694	36.3798	0.00897936
-0.0523221	3.72476	780.78	0.24	0.237103	900.602	32.1091	36.4112	0.00888459
-0.0522746	3.7034	780.78	0.24	0.237913	900.688	32.0099	36.6242	0.00878299
-0.0522274	3.68206	780.78	0.24	0.237253	900.773	31.97	36.6357	0.00868205
-0.0521805	3.64968	780.78	0.24	0.235393	900.858	31.9	36.6782	0.00853001
-0.0521342	3.6019	780.78	0.24	0.233848	900.942	31.868	36.6703	0.00830815
-0.0520886	3.54312	780.78	0.24	0.232884	901.025	31.825	36.6839	0.00803922
-0.0520439	3.47604	780.78	0.24	0.232441	901.106	31.7531	36.7233	0.00773766
-0.052	3.40722	780.78	0.24	0.231975	901.186	31.6852	36.7634	0.00743433
-0.0519571	3.33183	780.78	0.24	0.230957	901.264	31.6581	36.7648	0.00710898
-0.0519153	3.24492	780.78	0.24	0.2296	901.341	31.6588	36.718	0.00674293
-0.0518746	3.15014	780.78	0.24	0.229911	901.415	31.5424	36.7997	0.0063548
-0.0518351	3.0697	780.78	0.24	0.231979	901.487	31.3582	36.9641	0.00603439
-0.0517964	3.00351	780.78	0.24	0.233046	901.558	31.2792	37.0171	0.00577697
-0.0517586	2.93681	780.78	0.24	0.233434	901.627	31.2515	37.0164	0.00552324
-0.0517215	2.88368	780.78	0.24	0.234534	901.694	31.2311	37.0118	0.00532521
-0.051685	2.8382	780.78	0.24	0.235119	901.76	31.1941	37.029	0.00515854
-0.0516491	2.79602	780.78	0.24	0.235456	901.826	31.1615	37.0442	0.00500634
-0.0516136	2.7568	780.78	0.24	0.235541	901.89	31.1472	37.039	0.00486688
-0.0515787	2.71626	780.78	0.24	0.23523	901.954	31.1496	37.0164	0.0047248
-0.0515444	2.6708	780.78	0.24	0.23478	902.016	31.1732	36.9692	0.00456799
-0.0515106	2.62295	780.78	0.24	0.234564	902.078	31.2046	36.9203	0.00440578
-0.0514775	2.57471	780.78	0.24	0.234616	902.138	31.2278	36.8825	0.00424521
-0.051445	2.52799	780.78	0.24	0.234823	902.197	31.2413	36.849	0.00409253
-0.051413	2.48168	780.78	0.24	0.2353	902.255	31.2365	36.8319	0.00394395
-0.0513816	2.44249	780.78	0.24	0.235982	902.312	31.2038	36.8488	0.0038204
-0.0513507	2.4099	780.78	0.24	0.236694	902.369	31.1524	36.8871	0.00371912
-0.0513201	2.38489	780.78	0.24	0.237504	902.424	31.0858	36.9405	0.00364233
-0.0512897	2.36555	780.78	0.24	0.238128	902.479	31.0168	36.9955	0.00358347
-0.0512596	2.35113	780.78	0.24	0.238679	902.534	30.9485	37.0479	0.00353994
-0.0512295	2.34172	780.78	0.24	0.239034	902.588	30.8869	37.0967	0.00351164
-0.0511996	2.33581	780.78	0.24	0.239359	902.642	30.8434	37.1249	0.00349394
-0.0511697	2.33139	780.78	0.24	0.239646	902.696	30.8117	37.1413	0.00348073
-0.0511399	2.32847	780.78	0.24	0.240032	902.75	30.7829	37.16	0.00347201
-0.0511101	2.33289	780.78	0.24	0.240769	902.804	30.7555	37.1775	0.00348521
-0.0510801	2.34474	780.78	0.24	0.241543	902.858	30.7195	37.2036	0.0035207
-0.0510499	2.36326	780.78	0.24	0.242302	902.912	30.6794	37.2323	0.00357654
-0.0510194	2.38783	780.78	0.24	0.242818	902.967	30.6358	37.2649	0.00365131
-0.0509886	2.41579	780.78	0.24	0.243084	903.022	30.585	37.3069	0.00373731
-0.0509574	2.44297	780.78	0.24	0.243192	903.078	30.5404	37.3445	0.00382188
-0.0509258	2.47208	780.78	0.24	0.243214	903.135	30.5129	37.3617	0.0039135
-0.0508938	2.50268	780.78	0.24	0.243237	903.192	30.4919	37.3725	0.00401098
-0.0508615	2.53465	780.78	0.24	0.243545	903.25	30.4807	37.375	0.00411412
-0.0508287	2.56933	780.78	0.24	0.243773	903.309	30.4737	37.3714	0.00422748
-0.0507955	2.60459	780.78	0.24	0.243759	903.369	30.4753	37.3569	0.00434431
-0.0507618	2.63915	780.78	0.24	0.243555	903.429	30.49	37.3303	0.00446036
-0.0507277	2.67165	780.78	0.24	0.243277	903.491	30.5126	37.301	0.0045709
-0.0506931	2.70255	780.78	0.24	0.243231	903.553	30.5556	37.2437	0.00467723
-0.0506582	2.73443	780.78	0.24	0.243481	903.615	30.6151	37.1716	0.00478822
-0.0506229	2.76821	780.78	0.24	0.24374	903.679	30.6856	37.0889	0.00490727
-0.0505871	2.80445	780.78	0.24	0.243987	903.743	30.7571	37.0056	0.0050366
-0.0505508	2.84528	780.78	0.24	0.244821	903.808	30.8154	36.9286	0.00518432
-0.0505139	2.89502	780.78	0.24	0.245754	903.874	30.8831	36.852	0.00536715
-0.0504763	2.95119	780.78	0.24	0.246597	903.942	30.9414	36.781	0.00557747
-0.0504379	3.01557	780.78	0.24	0.24732	904.01	30.9908	36.7207	0.00582345
-0.0503986	3.08578	780.78	0.24	0.247839	904.081	31.0393	36.6586	0.00609779
-0.0503584	3.15988	780.78	0.24	0.248235	904.152	31.099	36.5847	0.00639415
-0.0503172	3.23736	780.78	0.24	0.248553	904.226	31.158	36.5165	0.00671154
-0.050275	3.31796	780.78	0.24	0.248804	904.302	31.2158	36.449	0.0070499
-0.0502317	3.39928	780.78	0.24	0.248983	904.379	31.2716	36.3845	0.00739972
-0.0501874	3.48149	780.78	0.24	0.24916	904.458	31.3229	36.3227	0.00776194
-0.050142	3.56739	780.78	0.24	0.249267	904.539	31.3613	36.2744	0.00814971
-0.0500955	3.65223	780.78	0.24	0.248997	904.622	31.3968	36.2284	0.00854198
-0.0500479	3.73313	780.78	0.24	0.248487	904.707	31.4273	36.1882	0.00892456
-0.0499994	3.80955	780.78	0.24	0.2479	904.794	31.4595	36.1445	0.00929369
-0.0499499	3.88012	780.78	0.24	0.247062	904.883	31.4929	36.1018	0.00964119
-0.0498996	3.94194	780.78	0.24	0.246523	904.973	31.5228	36.0573	0.00995086
-0.0498485	4.00133	780.78	0.24	0.245941	905.065	31.542	36.0276	0.010253
-0.0497968	4.05451	780.78	0.24	0.24515	905.158	31.542	36.0184	0.0105273
-0.0497444	4.099	780.78	0.24	0.244007	905.253	31.534	36.017	0.0107596
-0.0496916	4.13294	780.78	0.24	0.24291	905.348	31.5057	36.049	0.0109385
-0.0496384	4.15704	780.78	0.24	0.241738	905.444	31.4755	36.0698	0.0110665
-0.049585	4.16906	780.78	0.24	0.240257	905.54	31.4529	36.0855	0.0111306
-0.0495316	4.16672	780.78	0.24	0.238584	905.637	31.4424	36.0892	0.0111181
-0.0494784	4.15006	780.78	0.24	0.236999	905.734	31.4269	36.1017	0.0110294
-0.0494256	4.11709	780.78	0.24	0.235137	905.83	31.4021	36.1209	0.0108548
-0.0493733	4.06679	780.78	0.24	0.233021	905.925	31.3725	36.1447	0.0105912
-0.0493219	3.99179	780.78	0.24	0.230467	906.019	31.3402	36.176	0.0102041
-0.0492716	3.898	780.78	0.24	0.228114	906.111	31.3248	36.1871	0.00973026
-0.0492228	3.78244	780.78	0.24	0.225863	906.201	31.3066	36.2052	0.00916192
-0.0491756	3.64839	780.78	0.24	0.22409	906.288	31.2935	36.2154	0.00852402
-0.0491303	3.49659	780.78	0.24	0.221964	906.372	31.286	36.2238	0.00782946
-0.0490872	3.32467	780.78	0.24	0.219526	906.452	31.2603	36.2524	0.00707847
-0.0490464	3.1297	780.78	0.24	0.216957	906.528	31.2225	36.2943	0.00627259
-0.0490084	2.91118	780.78	0.24	0.214478	906.6	31.1717	36.3477	0.00542726
-0.0489734	2.6705	780.78	0.24	0.211914	906.666	31.1162	36.411	0.00456697
-0.0489417	2.40652	780.78	0.24	0.209384	906.727	31.055	36.4896	0.00370869
-0.0489136	2.11949	780.78	0.24	0.206886	906.781	31.0009	36.5538	0.00287677
-0.0488894	1.81005	780.78	0.24	0.204615	906.828	30.946	36.624	0.00209809
-0.0488694	1.48306	780.78	0.24	0.203027	906.869	30.8677	36.7193	0.0014085
-0.0488536	1.14115	780.78	0.24	0.201406	906.901	30.7872	36.8173	0.000833921
-0.0488424	0.784533	780.78	0.24	0.199847	906.926	30.7066	36.9169	0.000394152
-0.0488359	0.414389	780.78	0.24	0.19849	906.942	30.6234	37.0213	0.000109966
-0.0488342	0.0318111	780.78	0.24	0.197346	906.949	30.5395	37.1286	6.48034e-07
-0.0488376	-0.359231	780.78	0.24	0.19648	906.948	30.4496	37.2461	8.26399e-05
-0.048846	-0.757793	780.78	0.24	0.19578	906.937	30.358	37.3641	0.000367741
-0.0488596	-1.16286	780.78	0.24	0.195259	906.917	30.2673	37.4844	0.000865955
-0.0488784	-1.57245	780.78	0.24	0.194888	906.888	30.1782	37.6035	0.00158343
-0.0489025	-1.98427	780.78	0.24	0.194701	906.849	30.0853	37.7303	0.0025214
-0.0489319	-2.39735	780.78	0.24	0.194673	906.8	29.9926	37.8608	0.00368047
-0.0489665	-2.81116	780.78	0.24	0.194828	906.742	29.9044	37.9879	0.00506072
-0.0490065	-3.22353	780.78	0.24	0.195188	906.675	29.8326	38.0966	0.00665434
-0.0490517	-3.63216	780.78	0.24	0.196132	906.597	29.7579	38.2116	0.00844833
-0.049102	-4.02753	780.78	0.24	0.197587	906.511	29.6946	38.3168	0.0103877
-0.0491573	-4.41099	780.78	0.24	0.19909	906.415	29.6502	38.4048	0.0124599
-0.0492173	-4.78002	780.78	0.24	0.200666	906.31	29.628	38.4746	0.0146319
-0.049282	-5.13488	780.78	0.24	0.202125	906.197	29.6328	38.5193	0.016885
-0.049351	-5.47698	780.78	0.24	0.203682	906.076	29.6433	38.5611	0.0192099
-0.0494243	-5.80498	780.78	0.24	0.205301	905.947	29.6614	38.5943	0.0215796
-0.0495017	-6.11801	780.78	0.24	0.206917	905.811	29.685	38.6247	0.0239696
-0.0495829	-6.41741	780.78	0.24	0.208432	905.667	29.7133	38.6507	0.0263731
-0.0496678	-6.70359	780.78	0.24	0.209886	905.516	29.7445	38.676	0.0287777
-0.0497563	-6.97724	780.78	0.24	0.211354	905.359	29.7781	38.6997	0.0311752
-0.0498482	-7.23636	780.78	0.24	0.213046	905.196	29.8158	38.7255	0.0335337
-0.0499432	-7.47911	780.78	0.24	0.214815	905.027	29.857	38.7473	0.0358213
-0.0500412	-7.70695	780.78	0.24	0.216505	904.852	29.9041	38.7621	0.038037
-0.0501419	-7.91979	780.78	0.24	0.218188	904.672	29.9626	38.7715	0.0401669
-0.0502453	-8.11735	780.78	0.24	0.219889	904.488	30.0425	38.7613	0.0421958
-0.050351	-8.29705	780.78	0.24	0.22224	904.299	30.1162	38.7706	0.0440848
-0.0504587	-8.45319	780.78	0.24	0.224925	904.106	30.1823	38.772	0.0457597
-0.0505683	-8.58507	780.78	0.24	0.227629	903.909	30.2586	38.7676	0.0471986
-0.0506793	-8.69317	780.78	0.24	0.23033	903.71	30.3532	38.7392	0.0483946
-0.0507914	-8.77662	780.78	0.24	0.233041	903.508	30.4535	38.7109	0.0493283
-0.0509044	-8.83558	780.78	0.24	0.235636	903.304	30.5656	38.6701	0.0499932
-0.051018	-8.87283	780.78	0.24	0.23793	903.1	30.691	38.6147	0.0504157
-0.0511318	-8.88983	780.78	0.24	0.240029	902.894	30.8267	38.551	0.0506091
-0.0512456	-8.88862	780.78	0.24	0.242014	902.689	30.9686	38.485	0.0505953
-0.0513593	-8.87097	780.78	0.24	0.243813	902.483	31.1185	38.4069	0.0503946
-0.0514726	-8.83622	780.78	0.24	0.245629	902.279	31.2767	38.3203	0.0500005
-0.0515853	-8.78609	780.78	0.24	0.247309	902.075	31.4356	38.2334	0.0494348
-0.0516972	-8.72097	780.78	0.24	0.249018	901.872	31.5861	38.1549	0.0487047
-0.0518081	-8.63894	780.78	0.24	0.25106	901.671	31.7197	38.0947	0.0477928
-0.0519177	-8.53626	780.78	0.24	0.253364	901.472	31.8295	38.0591	0.0466634
-0.0520259	-8.41373	780.78	0.24	0.255641	901.276	31.931	38.0297	0.0453334
-0.0521323	-8.27082	780.78	0.24	0.257787	901.082	32.0376	37.9949	0.0438065
-0.0522367	-8.10906	780.78	0.24	0.25973	900.892	32.1559	37.9466	0.0421097
-0.0523388	-7.93154	780.78	0.24	0.261294	900.706	32.2784	37.8919	0.0402862
-0.0524386	-7.7416	780.78	0.24	0.262491	900.524	32.405	37.8341	0.0383798
-0.0525358	-7.54145	780.78	0.24	0.263421	900.347	32.5309	37.7757	0.036421
-0.0526304	-7.33457	780.78	0.24	0.264005	900.174	32.6531	37.7187	0.0344501
-0.0527223	-7.12323	780.78	0.24	0.264332	900.006	32.7699	37.6674	0.0324934
-0.0528114	-6.90997	780.78	0.24	0.264485	899.844	32.8722	37.636	0.0305769
-0.0528979	-6.69622	780.78	0.24	0.264365	899.686	32.9639	37.6074	0.0287145
-0.0529816	-6.48453	780.78	0.24	0.264025	899.532	33.0601	37.5731	0.0269277
-0.0530626	-6.27703	780.78	0.24	0.26337	899.384	33.1607	37.5315	0.0252319
-0.0531411	-6.07788	780.78	0.24	0.262431	899.241	33.2555	37.4994	0.0236563
-0.053217	-5.88518	780.78	0.24	0.261625	899.102	33.3353	37.4815	0.02218
-0.0532906	-5.70069	780.78	0.24	0.260926	898.968	33.4001	37.4723	0.0208112
-0.0533618	-5.52085	780.78	0.24	0.260408	898.838	33.467	37.4602	0.0195188
-0.0534308	-5.34559	780.78	0.24	0.25979	898.711	33.5247	37.4554	0.0182992
-0.0534977	-5.17586	780.78	0.24	0.259038	898.589	33.5843	37.4491	0.0171556
-0.0535624	-5.01554	780.78	0.24	0.25823	898.471	33.6512	37.4349	0.0161093
-0.0536251	-4.86141	780.78	0.24	0.257391	898.357	33.7255	37.4115	0.0151345
-0.0536859	-4.71373	780.78	0.24	0.256584	898.246	33.7905	37.3965	0.0142289
-0.0537449	-4.57159	780.78	0.24	0.256106	898.138	33.8512	37.3894	0.0133837
-0.0538021	-4.43264	780.78	0.24	0.25572	898.034	33.926	37.3611	0.0125825
-0.0538577	-4.31599	780.78	0.24	0.25531	897.933	33.9878	37.372	0.011929
-0.0539123	-4.29112	780.78	0.24	0.255201	897.834	34.0567	37.4968	0.0117919
-0.0539662	-4.18378	780.78	0.24	0.254797	897.736	34.1143	37.5614	0.0112093
-0.0540186	-4.06157	780.78	0.24	0.254747	897.641	34.164	37.5578	0.010564
-0.0540693	-3.93199	780.78	0.24	0.254965	897.548	34.2026	37.5745	0.00990071
-0.0541184	-3.80253	780.78	0.24	0.254903	897.459	34.1692	37.6516	0.00925947
-0.0541659	-3.67541	780.78	0.24	0.254952	897.372	34.0982	37.7787	0.00865075
-0.0542117	-3.54091	780.78	0.24	0.255733	897.288	34.04	37.8825	0.00802917
-0.0542557	-3.40082	780.78	0.24	0.25639	897.208	33.971	37.9937	0.00740641
-0.0542978	-3.25432	780.78	0.24	0.257048	897.13	33.9139	38.0933	0.00678206
-0.054338	-3.10297	780.78	0.24	0.257317	897.057	33.8646	38.1821	0.00616588
-0.0543763	-2.95099	780.78	0.24	0.257275	896.986	33.8305	38.258	0.00557669
-0.0544126	-2.79886	780.78	0.24	0.257232	896.919	33.7947	38.3324	0.00501654
-0.054447	-2.64571	780.78	0.24	0.257582	896.856	33.7223	38.4448	0.00448254
-0.0544794	-2.48702	780.78	0.24	0.258434	896.796	33.6213	38.5859	0.00396097
-0.0545096	-2.32183	780.78	0.24	0.258904	896.74	33.5351	38.711	0.00345224
-0.0545378	-2.15499	780.78	0.24	0.258822	896.687	33.5069	38.769	0.00297393
-0.0545637	-1.98572	780.78	0.24	0.259734	896.639	33.4856	38.8229	0.00252509
-0.0545875	-1.80806	780.78	0.24	0.260658	896.594	33.4553	38.8828	0.00209348
-0.0546088	-1.62268	780.78	0.24	0.261075	896.554	33.4062	38.9615	0.0016862
-0.0546278	-1.43598	780.78	0.24	0.260956	896.518	33.3396	39.0563	0.0013205
-0.0546444	-1.25276	780.78	0.24	0.260194	896.486	33.2591	39.1673	0.00100502
-0.0546588	-1.08176	780.78	0.24	0.258984	896.458	33.2018	39.2556	0.000749388
-0.0546711	-0.918903	780.78	0.24	0.258718	896.434	33.1406	39.3351	0.000540731
-0.0546812	-0.752147	780.78	0.24	0.258911	896.414	33.0949	39.4057	0.000362282
-0.0546893	-0.585826	780.78	0.24	0.258734	896.398	33.0811	39.4416	0.000219775
-0.0546952	-0.42115	780.78	0.24	0.258191	896.385	33.0614	39.4839	0.000113584
-0.054699	-0.261511	780.78	0.24	0.257728	896.377	33.0368	39.527	4.37946e-05
-0.0547009	-0.104595	780.78	0.24	0.257406	896.371	33.0044	39.58	7.00591e-06
-0.0547007	0.0478941	780.78	0.24	0.25681	896.37	32.9952	39.6079	1.46894e-06
-0.0546987	0.196025	780.78	0.24	0.256306	896.372	33.009	39.606	2.46073e-05
-0.0546948	0.341744	780.78	0.24	0.256547	896.377	32.9868	39.6429	7.47898e-05
-0.0546889	0.49381	780.78	0.24	0.257388	896.386	32.9449	39.7019	0.000156157
-0.0546811	0.65377	780.78	0.24	0.258286	896.398	32.9244	39.7378	0.00027371
-0.0546711	0.821014	780.78	0.24	0.258992	896.414	32.912	39.7624	0.000431661
-0.054659	0.993157	780.78	0.24	0.259291	896.434	32.9107	39.7724	0.000631651
-0.0546446	1.16434	780.78	0.24	0.259228	896.458	32.9169	39.7722	0.000868159
-0.054628	1.33607	780.78	0.24	0.258878	896.486	32.9158	39.7812	0.00114314
-0.0546093	1.50196	780.78	0.24	0.258168	896.517	32.9135	39.7862	0.00144463
-0.0545885	1.66118	780.78	0.24	0.25721	896.553	32.9063	39.7982	0.00176715
-0.0545658	1.81065	780.78	0.24	0.256106	896.592	32.8979	39.8091	0.00209947
-0.0545413	1.95017	780.78	0.24	0.254865	896.634	32.8959	39.8135	0.0024355
-0.054515	2.07882	780.78	0.24	0.253481	896.68	32.904	39.8096	0.00276742
-0.0544873	2.19294	780.78	0.24	0.251915	896.728	32.9185	39.7951	0.0030796
-0.0544582	2.29394	780.78	0.24	0.250267	896.779	32.9368	39.7768	0.0033698
-0.054428	2.37977	780.78	0.24	0.248664	896.832	32.9621	39.7473	0.00362668
-0.0543968	2.45144	780.78	0.24	0.247099	896.887	32.983	39.7243	0.00384845
-0.0543648	2.50602	780.78	0.24	0.245867	896.944	32.9899	39.7079	0.00402172
-0.0543323	2.55615	780.78	0.24	0.245044	897.002	32.9761	39.7194	0.00418423
-0.0542991	2.59965	780.78	0.24	0.244326	897.061	32.9517	39.7418	0.00432784
-0.0542654	2.63576	780.78	0.24	0.243492	897.121	32.9248	39.7639	0.0044489
-0.0542314	2.66374	780.78	0.24	0.24253	897.182	32.9026	39.7819	0.00454388
-0.0541971	2.68273	780.78	0.24	0.241518	897.243	32.8959	39.7857	0.00460887
-0.0541626	2.6938	780.78	0.24	0.240699	897.305	32.896	39.7875	0.004647
-0.0541281	2.69858	780.78	0.24	0.240145	897.367	32.898	39.7737	0.00466351
-0.0540935	2.69994	780.78	0.24	0.239858	897.429	32.8928	39.7717	0.0046682
-0.0540589	2.69839	780.78	0.24	0.239606	897.491	32.8892	39.7684	0.00466284
-0.0540244	2.69541	780.78	0.24	0.239516	897.553	32.8857	39.7677	0.00465254
-0.0539899	2.69205	780.78	0.24	0.239757	897.615	32.8746	39.7665	0.00464095
-0.0539554	2.6927	780.78	0.24	0.240092	897.677	32.851	39.7852	0.0046432
-0.0539209	2.69552	780.78	0.24	0.240261	897.739	32.8291	39.8017	0.00465292
-0.0538864	2.69832	780.78	0.24	0.240327	897.801	32.814	39.8135	0.00466261
-0.0538518	2.70247	780.78	0.24	0.240255	897.863	32.8039	39.8173	0.00467696
-0.0538171	2.70508	780.78	0.24	0.239964	897.925	32.7951	39.819	0.00468599
-0.0537825	2.70414	780.78	0.24	0.239543	897.987	32.7834	39.824	0.00468275
-0.0537479	2.69895	780.78	0.24	0.239167	898.049	32.7719	39.8261	0.00466479
-0.0537134	2.69094	780.78	0.24	0.238732	898.111	32.7552	39.8355	0.00463715
-0.0536791	2.67835	780.78	0.24	0.23821	898.173	32.7378	39.8444	0.00459385
-0.0536449	2.66002	780.78	0.24	0.237644	898.235	32.7254	39.8499	0.00453117
-0.0536111	2.63749	780.78	0.24	0.237017	898.296	32.7092	39.8574	0.00445475
-0.0535776	2.60909	780.78	0.24	0.23646	898.356	32.6852	39.873	0.00435934
-0.0535445	2.57586	780.78	0.24	0.236119	898.416	32.6502	39.9049	0.00424898
-0.0535118	2.5403	780.78	0.24	0.23579	898.475	32.6123	39.9257	0.00413247
-0.0534797	2.5019	780.78	0.24	0.235324	898.533	32.5753	39.9548	0.00400848
-0.053448	2.45831	780.78	0.24	0.234625	898.591	32.5429	39.9792	0.00387004
-0.053417	2.40616	780.78	0.24	0.233683	898.647	32.5285	39.9851	0.00370758
-0.0533868	2.3471	780.78	0.24	0.233018	898.702	32.5191	39.9806	0.00352782
-0.0533573	2.28528	780.78	0.24	0.232968	898.756	32.4852	40.0109	0.0033444
-0.0533286	2.22524	780.78	0.24	0.233463	898.808	32.446	40.0467	0.00317098
-0.0533007	2.16886	780.78	0.24	0.23369	898.859	32.4353	40.0478	0.00301235
-0.0532734	2.11288	780.78	0.24	0.233615	898.909	32.4419	40.0313	0.00285885
-0.0532469	2.05395	780.78	0.24	0.233165	898.957	32.4337	40.0309	0.0027016
-0.0532212	1.99095	780.78	0.24	0.232982	899.004	32.4484	40.0063	0.00253842
-0.0531963	1.92803	780.78	0.24	0.232858	899.049	32.5036	39.9398	0.00238051
-0.0531723	1.85034	780.78	0.24	0.232118	899.093	32.4037	40.1047	0.00219252
-0.0531493	1.78054	780.78	0.24	0.232115	899.136	32.3802	40.1113	0.00203024
-0.0531272	1.70825	780.78	0.24	0.231758	899.176	32.3487	40.1366	0.00186873
-0.0531061	1.63171	780.78	0.24	0.231081	899.215	32.3084	40.1724	0.00170502
-0.0530859	1.54886	780.78	0.24	0.2303	899.252	32.2716	40.2017	0.00153626
-0.053067	1.4568	780.78	0.24	0.229422	899.287	32.2435	40.2241	0.00135907
-0.0530493	1.35785	780.78	0.24	0.228761	899.32	32.231	40.2293	0.00118071
-0.0530328	1.25571	780.78	0.24	0.228492	899.351	32.2238	40.2321	0.00100976
-0.0530178	1.15226	780.78	0.24	0.228352	899.379	32.2251	40.2258	0.000850235
-0.053004	1.04673	780.78	0.24	0.22818	899.405	32.2301	40.2156	0.000701634
-0.0529916	0.940501	780.78	0.24	0.228106	899.429	32.2343	40.2065	0.000566448
-0.0529806	0.833782	780.78	0.24	0.228187	899.45	32.2415	40.1958	0.000445191
-0.0529709	0.726595	780.78	0.24	0.228227	899.469	32.2547	40.1776	0.000338085
-0.0529627	0.6202	780.78	0.24	0.228167	899.485	32.2806	40.1465	0.000246323
-0.0529557	0.515093	780.78	0.24	0.228519	899.498	32.3169	40.105	0.000169908
-0.0529501	0.413022	780.78	0.24	0.228886	899.51	32.3599	40.0566	0.000109241
-0.0529458	0.313238	780.78	0.24	0.228966	899.519	32.4006	40.0124	6.28332e-05
-0.0529427	0.212769	780.78	0.24	0.228689	899.525	32.4402	39.9706	2.89907e-05
-0.052941	0.109256	780.78	0.24	0.228386	899.53	32.4857	39.9213	7.64422e-06
-0.0529406	0.00229603	780.78	0.24	0.228046	899.531	32.5238	39.8803	3.37595e-09
-0.0529416	-0.107006	780.78	0.24	0.227904	899.531	32.536	39.8741	7.33259e-06
-0.0529441	-0.218446	780.78	0.24	0.2278	899.528	32.5404	39.8672	3.05583e-05
-0.0529479	-0.329816	780.78	0.24	0.22778	899.522	32.5376	39.8687	6.96604e-05
-0.0529532	-0.440037	780.78	0.24	0.227954	899.514	32.5329	39.8726	0.000123999
-0.0529599	-0.545724	780.78	0.24	0.228702	899.503	32.5303	39.8724	0.000190716
-0.0529678	-0.644445	780.78	0.24	0.229688	899.49	32.5399	39.8603	0.000265958
-0.0529769	-0.733217	780.78	0.24	0.230663	899.475	32.5497	39.8504	0.000344275
-0.0529871	-0.814915	780.78	0.24	0.231289	899.457	32.5579	39.843	0.000425271
-0.0529983	-0.89316	780.78	0.24	0.231437	899.438	32.5623	39.8394	0.000510858
-0.0530105	-0.970057	780.78	0.24	0.231841	899.417	32.5795	39.8192	0.000602609
-0.0530236	-1.0471	780.78	0.24	0.232602	899.394	32.591	39.8141	0.000702133
-0.0530377	-1.11068	780.78	0.24	0.233608	899.37	32.6088	39.8017	0.000789979
-0.0530524	-1.16454	780.78	0.24	0.234651	899.344	32.6325	39.7749	0.000868465
-0.0530678	-1.21033	780.78	0.24	0.235612	899.317	32.6622	39.7465	0.000938103
-0.0530837	-1.24729	780.78	0.24	0.236343	899.289	32.6982	39.7118	0.000996267
-0.0530999	-1.27915	780.78	0.24	0.236762	899.26	32.7342	39.6783	0.00104782
-0.0531166	-1.30871	780.78	0.24	0.23692	899.23	32.7734	39.6433	0.0010968
-0.0531336	-1.33848	780.78	0.24	0.236778	899.2	32.8158	39.6028	0.00114726
-0.0531511	-1.36861	780.78	0.24	0.236722	899.169	32.8625	39.5575	0.00119951
-0.0531689	-1.39953	780.78	0.24	0.236743	899.137	32.899	39.5246	0.00125431
-0.0531871	-1.43016	780.78	0.24	0.236714	899.105	32.9264	39.4994	0.00130982
-0.0532057	-1.46201	780.78	0.24	0.236629	899.071	32.9403	39.4879	0.0013688
-0.0532248	-1.49363	780.78	0.24	0.236685	899.038	32.9445	39.4871	0.00142866
-0.0532442	-1.52393	780.78	0.24	0.236849	899.003	32.952	39.4819	0.00148721
-0.053264	-1.55174	780.78	0.24	0.237246	898.968	32.9601	39.4758	0.00154198
-0.0532841	-1.57708	780.78	0.24	0.237465	898.932	32.9745	39.4662	0.00159276
-0.0533045	-1.5997	780.78	0.24	0.237817	898.896	32.9928	39.4628	0.00163876
-0.0533252	-1.61875	780.78	0.24	0.23817	898.859	33.0208	39.441	0.00167804
-0.0533461	-1.63468	780.78	0.24	0.238541	898.821	33.0597	39.4047	0.00171121
-0.0533671	-1.64544	780.78	0.24	0.23934	898.783	33.0978	39.3719	0.00173383
-0.0533882	-1.65017	780.78	0.24	0.239899	898.746	33.1342	39.3386	0.0017438
-0.0534094	-1.65004	780.78	0.24	0.240451	898.708	33.1848	39.2878	0.00174354
-0.0534305	-1.6469	780.78	0.24	0.241089	898.67	33.2241	39.2486	0.00173689
-0.0534514	-1.63521	780.78	0.24	0.241892	898.632	33.2569	39.2219	0.00171234
-0.0534722	-1.61962	780.78	0.24	0.242352	898.594	33.3059	39.175	0.00167985
-0.0534928	-1.59637	780.78	0.24	0.243153	898.557	33.3698	39.1098	0.00163196
-0.0535129	-1.56738	780.78	0.24	0.24382	898.52	33.4437	39.0237	0.00157323
-0.0535327	-1.5323	780.78	0.24	0.244227	898.485	33.53	38.9414	0.00150358
-0.053552	-1.49704	780.78	0.24	0.244307	898.45	33.6157	38.8601	0.00143518
-0.0535708	-1.46129	780.78	0.24	0.244289	898.415	33.6955	38.7738	0.00136746
-0.0535891	-1.42229	780.78	0.24	0.244643	898.382	33.7467	38.7236	0.00129544
-0.0536069	-1.38078	780.78	0.24	0.244849	898.349	33.7823	38.6899	0.00122093
-0.0536242	-1.33774	780.78	0.24	0.244924	898.318	33.814	38.6573	0.001146
-0.0536409	-1.29472	780.78	0.24	0.244906	898.287	33.8631	38.6067	0.00107348
-0.0536571	-1.25375	780.78	0.24	0.244572	898.258	33.9025	38.5703	0.00100661
-0.0536728	-1.21565	780.78	0.24	0.24426	898.229	33.935	38.5384	0.000946362
-0.053688	-1.17949	780.78	0.24	0.243925	898.201	33.9489	38.5265	0.000890907
-0.0537028	-1.1499	780.78	0.24	0.243463	898.175	33.9661	38.5138	0.000846762
-0.0537172	-1.12174	780.78	0.24	0.243259	898.148	34.0078	38.4741	0.000805803
-0.0537313	-1.09478	780.78	0.24	0.242973	898.123	34.0414	38.4475	0.000767534
-0.0537451	-1.07103	780.78	0.24	0.242596	898.098	34.0728	38.421	0.000734588
-0.0537586	-1.04952	780.78	0.24	0.242602	898.073	34.0839	38.4198	0.000705374
-0.0537719	-1.0282	780.78	0.24	0.242504	898.049	34.0827	38.4223	0.000677011
-0.0537848	-1.00719	780.78	0.24	0.242293	898.026	34.0902	38.41	0.000649622
-0.0537976	-0.99359	780.78	0.24	0.241742	898.003	34.0755	38.4282	0.000632202
-0.0538102	-0.982076	780.78	0.24	0.241322	897.98	34.0568	38.4556	0.000617635
-0.0538227	-0.971666	780.78	0.24	0.241253	897.957	34.0713	38.4375	0.00060461
-0.053835	-0.958842	780.78	0.24	0.242098	897.935	34.083	38.4267	0.000588756
-0.0538471	-0.940641	780.78	0.24	0.242564	897.913	34.1178	38.3975	0.000566616
-0.0538589	-0.918636	780.78	0.24	0.243015	897.891	34.1525	38.368	0.000540417
-0.0538704	-0.890548	780.78	0.24	0.24359	897.871	34.1717	38.3511	0.000507874
-0.0538815	-0.859644	780.78	0.24	0.243541	897.85	34.1696	38.3553	0.000473237
-0.0538922	-0.830969	780.78	0.24	0.243696	897.831	34.178	38.3519	0.000442192
-0.0539025	-0.794524	780.78	0.24	0.244647	897.812	34.1843	38.3526	0.000404255
-0.0539123	-0.750019	780.78	0.24	0.245358	897.794	34.1825	38.3558	0.000360235
-0.0539215	-0.703655	780.78	0.24	0.246244	897.777	34.1996	38.3612	0.000317074
-0.0539299	-0.644459	780.78	0.24	0.247147	897.761	34.2411	38.3195	0.000265969
-0.0539375	-0.579688	780.78	0.24	0.247709	897.746	34.2707	38.291	0.000215194
-0.0539443	-0.510544	780.78	0.24	0.248239	897.733	34.2648	38.3007	0.00016692
-0.0539501	-0.436379	780.78	0.24	0.248336	897.722	34.2381	38.3292	0.000121947
-0.053955	-0.363399	780.78	0.24	0.248239	897.713	34.2275	38.3208	8.45686e-05
-0.053959	-0.290101	780.78	0.24	0.248541	897.705	34.2385	38.3086	5.38938e-05
-0.0539619	-0.214282	780.78	0.24	0.24901	897.698	34.2675	38.2708	2.94044e-05
-0.0539639	-0.133053	780.78	0.24	0.249235	897.694	34.2882	38.2469	1.13368e-05
-0.0539648	-0.0505248	780.78	0.24	0.249183	897.691	34.2817	38.2519	1.63475e-06
-0.0539647	0.0291857	780.78	0.24	0.249087	897.691	34.2591	38.2818	5.45483e-07
-0.0539635	0.109655	780.78	0.24	0.249029	897.692	34.2318	38.3059	7.70013e-06
-0.0539614	0.192665	780.78	0.24	0.249538	897.695	34.2051	38.3278	2.37711e-05
-0.053958	0.280946	780.78	0.24	0.250095	897.7	34.1832	38.3393	5.05461e-05
-0.0539536	0.372139	780.78	0.24	0.250512	897.707	34.1359	38.3845	8.86851e-05
-0.0539479	0.467933	780.78	0.24	0.250796	897.716	34.0594	38.4565	0.00014022
-0.053941	0.566178	780.78	0.24	0.251138	897.727	33.9606	38.5488	0.00020528
-0.0539327	0.6658	780.78	0.24	0.251485	897.741	33.8621	38.6426	0.000283876
-0.0539232	0.771122	780.78	0.24	0.252563	897.757	33.7827	38.7152	0.000380792
-0.0539122	0.888523	780.78	0.24	0.253947	897.775	33.7199	38.7658	0.000505567
-0.0538996	1.02224	780.78	0.24	0.255788	897.796	33.6196	38.86	0.000669187
-0.0538851	1.16987	780.78	0.24	0.257202	897.82	33.5192	38.954	0.000876427
-0.0538686	1.32909	780.78	0.24	0.258214	897.848	33.4208	39.0446	0.00113122
-0.05385	1.49486	780.78	0.24	0.258845	897.88	33.3239	39.1338	0.00143101
-0.0538292	1.66706	780.78	0.24	0.259358	897.915	33.2327	39.2144	0.00177969
-0.0538062	1.84047	780.78	0.24	0.259355	897.954	33.1421	39.2949	0.00216919
-0.0537809	2.01292	780.78	0.24	0.259103	897.998	33.0528	39.3727	0.00259475
-0.0537535	2.18267	780.78	0.24	0.258633	898.045	32.9634	39.4495	0.00305081
-0.053724	2.34726	780.78	0.24	0.258419	898.096	32.8896	39.5079	0.00352829
-0.0536923	2.51389	780.78	0.24	0.258515	898.151	32.8296	39.5492	0.00404701
-0.0536585	2.67948	780.78	0.24	0.258191	898.21	32.7603	39.6015	0.00459771
-0.0536227	2.84052	780.78	0.24	0.257485	898.273	32.6779	39.6654	0.00516699
-0.0535848	2.99568	780.78	0.24	0.256793	898.339	32.5902	39.7322	0.00574688
-0.053545	3.14378	780.78	0.24	0.256223	898.409	32.4994	39.804	0.00632916
-0.0535033	3.28824	780.78	0.24	0.255539	898.482	32.4004	39.8819	0.0069242
-0.0534599	3.42403	780.78	0.24	0.254748	898.558	32.2814	39.9791	0.00750787
-0.0534148	3.552	780.78	0.24	0.25402	898.638	32.1495	40.0936	0.00807954
-0.0533681	3.67633	780.78	0.24	0.253405	898.72	32.0134	40.2071	0.00865508
-0.0533199	3.7945	780.78	0.24	0.252829	898.806	31.8744	40.3218	0.00922042
-0.0532702	3.90943	780.78	0.24	0.25241	898.894	31.7346	40.4354	0.00978743
-0.053219	4.02016	780.78	0.24	0.25192	898.984	31.597	40.5482	0.0103497
-0.0531665	4.12613	780.78	0.24	0.251407	899.078	31.4608	40.6585	0.0109025
-0.0531127	4.22821	780.78	0.24	0.250909	899.173	31.3268	40.7627	0.0114487
-0.0530576	4.32545	780.78	0.24	0.25029	899.271	31.1841	40.8763	0.0119813
-0.0530013	4.41565	780.78	0.24	0.249478	899.371	31.0389	40.9908	0.0124862
-0.052944	4.49481	780.78	0.24	0.248628	899.474	30.8936	41.0975	0.0129379
-0.0528857	4.5718	780.78	0.24	0.248232	899.578	30.7534	41.2059	0.0133849
-0.0528264	4.64402	780.78	0.24	0.247448	899.683	30.6342	41.292	0.0138111
-0.0527663	4.70792	780.78	0.24	0.246493	899.791	30.5357	41.3535	0.0141938
-0.0527055	4.76373	780.78	0.24	0.245507	899.9	30.4509	41.4029	0.0145323
-0.052644	4.80899	780.78	0.24	0.244411	900.01	30.3667	41.4483	0.0148098
-0.0525821	4.8449	780.78	0.24	0.243146	900.121	30.2899	41.4878	0.0150318
-0.0525198	4.87002	780.78	0.24	0.24206	900.233	30.2031	41.5415	0.0151881
-0.0524572	4.8861	780.78	0.24	0.24101	900.345	30.1266	41.5801	0.0152885
-0.0523946	4.89082	780.78	0.24	0.239634	900.458	30.0647	41.6033	0.0153181
-0.052332	4.8844	780.78	0.24	0.238487	900.571	30.0121	41.6226	0.0152779
-0.0522696	4.8653	780.78	0.24	0.237238	900.683	29.9696	41.6262	0.0151587
-0.0522076	4.83908	780.78	0.24	0.236822	900.795	29.9701	41.5857	0.0149957
-0.0521459	4.81014	780.78	0.24	0.236506	900.907	29.9899	41.5265	0.0148169
-0.0520846	4.77861	780.78	0.24	0.236052	901.018	30.0237	41.4525	0.0146233
-0.0520237	4.74068	780.78	0.24	0.235212	901.128	30.065	41.3715	0.014392
-0.0519634	4.69398	780.78	0.24	0.234323	901.237	30.1102	41.2827	0.0141099
-0.0519038	4.64183	780.78	0.24	0.233807	901.345	30.1577	41.2029	0.0137981
-0.0518449	4.58326	780.78	0.24	0.23322	901.452	30.2018	41.1249	0.0134521
-0.0517868	4.52033	780.78	0.24	0.232488	901.557	30.2507	41.0332	0.0130852
-0.0517296	4.4491	780.78	0.24	0.231427	901.661	30.2996	40.9431	0.0126761
-0.0516734	4.36711	780.78	0.24	0.230346	901.764	30.3418	40.8552	0.0122132
-0.0516183	4.27501	780.78	0.24	0.229303	901.864	30.3669	40.7891	0.0117035
-0.0515645	4.17612	780.78	0.24	0.228442	901.962	30.389	40.7265	0.0111683
-0.051512	4.06794	780.78	0.24	0.227286	902.058	30.4132	40.6614	0.0105972
-0.0514611	3.9476	780.78	0.24	0.225811	902.152	30.4373	40.598	0.00997945
-0.0514118	3.81286	780.78	0.24	0.224072	902.242	30.4667	40.5285	0.00930986
-0.0513644	3.66157	780.78	0.24	0.222296	902.329	30.5061	40.4493	0.00858571
-0.0513191	3.49576	780.78	0.24	0.220707	902.413	30.5442	40.3747	0.00782571
-0.051276	3.31451	780.78	0.24	0.219143	902.493	30.5782	40.3047	0.00703526
-0.0512354	3.12077	780.78	0.24	0.217987	902.568	30.6125	40.2345	0.00623686
-0.0511974	2.9176	780.78	0.24	0.217052	902.639	30.6514	40.1609	0.0054512
-0.051162	2.70657	780.78	0.24	0.216132	902.706	30.6914	40.0848	0.00469115
-0.0511295	2.48753	780.78	0.24	0.215338	902.767	30.7234	40.0191	0.00396258
-0.0510998	2.26135	780.78	0.24	0.214545	902.823	30.7497	39.9604	0.00327475
-0.051073	2.02734	780.78	0.24	0.213778	902.874	30.774	39.9083	0.00263204
-0.0510494	1.78689	780.78	0.24	0.212942	902.92	30.8006	39.8502	0.00204474
-0.0510288	1.53862	780.78	0.24	0.21208	902.96	30.8206	39.8011	0.00151601
-0.0510116	1.28379	780.78	0.24	0.211402	902.994	30.8325	39.7618	0.00105542
-0.0509976	1.02145	780.78	0.24	0.210636	903.022	30.8423	39.7234	0.000668146
-0.0509871	0.752107	780.78	0.24	0.210081	903.044	30.8577	39.6903	0.000362243
-0.0509801	0.4787	780.78	0.24	0.20959	903.06	30.8862	39.6357	0.000146746
-0.0509766	0.201531	780.78	0.24	0.209192	903.069	30.908	39.5889	2.6009e-05
-0.0509768	-0.0792542	780.78	0.24	0.208738	903.072	30.9247	39.5482	4.02241e-06
-0.0509805	-0.364707	780.78	0.24	0.208163	903.069	30.9428	39.5083	8.51783e-05
-0.050988	-0.654812	780.78	0.24	0.207708	903.059	30.9868	39.4377	0.000274584
-0.0509991	-0.948087	780.78	0.24	0.207482	903.042	31.0176	39.3907	0.000575622
-0.0510141	-1.24404	780.78	0.24	0.207214	903.018	31.0422	39.347	0.000991082
-0.0510329	-1.54256	780.78	0.24	0.206956	902.988	31.0629	39.3067	0.00152378
-0.0510556	-1.84346	780.78	0.24	0.206669	902.951	31.0775	39.2752	0.00217624
-0.0510821	-2.14646	780.78	0.24	0.20658	902.906	31.085	39.2538	0.00295043
-0.0511125	-2.44839	780.78	0.24	0.206692	902.855	31.0872	39.2384	0.00383885
-0.0511467	-2.75057	780.78	0.24	0.20674	902.796	31.0861	39.2267	0.00484491
-0.0511849	-3.05275	780.78	0.24	0.206883	902.731	31.0917	39.2111	0.00596792
-0.0512268	-3.35137	780.78	0.24	0.207283	902.659	31.1049	39.1885	0.00719262
-0.0512726	-3.64643	780.78	0.24	0.20771	902.58	31.1274	39.1572	0.00851483
-0.0513221	-3.93754	780.78	0.24	0.20805	902.494	31.1533	39.1239	0.00992866
-0.0513753	-4.22497	780.78	0.24	0.20853	902.401	31.1755	39.0942	0.0114311
-0.0514321	-4.50862	780.78	0.24	0.209003	902.302	31.1952	39.0694	0.0130175
-0.0514925	-4.78832	780.78	0.24	0.209483	902.196	31.217	39.0476	0.0146827
-0.0515565	-5.06393	780.78	0.24	0.210101	902.084	31.248	39.0124	0.0164216
-0.051624	-5.33119	780.78	0.24	0.211052	901.965	31.2845	38.9761	0.0182007
-0.0516947	-5.58994	780.78	0.24	0.211972	901.84	31.3259	38.9367	0.0200104
-0.0517687	-5.84023	780.78	0.24	0.212866	901.71	31.3741	38.8901	0.0218424
-0.0518459	-6.08336	780.78	0.24	0.213764	901.573	31.4359	38.8326	0.0236989
-0.0519261	-6.31804	780.78	0.24	0.214608	901.432	31.5203	38.7519	0.0255627
-0.0520092	-6.54553	780.78	0.24	0.215394	901.284	31.6189	38.6571	0.0274367
-0.0520951	-6.76449	780.78	0.24	0.216438	901.132	31.709	38.5746	0.0293029
-0.0521838	-6.97346	780.78	0.24	0.217712	900.975	31.7816	38.5123	0.0311414
-0.052275	-7.1696	780.78	0.24	0.219149	900.813	31.8584	38.4461	0.0329178
-0.0523686	-7.35396	780.78	0.24	0.220556	900.646	31.9582	38.3509	0.0346325
-0.0524644	-7.52577	780.78	0.24	0.221979	900.475	32.0707	38.2442	0.0362696
-0.0525624	-7.68422	780.78	0.24	0.223362	900.301	32.1756	38.154	0.037813
-0.0526622	-7.83137	780.78	0.24	0.224723	900.123	32.2938	38.0474	0.0392751
-0.0527638	-7.9654	780.78	0.24	0.226193	899.941	32.4074	37.9515	0.0406309
-0.052867	-8.08525	780.78	0.24	0.227702	899.757	32.509	37.8679	0.0418628
-0.0529716	-8.19064	780.78	0.24	0.229424	899.57	32.5978	37.8012	0.0429612
-0.0530774	-8.28067	780.78	0.24	0.231229	899.381	32.6684	37.7501	0.0439109
-0.0531841	-8.35463	780.78	0.24	0.232896	899.19	32.7235	37.7151	0.0446988
-0.0532917	-8.41367	780.78	0.24	0.234579	898.997	32.7628	37.6983	0.0453328
-0.0533999	-8.45394	780.78	0.24	0.237236	898.803	32.7624	37.7259	0.0457678
-0.0535083	-8.46821	780.78	0.24	0.240194	898.608	32.7544	37.7592	0.0459224
-0.0536167	-8.45595	780.78	0.24	0.243183	898.413	32.752	37.7872	0.0457896
-0.0537247	-8.41804	780.78	0.24	0.245892	898.219	32.7572	37.8051	0.0453799
-0.0538319	-8.35631	780.78	0.24	0.248551	898.025	32.7575	37.829	0.0447167
-0.0539382	-8.27147	780.78	0.24	0.251201	897.834	32.7536	37.8566	0.0438134
-0.0540431	-8.16198	780.78	0.24	0.253861	897.644	32.7415	37.8963	0.0426612
-0.0541464	-8.03074	780.78	0.24	0.256279	897.457	32.7315	37.9342	0.0413002
-0.0542478	-7.87896	780.78	0.24	0.258667	897.273	32.7284	37.9605	0.0397538
-0.054347	-7.70216	780.78	0.24	0.261307	897.093	32.7151	37.9994	0.0379897
-0.0544438	-7.50462	780.78	0.24	0.263569	896.917	32.7107	38.0215	0.0360661
-0.0545379	-7.28599	780.78	0.24	0.265759	896.746	32.7104	38.0459	0.0339953
-0.0546289	-7.05004	780.78	0.24	0.267495	896.58	32.7153	38.0643	0.0318291
-0.0547168	-6.80043	780.78	0.24	0.268762	896.42	32.7276	38.0737	0.0296152
-0.0548014	-6.54047	780.78	0.24	0.269802	896.265	32.7477	38.0738	0.0273943
-0.0548826	-6.27304	780.78	0.24	0.270523	896.116	32.7781	38.0625	0.0251999
-0.0549604	-6.00188	780.78	0.24	0.271407	895.974	32.8158	38.0423	0.0230683
-0.0550345	-5.71831	780.78	0.24	0.272629	895.838	32.8435	38.027	0.02094
-0.0551049	-5.42422	780.78	0.24	0.273603	895.708	32.8567	38.029	0.0188415
-0.0551715	-5.12151	780.78	0.24	0.274485	895.586	32.8611	38.038	0.0167972
-0.0552341	-4.81394	780.78	0.24	0.27495	895.47	32.8577	38.052	0.0148403
-0.0552928	-4.50162	780.78	0.24	0.275329	895.361	32.8478	38.0722	0.0129772
-0.0553474	-4.18789	780.78	0.24	0.275693	895.26	32.8329	38.0948	0.0112313
-0.055398	-3.86777	780.78	0.24	0.276463	895.166	32.8049	38.1289	0.00957993
-0.0554444	-3.53996	780.78	0.24	0.27704	895.079	32.7707	38.1688	0.00802486
-0.0554865	-3.20849	780.78	0.24	0.277354	895	32.7231	38.2189	0.00659239
-0.0555244	-2.87585	780.78	0.24	0.27756	894.928	32.6693	38.2749	0.00529633
-0.055558	-2.53969	780.78	0.24	0.277941	894.864	32.6074	38.3307	0.0041305
-0.0555873	-2.20065	780.78	0.24	0.27812	894.808	32.5485	38.3782	0.00310131
-0.0556122	-1.8631	780.78	0.24	0.278257	894.759	32.4836	38.4407	0.00222286
-0.0556328	-1.52269	780.78	0.24	0.278186	894.718	32.4173	38.499	0.00148479
-0.0556491	-1.18335	780.78	0.24	0.278045	894.686	32.3526	38.5533	0.000896739
-0.055661	-0.843806	780.78	0.24	0.277917	894.66	32.2974	38.5961	0.000455959
-0.0556685	-0.506934	780.78	0.24	0.277453	894.643	32.2467	38.6345	0.000164567
-0.0556718	-0.175481	780.78	0.24	0.276692	894.633	32.207	38.6591	1.97199e-05
-0.0556709	0.148143	780.78	0.24	0.275725	894.631	32.1693	38.6804	1.40541e-05
-0.055666	0.461935	780.78	0.24	0.274531	894.636	32.1398	38.6903	0.000136648
-0.0556572	0.76478	780.78	0.24	0.273125	894.649	32.1151	38.6948	0.000374554
-0.0556446	1.05428	780.78	0.24	0.271604	894.668	32.0932	38.6929	0.000711796
-0.0556285	1.30903	780.78	0.24	0.269771	894.694	32.0686	38.6878	0.00109733
-0.0556093	1.5676	780.78	0.24	0.26791	894.725	32.0964	38.6948	0.00157366
-0.0555868	1.81271	780.78	0.24	0.266995	894.763	32.0644	38.8426	0.00210425
-0.0555613	2.04735	780.78	0.24	0.26547	894.806	32.0409	38.8318	0.00268426
-0.0555329	2.26913	780.78	0.24	0.263991	894.854	32.0027	38.8413	0.00329732
-0.0555019	2.47546	780.78	0.24	0.262429	894.907	31.9588	38.8537	0.00392421
-0.0554683	2.67075	780.78	0.24	0.26109	894.965	31.9293	38.8472	0.00456781
-0.0554323	2.85433	780.78	0.24	0.259762	895.027	31.91	38.8332	0.00521736
-0.0553941	3.02413	780.78	0.24	0.258157	895.094	31.8906	38.8162	0.00585657
-0.0553538	3.1788	780.78	0.24	0.25652	895.164	31.8626	38.8068	0.00647093
-0.0553117	3.32045	780.78	0.24	0.255012	895.238	31.8328	38.7992	0.00706051
-0.055268	3.44895	780.78	0.24	0.253546	895.315	31.795	38.7984	0.00761756
-0.0552227	3.56378	780.78	0.24	0.251882	895.394	31.7533	38.8044	0.00813322
-0.055176	3.66268	780.78	0.24	0.250281	895.477	31.7157	38.8036	0.00859091
-0.0551283	3.74949	780.78	0.24	0.248984	895.561	31.6812	38.8011	0.00900297
-0.0550795	3.82502	780.78	0.24	0.247698	895.648	31.659	38.7868	0.00936934
-0.0550299	3.88995	780.78	0.24	0.246708	895.736	31.6552	38.7495	0.00969011
-0.0549795	3.94633	780.78	0.24	0.245564	895.826	31.6705	38.6959	0.00997306
-0.0549285	3.9914	780.78	0.24	0.244415	895.916	31.6938	38.6342	0.0102021
-0.0548771	4.02676	780.78	0.24	0.243584	896.008	31.7175	38.5714	0.0103837
-0.0548252	4.0573	780.78	0.24	0.242949	896.101	31.7548	38.4944	0.0105418
-0.054773	4.0814	780.78	0.24	0.242342	896.194	31.7932	38.4186	0.0106674
-0.0547205	4.10072	780.78	0.24	0.241853	896.288	31.8314	38.3437	0.0107686
-0.0546678	4.11695	780.78	0.24	0.241619	896.382	31.8684	38.2696	0.0108541
-0.054615	4.13161	780.78	0.24	0.241416	896.477	31.8993	38.2011	0.0109315
-0.0545619	4.14411	780.78	0.24	0.241021	896.572	31.9307	38.132	0.0109978
-0.0545088	4.15258	780.78	0.24	0.240546	896.667	31.9576	38.0678	0.0110428
-0.0544555	4.15658	780.78	0.24	0.240015	896.762	31.9834	38.004	0.011064
-0.0544023	4.15516	780.78	0.24	0.239465	896.858	32.0103	37.9431	0.0110565
-0.0543492	4.14751	780.78	0.24	0.238753	896.953	32.0496	37.8655	0.0110158
-0.0542962	4.1353	780.78	0.24	0.23818	897.049	32.0832	37.7997	0.010951
-0.0542434	4.11723	780.78	0.24	0.237658	897.143	32.1131	37.7333	0.0108556
-0.0541908	4.09428	780.78	0.24	0.23708	897.238	32.1481	37.663	0.0107349
-0.0541387	4.06652	780.78	0.24	0.236358	897.332	32.1891	37.587	0.0105898
-0.0540869	4.03135	780.78	0.24	0.235605	897.425	32.2319	37.5089	0.0104074
-0.0540357	3.98882	780.78	0.24	0.234669	897.518	32.2747	37.432	0.010189
-0.0539851	3.93736	780.78	0.24	0.233673	897.609	32.3165	37.3577	0.00992774
-0.0539352	3.87634	780.78	0.24	0.232458	897.699	32.3581	37.283	0.00962246
-0.0538863	3.80342	780.78	0.24	0.231087	897.788	32.3983	37.2103	0.0092638
-0.0538384	3.71685	780.78	0.24	0.229629	897.875	32.4384	37.1374	0.00884692
-0.0537917	3.61694	780.78	0.24	0.228248	897.96	32.476	37.0656	0.0083777
-0.0537464	3.50694	780.78	0.24	0.227253	898.043	32.5109	37.0019	0.00787585
-0.0537026	3.38812	780.78	0.24	0.226289	898.123	32.5483	36.9325	0.00735123
-0.0536604	3.2615	780.78	0.24	0.225481	898.2	32.5804	36.8761	0.00681203
-0.0536199	3.12721	780.78	0.24	0.224646	898.274	32.6282	36.8025	0.0062626
-0.0535812	2.9856	780.78	0.24	0.223566	898.345	32.6809	36.7262	0.00570827
-0.0535444	2.83263	780.78	0.24	0.222344	898.413	32.7424	36.6392	0.00513833
-0.0535097	2.67004	780.78	0.24	0.221214	898.477	32.8069	36.5469	0.00456537
-0.0534772	2.49733	780.78	0.24	0.220072	898.538	32.8625	36.4708	0.00399385
-0.0534469	2.31322	780.78	0.24	0.218749	898.594	32.8922	36.4242	0.0034267
-0.0534192	2.11902	780.78	0.24	0.218063	898.647	32.8868	36.4164	0.0028755
-0.0533939	1.92148	780.78	0.24	0.217821	898.694	32.8709	36.419	0.00236435
-0.0533712	1.72118	780.78	0.24	0.217515	898.737	32.8777	36.3968	0.00189712
-0.0533511	1.5164	780.78	0.24	0.21674	898.776	32.9014	36.3581	0.00147254
-0.0533337	1.30571	780.78	0.24	0.216426	898.809	32.9131	36.3294	0.00109177
-0.053319	1.09656	780.78	0.24	0.216909	898.838	32.8675	36.376	0.00077003
-0.053307	0.889397	780.78	0.24	0.217073	898.862	32.8264	36.4076	0.000506562
-0.0532976	0.682336	780.78	0.24	0.2168	898.882	32.7939	36.4358	0.000298153
-0.0532909	0.470879	780.78	0.24	0.216202	898.896	32.7813	36.4439	0.000141991
-0.0532869	0.25316	780.78	0.24	0.215729	898.906	32.7849	36.4339	4.10422e-05
-0.0532858	0.0338532	780.78	0.24	0.215914	898.91	32.7794	36.4335	7.33907e-07
-0.0532874	-0.179331	780.78	0.24	0.216762	898.91	32.7394	36.4776	2.05945e-05
-0.0532917	-0.385518	780.78	0.24	0.217539	898.905	32.6879	36.5298	9.51765e-05
-0.0532985	-0.58573	780.78	0.24	0.218227	898.895	32.6393	36.5786	0.000219703
-0.0533079	-0.777609	780.78	0.24	0.219321	898.88	32.5858	36.634	0.000387226
-0.0533196	-0.959152	780.78	0.24	0.220587	898.861	32.522	36.6989	0.000589136
-0.0533336	-1.1284	780.78	0.24	0.221994	898.838	32.4678	36.7582	0.000815398
-0.0533495	-1.28466	780.78	0.24	0.223484	898.811	32.4183	36.8165	0.00105686
-0.0533674	-1.42786	780.78	0.24	0.224915	898.78	32.3729	36.8738	0.0013056
-0.0533869	-1.55867	780.78	0.24	0.226239	898.747	32.3277	36.9302	0.00155578
-0.0534081	-1.67904	780.78	0.24	0.227384	898.71	32.2915	36.9785	0.00180537
-0.0534306	-1.78958	780.78	0.24	0.228505	898.671	32.2657	37.0153	0.00205089
-0.0534545	-1.89007	780.78	0.24	0.229405	898.629	32.2461	37.0485	0.00228768
-0.0534796	-1.984	780.78	0.24	0.229972	898.585	32.2366	37.0713	0.00252073
-0.0535059	-2.07543	780.78	0.24	0.230321	898.539	32.237	37.0869	0.0027584
-0.0535334	-2.1647	780.78	0.24	0.230746	898.491	32.2527	37.0834	0.00300079
-0.0535619	-2.24768	780.78	0.24	0.231222	898.44	32.2751	37.0774	0.00323528
-0.0535914	-2.32377	780.78	0.24	0.232182	898.388	32.2885	37.0864	0.00345801
-0.0536218	-2.39034	780.78	0.24	0.23341	898.334	32.2928	37.1026	0.00365898
-0.053653	-2.44653	780.78	0.24	0.234661	898.279	32.3028	37.1121	0.00383304
-0.0536848	-2.49023	780.78	0.24	0.236044	898.222	32.3138	37.1262	0.00397119
-0.053717	-2.52199	780.78	0.24	0.237333	898.165	32.3262	37.1335	0.00407313
-0.0537495	-2.54548	780.78	0.24	0.238625	898.107	32.3306	37.1467	0.00414936
-0.0537822	-2.55496	780.78	0.24	0.240229	898.048	32.3341	37.1607	0.00418032
-0.0538149	-2.54736	780.78	0.24	0.241906	897.989	32.331	37.1864	0.00415548
-0.0538473	-2.52475	780.78	0.24	0.243599	897.931	32.322	37.2198	0.00408205
-0.0538793	-2.48524	780.78	0.24	0.245593	897.873	32.2938	37.2724	0.00395528
-0.0539106	-2.42887	780.78	0.24	0.247724	897.816	32.2489	37.3471	0.00377789
-0.053941	-2.35016	780.78	0.24	0.250404	897.761	32.2167	37.4038	0.003537
-0.0539701	-2.24798	780.78	0.24	0.252791	897.707	32.1544	37.4899	0.00323613
-0.0539978	-2.13381	780.78	0.24	0.254742	897.656	32.0808	37.6106	0.00291578
-0.0540238	-1.99634	780.78	0.24	0.256565	897.608	32.0155	37.6989	0.00255218
-0.0540479	-1.84388	780.78	0.24	0.257804	897.563	31.9454	37.7947	0.00217724
-0.05407	-1.68717	780.78	0.24	0.258363	897.521	31.8935	37.8669	0.00182289
-0.05409	-1.51933	780.78	0.24	0.25972	897.483	31.856	37.9261	0.00147823
-0.0541078	-1.33906	780.78	0.24	0.261327	897.45	31.817	37.9829	0.00114826
-0.0541231	-1.1446	780.78	0.24	0.262818	897.42	31.7747	38.0501	0.000838968
-0.0541357	-0.934788	780.78	0.24	0.264356	897.395	31.7372	38.111	0.000559586
-0.0541456	-0.712603	780.78	0.24	0.265868	897.374	31.6999	38.1666	0.00032519
-0.0541525	-0.476301	780.78	0.24	0.266913	897.359	31.6665	38.2168	0.000145279
-0.0541563	-0.238153	780.78	0.24	0.267636	897.35	31.6382	38.246	3.63205e-05
-0.0541569	0.0128626	780.78	0.24	0.268808	897.346	31.6014	38.2895	1.05949e-07
-0.0541542	0.282992	780.78	0.24	0.271404	897.348	31.5349	38.3623	5.12851e-05
-0.0541478	0.572862	780.78	0.24	0.273155	897.356	31.5223	38.3833	0.000210156
-0.0541375	0.878664	780.78	0.24	0.275033	897.371	31.4878	38.4466	0.000494409
-0.0541232	1.19951	780.78	0.24	0.27644	897.393	31.4805	38.4563	0.000921399
-0.0541047	1.53053	780.78	0.24	0.277217	897.422	31.4851	38.4567	0.00150012
-0.0540819	1.86603	780.78	0.24	0.277257	897.459	31.4662	38.4791	0.00222986
-0.0540548	2.19935	780.78	0.24	0.27682	897.504	31.4468	38.4963	0.00309764
-0.0540234	2.52979	780.78	0.24	0.276449	897.556	31.4404	38.4991	0.00409835
-0.0539879	2.85655	780.78	0.24	0.276228	897.616	31.4295	38.5143	0.00522545
-0.0539482	3.18072	780.78	0.24	0.27566	897.684	31.4253	38.5148	0.00647877
-0.0539044	3.50057	780.78	0.24	0.275023	897.759	31.4146	38.5194	0.0078473
-0.0538565	3.812	780.78	0.24	0.274071	897.841	31.3994	38.5271	0.00930568
-0.0538048	4.11683	780.78	0.24	0.273413	897.931	31.3956	38.5156	0.0108535
-0.0537492	4.41625	780.78	0.24	0.272694	898.027	31.4032	38.4955	0.0124896
-0.0536898	4.70953	780.78	0.24	0.271895	898.13	31.4225	38.462	0.0142035
-0.0536267	4.99548	780.78	0.24	0.270969	898.24	31.45	38.42	0.0159807
-0.0535601	5.27174	780.78	0.24	0.269691	898.357	31.4803	38.3752	0.0177971
-0.05349	5.53508	780.78	0.24	0.268197	898.48	31.5222	38.3172	0.0196195
-0.0534167	5.78424	780.78	0.24	0.26658	898.609	31.5762	38.2446	0.0214256
-0.0533404	6.01905	780.78	0.24	0.264768	898.743	31.6388	38.1629	0.0232005
-0.0532612	6.23727	780.78	0.24	0.26278	898.883	31.7073	38.0741	0.0249133
-0.0531794	6.43732	780.78	0.24	0.260645	899.028	31.7787	37.9819	0.026537
-0.0530952	6.61824	780.78	0.24	0.258558	899.177	31.8463	37.8925	0.0280496
-0.0530088	6.77996	780.78	0.24	0.256439	899.331	31.9205	37.7927	0.0294372
-0.0529206	6.92453	780.78	0.24	0.254612	899.488	31.9859	37.7058	0.0307059
-0.0528307	7.05316	780.78	0.24	0.252698	899.648	32.0436	37.6251	0.0318573
-0.0527393	7.16332	780.78	0.24	0.250693	899.811	32.1031	37.5455	0.0328602
-0.0526466	7.25651	780.78	0.24	0.248747	899.977	32.1702	37.4552	0.0337207
-0.0525529	7.33084	780.78	0.24	0.246468	900.145	32.2377	37.3641	0.0344151
-0.0524585	7.3844	780.78	0.24	0.244051	900.314	32.2994	37.2807	0.0349198
-0.0523636	7.41591	780.78	0.24	0.24162	900.485	32.3503	37.2095	0.0352184
-0.0522685	7.42552	780.78	0.24	0.239172	900.656	32.3952	37.1439	0.0353098
-0.0521735	7.41266	780.78	0.24	0.236585	900.827	32.434	37.0847	0.0351876
-0.0520789	7.37566	780.78	0.24	0.233849	900.998	32.4745	37.0259	0.0348372
-0.051985	7.31265	780.78	0.24	0.230885	901.168	32.5184	36.9637	0.0342445
-0.0518922	7.22174	780.78	0.24	0.227925	901.336	32.5617	36.9007	0.0333984
-0.0518008	7.1061	780.78	0.24	0.22502	901.502	32.6102	36.8358	0.0323373
-0.0517112	6.96321	780.78	0.24	0.222015	901.666	32.6551	36.7782	0.0310499
-0.0516236	6.79401	780.78	0.24	0.21911	901.826	32.6889	36.7321	0.0295593
-0.0515384	6.59809	780.78	0.24	0.216419	901.981	32.7042	36.7042	0.027879
-0.051456	6.38041	780.78	0.24	0.214037	902.133	32.6954	36.7061	0.0260698
-0.0513766	6.1399	780.78	0.24	0.21148	902.279	32.692	36.7035	0.0241415
-0.0513004	5.8756	780.78	0.24	0.208864	902.419	32.703	36.6867	0.0221078
-0.0512279	5.58835	780.78	0.24	0.206665	902.553	32.7122	36.6761	0.019999
-0.0511593	5.28313	780.78	0.24	0.204777	902.681	32.723	36.6707	0.0178741
-0.0510947	4.96045	780.78	0.24	0.202787	902.801	32.7576	36.6431	0.0157573
-0.0510344	4.62039	780.78	0.24	0.201096	902.914	32.8053	36.5982	0.0136709
-0.0509786	4.26683	780.78	0.24	0.199716	903.019	32.8386	36.5738	0.0116588
-0.0509275	3.90056	780.78	0.24	0.198453	903.115	32.8675	36.555	0.00974306
-0.0508812	3.52119	780.78	0.24	0.196976	903.203	32.9061	36.5284	0.00793998
-0.0508398	3.12871	780.78	0.24	0.195616	903.283	32.9481	36.497	0.00626863
-0.0508036	2.7262	780.78	0.24	0.194784	903.353	32.9669	36.4982	0.00475946
-0.0507726	2.31718	780.78	0.24	0.194285	903.414	32.9729	36.5114	0.00343845
-0.0507469	1.90275	780.78	0.24	0.193741	903.465	32.9792	36.526	0.00231849
-0.0507266	1.48387	780.78	0.24	0.193239	903.506	32.9809	36.5476	0.00141004
-0.0507116	1.06074	780.78	0.24	0.193009	903.538	32.9736	36.583	0.000720544
-0.0507021	0.636279	780.78	0.24	0.192906	903.56	32.9509	36.6361	0.000259261
-0.050698	0.210444	780.78	0.24	0.192956	903.573	32.9186	36.7004	2.83605e-05
-0.0506994	-0.214928	780.78	0.24	0.192971	903.575	32.8797	36.7732	2.95821e-05
-0.0507063	-0.640845	780.78	0.24	0.193005	903.568	32.8482	36.8406	0.000262995
-0.0507186	-1.06828	780.78	0.24	0.192814	903.55	32.8201	36.9096	0.000730815
-0.0507364	-1.49755	780.78	0.24	0.19263	903.523	32.7924	36.9818	0.00143616
-0.0507597	-1.93021	780.78	0.24	0.192616	903.486	32.7602	37.0532	0.0023859
-0.0507885	-2.36102	780.78	0.24	0.192559	903.439	32.745	37.1129	0.00356978
-0.0508229	-2.79507	780.78	0.24	0.192295	903.382	32.7601	37.1432	0.00500295
-0.0508629	-3.23121	780.78	0.24	0.191902	903.315	32.8012	37.1507	0.00668608
-0.0509085	-3.67002	780.78	0.24	0.191876	903.237	32.8636	37.139	0.0086254
-0.0509597	-4.10769	780.78	0.24	0.192195	903.15	32.925	37.1307	0.0108053
-0.0510165	-4.54308	780.78	0.24	0.192525	903.052	32.983	37.1291	0.0132173
-0.0510788	-4.97498	780.78	0.24	0.193065	902.945	33.0233	37.1466	0.0158498
-0.0511466	-5.40143	780.78	0.24	0.193919	902.827	33.0332	37.1959	0.0186835
-0.0512198	-5.81901	780.78	0.24	0.195012	902.7	33.028	37.2639	0.021684
-0.0512982	-6.22778	780.78	0.24	0.196168	902.563	33.0104	37.3415	0.0248375
-0.0513818	-6.62545	780.78	0.24	0.197318	902.417	32.9802	37.4381	0.0281107
-0.0514704	-7.01426	780.78	0.24	0.198745	902.261	32.9407	37.5544	0.0315068
-0.0515638	-7.38591	780.78	0.24	0.200629	902.097	32.8902	37.6836	0.0349341
-0.0516618	-7.74288	780.78	0.24	0.202454	901.925	32.8365	37.8098	0.0383925
-0.0517642	-8.08223	780.78	0.24	0.204234	901.744	32.7837	37.9403	0.0418315
-0.0518709	-8.4087	780.78	0.24	0.206121	901.555	32.7172	38.0796	0.0452793
-0.0519815	-8.70978	780.78	0.24	0.209213	901.359	32.6381	38.2374	0.0485798
-0.0520957	-8.98261	780.78	0.24	0.212413	901.157	32.5684	38.3914	0.051671
-0.0522131	-9.22938	780.78	0.24	0.215602	900.948	32.5044	38.5359	0.054549
-0.0523334	-9.44554	780.78	0.24	0.218743	900.734	32.4495	38.6781	0.057134
-0.0524562	-9.633	780.78	0.24	0.221927	900.515	32.3997	38.8161	0.0594243
-0.0525811	-9.79248	780.78	0.24	0.224994	900.291	32.3635	38.9407	0.0614082
-0.0527078	-9.92591	780.78	0.24	0.227938	900.065	32.3379	39.0546	0.0630931
-0.0528359	-10.031	780.78	0.24	0.231185	899.835	32.2883	39.2015	0.0644366
-0.0529651	-10.1067	780.78	0.24	0.234505	899.604	32.2351	39.3422	0.0654124
-0.053095	-10.1522	780.78	0.24	0.237868	899.371	32.1939	39.4768	0.0660031
-0.0532252	-10.1677	780.78	0.24	0.241038	899.137	32.1705	39.5887	0.0662044
-0.0533553	-10.157	780.78	0.24	0.244014	898.903	32.1559	39.6947	0.0660655
-0.0534851	-10.1181	780.78	0.24	0.246983	898.669	32.143	39.8012	0.0655596
-0.053614	-10.0542	780.78	0.24	0.249608	898.436	32.1273	39.9089	0.064735
-0.053742	-9.97008	780.78	0.24	0.251956	898.206	32.1162	40.0157	0.0636559
-0.0538687	-9.86123	780.78	0.24	0.254833	897.977	32.1281	40.104	0.0622736
-0.0539937	-9.72558	780.78	0.24	0.257625	897.751	32.1558	40.1653	0.0605721
-0.0541167	-9.565	780.78	0.24	0.260564	897.528	32.1875	40.2326	0.0585884
-0.0542374	-9.37797	780.78	0.24	0.26371	897.309	32.227	40.2837	0.0563195
-0.0543554	-9.16041	780.78	0.24	0.26708	897.095	32.2706	40.3255	0.0537367
-0.0544704	-8.91191	780.78	0.24	0.270232	896.886	32.3086	40.3725	0.0508607
-0.0545819	-8.63619	780.78	0.24	0.273224	896.683	32.346	40.416	0.0477624
-0.0546896	-8.33322	780.78	0.24	0.276284	896.486	32.3762	40.4687	0.04447
-0.0547932	-8.00319	780.78	0.24	0.279167	896.297	32.3999	40.5273	0.0410174
-0.0548923	-7.64821	780.78	0.24	0.282037	896.115	32.4176	40.5861	0.0374594
-0.0549866	-7.26438	780.78	0.24	0.285165	895.941	32.4291	40.6499	0.0337939
-0.0550757	-6.85478	780.78	0.24	0.287947	895.777	32.4479	40.7056	0.0300904
-0.0551594	-6.42041	780.78	0.24	0.290428	895.622	32.4847	40.7371	0.0263977
-0.0552372	-5.96607	780.78	0.24	0.292328	895.478	32.5305	40.7557	0.0227939
-0.0553091	-5.49654	780.78	0.24	0.293816	895.343	32.5867	40.7603	0.0193473
-0.0553749	-5.01517	780.78	0.24	0.295118	895.22	32.6568	40.7455	0.0161069
-0.0554344	-4.52214	780.78	0.24	0.296095	895.108	32.7272	40.7286	0.0130957
-0.0554875	-4.02097	780.78	0.24	0.296966	895.007	32.7908	40.7133	0.0103539
-0.0555341	-3.51159	780.78	0.24	0.297682	894.918	32.8514	40.6985	0.00789674
-0.0555741	-2.99622	780.78	0.24	0.298285	894.84	32.9144	40.6769	0.00574894
-0.0556075	-2.47528	780.78	0.24	0.298794	894.775	32.9807	40.6459	0.00392363
-0.0556342	-1.9507	780.78	0.24	0.299079	894.721	33.0554	40.6037	0.00243682
-0.0556541	-1.4235	780.78	0.24	0.29915	894.679	33.1251	40.5643	0.00129764
-0.0556672	-0.896234	780.78	0.24	0.299177	894.65	33.1894	40.5279	0.00051438
-0.0556736	-0.366895	780.78	0.24	0.299357	894.632	33.2265	40.5175	8.62036e-05
-0.0556732	0.162752	780.78	0.24	0.299125	894.627	33.2616	40.4969	1.69627e-05
-0.0556661	0.687688	780.78	0.24	0.298387	894.634	33.3036	40.4699	0.000302847
-0.0556523	1.2066	780.78	0.24	0.29749	894.652	33.3525	40.4302	0.000932333
-0.0556319	1.71634	780.78	0.24	0.296271	894.683	33.3992	40.3865	0.00188647
-0.0556052	2.21287	780.78	0.24	0.294535	894.725	33.4431	40.341	0.00313583
-0.0555722	2.69294	780.78	0.24	0.292358	894.779	33.4861	40.294	0.00464402
-0.0555333	3.14994	780.78	0.24	0.290365	894.843	33.5355	40.2496	0.006354
-0.0554886	3.59614	780.78	0.24	0.288985	894.918	33.5995	40.175	0.00828161
-0.0554384	4.0291	780.78	0.24	0.287487	895.003	33.6663	40.089	0.0103958
-0.0553827	4.45017	780.78	0.24	0.285966	895.098	33.722	40.018	0.0126822
-0.0553218	4.85794	780.78	0.24	0.284552	895.202	33.7709	39.9474	0.0151128
-0.0552558	5.25336	780.78	0.24	0.283138	895.316	33.8016	39.8935	0.0176733
-0.0551848	5.63676	780.78	0.24	0.281632	895.438	33.8179	39.8524	0.020347
-0.055109	6.00492	780.78	0.24	0.279821	895.57	33.8287	39.8135	0.0230917
-0.0550287	6.35638	780.78	0.24	0.277946	895.71	33.8366	39.7756	0.0258739
-0.0549441	6.69159	780.78	0.24	0.276168	895.858	33.8463	39.7311	0.0286748
-0.0548553	7.01174	780.78	0.24	0.274832	896.013	33.86	39.6901	0.0314842
-0.0547625	7.3219	780.78	0.24	0.273437	896.176	33.8861	39.6266	0.0343312
-0.0546659	7.61941	780.78	0.24	0.272069	896.346	33.9098	39.5597	0.0371778
-0.0545655	7.90468	780.78	0.24	0.270449	896.522	33.9325	39.4983	0.0400138
-0.0544617	8.17377	780.78	0.24	0.268483	896.705	33.9568	39.4293	0.0427845
-0.0543546	8.42425	780.78	0.24	0.266272	896.894	33.9781	39.3633	0.0454468
-0.0542445	8.65308	780.78	0.24	0.263818	897.089	33.9946	39.3018	0.0479494
-0.0541316	8.86073	780.78	0.24	0.261287	897.289	34.0148	39.2357	0.0502782
-0.0540164	9.04531	780.78	0.24	0.258646	897.494	34.0478	39.1488	0.0523948
-0.0538989	9.20649	780.78	0.24	0.255982	897.703	34.0855	39.0628	0.0542787
-0.0537797	9.34206	780.78	0.24	0.253191	897.916	34.1071	38.9925	0.0558891
-0.053659	9.45263	780.78	0.24	0.25019	898.131	34.1145	38.9367	0.0572198
-0.0535371	9.5362	780.78	0.24	0.247108	898.349	34.104	38.8996	0.0582361
-0.0534144	9.5909	780.78	0.24	0.243759	898.569	34.0741	38.8817	0.058906
-0.0532913	9.61321	780.78	0.24	0.240359	898.79	34.029	38.8727	0.0591805
-0.0531682	9.60689	780.78	0.24	0.237019	899.012	33.9706	38.8857	0.0591027
-0.0530455	9.5719	780.78	0.24	0.233942	899.233	33.9064	38.909	0.0586729
-0.0529234	9.50984	780.78	0.24	0.231679	899.453	33.837	38.9223	0.0579145
-0.0528024	9.43231	780.78	0.24	0.229702	899.672	33.7399	38.9774	0.0569741
-0.0526825	9.33589	780.78	0.24	0.227581	899.888	33.6274	39.0462	0.0558152
-0.052564	9.2197	780.78	0.24	0.225498	900.103	33.5135	39.1166	0.0544345
-0.0524472	9.08543	780.78	0.24	0.223652	900.315	33.4033	39.1896	0.0528606
-0.0523323	8.93669	780.78	0.24	0.222327	900.524	33.3051	39.2434	0.051144
-0.0522193	8.77981	780.78	0.24	0.221553	900.729	33.1887	39.322	0.0493642
-0.0521085	8.61523	780.78	0.24	0.220653	900.93	33.0712	39.4018	0.0475308
-0.0519998	8.4388	780.78	0.24	0.219586	901.128	32.9577	39.477	0.045604
-0.0518935	8.25438	780.78	0.24	0.218663	901.322	32.8443	39.5496	0.0436325
-0.0517896	8.06138	780.78	0.24	0.217876	901.511	32.7306	39.6262	0.041616
-0.0516883	7.86433	780.78	0.24	0.217352	901.697	32.6198	39.702	0.0396064
-0.0515895	7.66132	780.78	0.24	0.216792	901.877	32.5169	39.7706	0.037588
-0.0514934	7.45347	780.78	0.24	0.216059	902.053	32.4337	39.8199	0.0355761
-0.0514	7.23797	780.78	0.24	0.215313	902.224	32.3706	39.8537	0.0335487
-0.0513094	7.01831	780.78	0.24	0.215346	902.39	32.3068	39.8814	0.0315432
-0.0512216	6.79925	780.78	0.24	0.215579	902.551	32.259	39.8935	0.0296049
-0.0511366	6.58465	780.78	0.24	0.216185	902.707	32.2068	39.9172	0.0277656
-0.0510543	6.37502	780.78	0.24	0.216606	902.858	32.1942	39.9	0.0260258
-0.0509747	6.16723	780.78	0.24	0.216547	903.004	32.2009	39.865	0.0243568
-0.0508977	5.95572	780.78	0.24	0.216156	903.145	32.213	39.8243	0.0227148
-0.0508235	5.74177	780.78	0.24	0.215728	903.282	32.2218	39.7891	0.0211122
-0.0507521	5.52254	780.78	0.24	0.215153	903.414	32.2299	39.7548	0.0195308
-0.0506835	5.29957	780.78	0.24	0.214769	903.54	32.2251	39.7353	0.0179855
-0.0506178	5.07278	780.78	0.24	0.214466	903.661	32.21	39.7268	0.0164791
-0.050555	4.8434	780.78	0.24	0.214231	903.777	32.1862	39.7279	0.0150225
-0.0504952	4.6117	780.78	0.24	0.213993	903.888	32.1573	39.7355	0.0136195
-0.0504384	4.37715	780.78	0.24	0.213616	903.994	32.124	39.7478	0.0122694
-0.0503847	4.13907	780.78	0.24	0.213164	904.094	32.0844	39.7688	0.010971
-0.050334	3.89637	780.78	0.24	0.212714	904.188	32.0466	39.7884	0.00972214
-0.0502864	3.64885	780.78	0.24	0.21215	904.277	32.0142	39.8037	0.00852614
-0.0502421	3.39558	780.78	0.24	0.211529	904.36	31.9831	39.8171	0.00738363
-0.0502011	3.13863	780.78	0.24	0.211248	904.437	31.9484	39.8394	0.00630845
-0.0501634	2.87891	780.78	0.24	0.211214	904.508	31.9032	39.8641	0.00530758
-0.050129	2.61881	780.78	0.24	0.211159	904.574	31.8469	39.9052	0.00439187
-0.050098	2.35763	780.78	0.24	0.210997	904.633	31.7826	39.9582	0.00355952
-0.0500703	2.09451	780.78	0.24	0.210857	904.686	31.7218	40.0036	0.00280936
-0.050046	1.83259	780.78	0.24	0.211169	904.733	31.6624	40.0522	0.00215066
-0.0500251	1.57297	780.78	0.24	0.211332	904.774	31.6138	40.092	0.00158446
-0.0500074	1.31483	780.78	0.24	0.211684	904.809	31.5736	40.1197	0.00110708
-0.049993	1.0622	780.78	0.24	0.212378	904.838	31.5442	40.1427	0.000722527
-0.0499818	0.815026	780.78	0.24	0.2129	904.861	31.5254	40.1553	0.000425387
-0.0499737	0.571922	780.78	0.24	0.213352	904.878	31.5112	40.1648	0.000209467
-0.0499687	0.331052	780.78	0.24	0.213514	904.89	31.5009	40.1722	7.01834e-05
-0.0499667	0.0909422	780.78	0.24	0.213747	904.897	31.4948	40.1702	5.29629e-06
-0.0499678	-0.146164	780.78	0.24	0.214092	904.897	31.4759	40.191	1.36811e-05
-0.049972	-0.378534	780.78	0.24	0.214788	904.893	31.455	40.2118	9.17597e-05
-0.049979	-0.604269	780.78	0.24	0.215527	904.882	31.4488	40.2178	0.000233831
-0.0499888	-0.824088	780.78	0.24	0.216225	904.867	31.4469	40.2213	0.000434899
-0.0500014	-1.03764	780.78	0.24	0.216852	904.847	31.449	40.2208	0.000689504
-0.0500167	-1.24653	780.78	0.24	0.217437	904.822	31.4553	40.2145	0.000995056
-0.0500347	-1.44759	780.78	0.24	0.218345	904.791	31.452	40.2215	0.00134195
-0.0500551	-1.64165	780.78	0.24	0.219168	904.757	31.4544	40.2239	0.00172584
-0.0500779	-1.827	780.78	0.24	0.22028	904.718	31.4545	40.2272	0.00213756
-0.050103	-2.00295	780.78	0.24	0.221229	904.674	31.4601	40.2277	0.0025691
-0.0501302	-2.16913	780.78	0.24	0.222287	904.627	31.4592	40.2381	0.00301308
-0.0501595	-2.32578	780.78	0.24	0.223498	904.576	31.453	40.2511	0.00346401
-0.0501907	-2.47121	780.78	0.24	0.224785	904.521	31.4562	40.2584	0.00391075
-0.0502237	-2.60541	780.78	0.24	0.226088	904.463	31.4762	40.2432	0.00434703
-0.0502582	-2.72642	780.78	0.24	0.227659	904.402	31.4824	40.2464	0.00476022
-0.0502942	-2.83378	780.78	0.24	0.229081	904.338	31.5002	40.2363	0.0051425
-0.0503314	-2.92733	780.78	0.24	0.230747	904.272	31.5231	40.225	0.00548762
-0.0503697	-3.00631	780.78	0.24	0.232342	904.203	31.5581	40.2002	0.00578775
-0.0504088	-3.06976	780.78	0.24	0.234094	904.133	31.6075	40.161	0.00603463
-0.0504486	-3.11794	780.78	0.24	0.235772	904.062	31.6625	40.1139	0.00622554
-0.0504889	-3.15053	780.78	0.24	0.237416	903.99	31.7126	40.0747	0.00635638
-0.0505294	-3.16849	780.78	0.24	0.238968	903.917	31.7534	40.0494	0.00642904
-0.0505701	-3.17531	780.78	0.24	0.240645	903.843	31.7862	40.0267	0.00645674
-0.0506106	-3.16342	780.78	0.24	0.242454	903.77	31.8158	40.0083	0.0064085
-0.0506509	-3.13538	780.78	0.24	0.244138	903.697	31.844	39.9907	0.00629539
-0.0506907	-3.09304	780.78	0.24	0.245586	903.624	31.8754	39.9675	0.00612649
-0.0507298	-3.03851	780.78	0.24	0.246877	903.553	31.9047	39.9473	0.0059124
-0.0507681	-2.97373	780.78	0.24	0.247872	903.483	31.9312	39.9296	0.00566298
-0.0508055	-2.90013	780.78	0.24	0.248785	903.415	31.9432	39.93	0.00538613
-0.0508418	-2.81863	780.78	0.24	0.249589	903.348	31.921	39.9619	0.00508765
-0.0508771	-2.73289	780.78	0.24	0.249815	903.283	31.8556	40.0323	0.00478284
-0.0509113	-2.64988	780.78	0.24	0.248935	903.22	31.7812	40.1315	0.00449668
-0.0509444	-2.56285	780.78	0.24	0.25065	903.16	31.827	40.1684	0.00420617
-0.0509763	-2.46263	780.78	0.24	0.251865	903.101	31.9331	40.067	0.00388366
-0.0510068	-2.35551	780.78	0.24	0.252131	903.045	31.9715	40.0374	0.00355313
-0.0510359	-2.24787	780.78	0.24	0.251956	902.991	31.9645	40.0522	0.00323583
-0.0510637	-2.14367	780.78	0.24	0.25142	902.939	31.9415	40.0781	0.00294278
-0.0510902	-2.04462	780.78	0.24	0.251029	902.89	31.9097	40.1175	0.00267711
-0.0511154	-1.94465	780.78	0.24	0.251342	902.844	31.851	40.203	0.00242172
-0.0511394	-1.84329	780.78	0.24	0.251658	902.799	31.8059	40.2521	0.00217584
-0.0511619	-1.73676	780.78	0.24	0.252183	902.757	31.8167	40.2362	0.00193162
-0.0511831	-1.62867	780.78	0.24	0.252117	902.718	31.809	40.2454	0.00169866
-0.051203	-1.52115	780.78	0.24	0.252111	902.681	31.7801	40.2754	0.00148179
-0.0512214	-1.41593	780.78	0.24	0.251811	902.646	31.763	40.2966	0.00128388
-0.0512385	-1.311	780.78	0.24	0.251628	902.614	31.7711	40.285	0.00110065
-0.0512543	-1.20874	780.78	0.24	0.251318	902.584	31.7799	40.269	0.000935643
-0.0512689	-1.10814	780.78	0.24	0.25128	902.557	31.7572	40.2844	0.000786374
-0.0512821	-1.01146	780.78	0.24	0.251624	902.532	31.6879	40.3453	0.000655145
-0.051294	-0.905978	780.78	0.24	0.252123	902.509	31.6048	40.4232	0.000525626
-0.0513046	-0.794468	780.78	0.24	0.252762	902.489	31.5212	40.5118	0.000404198
-0.0513136	-0.678057	780.78	0.24	0.253233	902.471	31.4837	40.5427	0.000294425
-0.0513212	-0.558854	780.78	0.24	0.253345	902.456	31.4889	40.5278	0.000200003
-0.0513272	-0.439276	780.78	0.24	0.253254	902.444	31.5166	40.5179	0.000123571
-0.0513317	-0.319165	780.78	0.24	0.25352	902.434	31.5275	40.5276	6.52336e-05
-0.0513346	-0.197404	780.78	0.24	0.253826	902.428	31.5486	40.496	2.49547e-05
-0.0513359	-0.0745784	780.78	0.24	0.253457	902.424	31.5991	40.4316	3.56178e-06
-0.0513358	0.0394486	780.78	0.24	0.252356	902.423	31.6439	40.3549	9.96562e-07
-0.0513342	0.143038	780.78	0.24	0.250679	902.424	31.6543	40.3359	1.31021e-05
-0.0513316	0.226069	780.78	0.24	0.248032	902.428	31.7683	40.1628	3.27283e-05
-0.0513279	0.305915	780.78	0.24	0.250089	902.434	31.6376	40.3755	5.993e-05
-0.0513231	0.397997	780.78	0.24	0.25055	902.442	31.5703	40.4247	0.000101438
-0.0513171	0.496059	780.78	0.24	0.251137	902.451	31.5932	40.3519	0.000157582
-0.0513098	0.587871	780.78	0.24	0.249626	902.463	31.5786	40.3579	0.000221312
-0.0513016	0.659928	780.78	0.24	0.247871	902.477	31.5773	40.3577	0.000278891
-0.0512924	0.730931	780.78	0.24	0.248046	902.493	31.5956	40.3212	0.000342132
-0.0512824	0.801528	780.78	0.24	0.247616	902.51	31.5903	40.3108	0.000411413
-0.0512715	0.865726	780.78	0.24	0.24686	902.529	31.6176	40.275	0.000479956
-0.0512598	0.927157	780.78	0.24	0.247033	902.55	31.6546	40.2263	0.000550488
-0.0512474	0.985187	780.78	0.24	0.246261	902.572	31.6817	40.1673	0.000621553
-0.0512342	1.04386	780.78	0.24	0.247092	902.595	31.6549	40.4095	0.000697787
-0.0512202	1.10774	780.78	0.24	0.24699	902.619	31.7131	40.3185	0.000785816
-0.0512054	1.16445	780.78	0.24	0.245942	902.645	31.7057	40.2845	0.000868329
-0.0511902	1.18637	780.78	0.24	0.245691	902.672	31.7723	40.2451	0.000901322
-0.0511745	1.24085	780.78	0.24	0.246476	902.7	31.886	40.1947	0.000985999
-0.0511581	1.29423	780.78	0.24	0.246095	902.729	31.8464	40.1967	0.00107267
-0.0511411	1.33466	780.78	0.24	0.243193	902.759	31.7219	40.3136	0.00114073
-0.0511237	1.37246	780.78	0.24	0.245143	902.79	31.618	40.5159	0.00120626
-0.0511056	1.42305	780.78	0.24	0.246038	902.822	31.7102	40.3515	0.00129682
-0.0510869	1.47627	780.78	0.24	0.245836	902.856	31.7428	40.2989	0.00139563
-0.0510675	1.52642	780.78	0.24	0.245213	902.89	31.7364	40.2792	0.00149208
-0.0510475	1.56899	780.78	0.24	0.244123	902.926	31.7164	40.2717	0.00157647
-0.0510271	1.60083	780.78	0.24	0.243044	902.962	31.6907	40.2714	0.00164109
-0.0510063	1.62482	780.78	0.24	0.242304	902.999	31.6572	40.2914	0.00169064
-0.0509853	1.64352	780.78	0.24	0.241865	903.037	31.6268	40.2978	0.00172978
-0.0509641	1.65964	780.78	0.24	0.241623	903.075	31.6356	40.2596	0.00176387
-0.0509427	1.67315	780.78	0.24	0.241376	903.114	31.6634	40.2005	0.00179272
-0.0509212	1.68269	780.78	0.24	0.240922	903.152	31.7058	40.1278	0.00181322
-0.0508996	1.68781	780.78	0.24	0.240515	903.191	31.7623	40.0407	0.00182427
-0.050878	1.69016	780.78	0.24	0.240246	903.23	31.8276	39.9376	0.00182935
-0.0508563	1.69194	780.78	0.24	0.240228	903.27	31.8965	39.8427	0.0018332
-0.0508346	1.69454	780.78	0.24	0.240315	903.309	31.977	39.7291	0.00183885
-0.0508129	1.69776	780.78	0.24	0.240274	903.348	32.0689	39.6071	0.00184583
-0.0507911	1.69959	780.78	0.24	0.24021	903.387	32.1562	39.4872	0.00184983
-0.0507693	1.70067	780.78	0.24	0.240053	903.427	32.2323	39.38	0.00185218
-0.0507475	1.69952	780.78	0.24	0.239627	903.466	32.3009	39.2818	0.00184966
-0.0507258	1.69236	780.78	0.24	0.238866	903.505	32.3673	39.1876	0.00183411
-0.0507043	1.67534	780.78	0.24	0.238167	903.544	32.4472	39.0919	0.00179741
-0.050683	1.65569	780.78	0.24	0.237472	903.583	32.5397	38.9685	0.0017555
-0.0506621	1.62836	780.78	0.24	0.236601	903.621	32.6201	38.8588	0.00169802
-0.0506415	1.59377	780.78	0.24	0.235712	903.659	32.692	38.7582	0.00162665
-0.0506215	1.55008	780.78	0.24	0.234797	903.695	32.7592	38.6681	0.00153869
-0.0506022	1.49768	780.78	0.24	0.233903	903.731	32.8267	38.5759	0.00143641
-0.0505835	1.43768	780.78	0.24	0.232735	903.765	32.885	38.4903	0.00132362
-0.0505658	1.36399	780.78	0.24	0.23124	903.798	32.9323	38.4214	0.00119142
-0.0505491	1.27794	780.78	0.24	0.229784	903.829	32.9807	38.3443	0.00104583
-0.0505337	1.17817	780.78	0.24	0.22823	903.858	32.991	38.3091	0.000888916
-0.0505197	1.06385	780.78	0.24	0.226705	903.885	32.9942	38.2699	0.000724773
-0.0505073	0.936755	780.78	0.24	0.225331	903.909	32.9751	38.2672	0.000561944
-0.0504966	0.797748	780.78	0.24	0.224185	903.93	32.9332	38.295	0.000407543
-0.0504878	0.648633	780.78	0.24	0.223143	903.948	32.8902	38.3233	0.000269426
-0.050481	0.492031	780.78	0.24	0.222238	903.962	32.8455	38.3496	0.000155034
-0.0504762	0.326442	780.78	0.24	0.221495	903.972	32.7937	38.3839	6.82422e-05
-0.0504737	0.156939	780.78	0.24	0.221028	903.979	32.7405	38.4203	1.57726e-05
-0.0504733	-0.0157496	780.78	0.24	0.220771	903.981	32.7322	38.4062	1.58848e-07
-0.0504752	-0.194228	780.78	0.24	0.22006	903.98	32.7412	38.3802	2.41582e-05
-0.0504795	-0.378025	780.78	0.24	0.219696	903.975	32.7576	38.3444	9.1513e-05
-0.0504861	-0.564136	780.78	0.24	0.219179	903.965	32.7588	38.3304	0.000203802
-0.0504952	-0.759092	780.78	0.24	0.218245	903.951	32.7283	38.3457	0.000369004
-0.0505068	-0.961748	780.78	0.24	0.217071	903.932	32.6927	38.3722	0.000592331
-0.0505211	-1.17349	780.78	0.24	0.216365	903.908	32.6653	38.3734	0.000881857
-0.0505382	-1.38743	780.78	0.24	0.216657	903.88	32.6279	38.3944	0.00123273
-0.050558	-1.59956	780.78	0.24	0.216753	903.847	32.5571	38.4576	0.00163848
-0.0505805	-1.80972	780.78	0.24	0.217001	903.808	32.4599	38.5515	0.00209732
-0.0506057	-2.01571	780.78	0.24	0.217713	903.765	32.3435	38.6657	0.00260194
-0.0506335	-2.21675	780.78	0.24	0.218569	903.717	32.2364	38.7801	0.00314685
-0.0506637	-2.40698	780.78	0.24	0.219542	903.665	32.15	38.8635	0.00371012
-0.0506963	-2.58976	780.78	0.24	0.220283	903.608	32.0679	38.943	0.00429498
-0.0507311	-2.76627	780.78	0.24	0.221116	903.547	32.0074	39.0007	0.0049004
-0.0507682	-2.93633	780.78	0.24	0.221567	903.482	31.9678	39.041	0.00552142
-0.0508074	-3.10544	780.78	0.24	0.221995	903.413	31.9534	39.048	0.0061757
-0.0508488	-3.26996	780.78	0.24	0.222711	903.341	31.9511	39.0533	0.0068474
-0.0508922	-3.42853	780.78	0.24	0.2239	903.264	31.9317	39.0604	0.00752762
-0.0509375	-3.57036	780.78	0.24	0.225432	903.184	31.9044	39.0904	0.0081633
-0.0509844	-3.69714	780.78	0.24	0.227126	903.1	31.8916	39.105	0.0087533
-0.0510329	-3.80779	780.78	0.24	0.228705	903.014	31.8949	39.1063	0.00928511
-0.0510826	-3.90701	780.78	0.24	0.229934	902.926	31.9044	39.1022	0.0097753
-0.0511335	-3.99713	780.78	0.24	0.230779	902.835	31.9174	39.0978	0.0102315
-0.0511855	-4.08031	780.78	0.24	0.231378	902.742	31.9477	39.0748	0.0106617
-0.0512385	-4.15812	780.78	0.24	0.231758	902.647	31.9754	39.0558	0.0110722
-0.0512925	-4.23408	780.78	0.24	0.232195	902.55	32.004	39.0356	0.0114804
-0.0513474	-4.30543	780.78	0.24	0.232667	902.452	32.0272	39.016	0.0118707
-0.0514032	-4.37179	780.78	0.24	0.233219	902.352	32.0514	38.9973	0.0122394
-0.0514598	-4.43344	780.78	0.24	0.233714	902.251	32.0824	38.9768	0.012587
-0.0515171	-4.49157	780.78	0.24	0.234094	902.148	32.1216	38.9467	0.0129193
-0.0515751	-4.54459	780.78	0.24	0.234638	902.044	32.1653	38.915	0.013226
-0.0516338	-4.59552	780.78	0.24	0.235036	901.939	32.2197	38.8706	0.0135242
-0.0516931	-4.63922	780.78	0.24	0.235722	901.832	32.2842	38.8167	0.0137826
-0.0517529	-4.67884	780.78	0.24	0.236119	901.725	32.353	38.7599	0.014019
-0.0518132	-4.71468	780.78	0.24	0.236495	901.617	32.416	38.7104	0.0142346
-0.0518738	-4.74337	780.78	0.24	0.237612	901.508	32.4697	38.6721	0.0144084
-0.0519348	-4.76222	780.78	0.24	0.238875	901.398	32.505	38.6498	0.0145231
-0.0519958	-4.76914	780.78	0.24	0.240225	901.288	32.5208	38.6499	0.0145654
-0.0520569	-4.76315	780.78	0.24	0.241579	901.178	32.5258	38.6592	0.0145288
-0.0521177	-4.74566	780.78	0.24	0.243283	901.068	32.5354	38.6682	0.0144223
-0.0521782	-4.71073	780.78	0.24	0.245045	900.959	32.5431	38.674	0.0142108
-0.052238	-4.65957	780.78	0.24	0.246796	900.85	32.5422	38.6859	0.0139038
-0.0522971	-4.59623	780.78	0.24	0.248816	900.743	32.5517	38.6939	0.0135283
-0.0523552	-4.50823	780.78	0.24	0.251189	900.637	32.5829	38.6762	0.0130153
-0.0524119	-4.40022	780.78	0.24	0.253708	900.534	32.6196	38.655	0.0123991
-0.052467	-4.26901	780.78	0.24	0.255919	900.433	32.659	38.6279	0.0116707
-0.0525203	-4.12084	780.78	0.24	0.257532	900.336	32.6975	38.6016	0.0108746
-0.0525716	-3.96295	780.78	0.24	0.258802	900.241	32.7515	38.5507	0.0100573
-0.0526206	-3.78817	780.78	0.24	0.260385	900.151	32.7971	38.5195	0.00918968
-0.0526674	-3.60327	780.78	0.24	0.261707	900.065	32.837	38.493	0.0083145
-0.0527117	-3.40548	780.78	0.24	0.262832	899.983	32.8765	38.4613	0.00742672
-0.0527533	-3.19819	780.78	0.24	0.263817	899.905	32.9136	38.4339	0.00655013
-0.0527922	-2.98642	780.78	0.24	0.265219	899.833	32.9533	38.4037	0.00571141
-0.0528311	-3.19343	780.78	0.24	0.26504	899.765	32.9845	38.5805	0.00653066
-0.0528697	-2.96209	780.78	0.24	0.267156	899.693	33.1025	38.4794	0.00561873
-0.0529056	-2.75993	780.78	0.24	0.265117	899.626	33.0282	38.6738	0.00487794
-0.0529389	-2.54458	780.78	0.24	0.264893	899.564	33.0383	38.6865	0.00414644
-0.0529693	-2.3261	780.78	0.24	0.264975	899.507	33.0216	38.6988	0.00346496
-0.052997	-2.1028	780.78	0.24	0.264991	899.454	33.0233	38.6948	0.00283162
-0.0530218	-1.88275	780.78	0.24	0.264183	899.407	33.0246	38.694	0.00226999
-0.0530438	-1.67283	780.78	0.24	0.262822	899.365	33.0184	38.6997	0.00179204
-0.0530634	-1.47597	780.78	0.24	0.261305	899.328	33.0021	38.7231	0.00139507
-0.0530805	-1.29399	780.78	0.24	0.25967	899.295	32.9888	38.7341	0.00107227
-0.0530954	-1.12575	780.78	0.24	0.258075	899.266	33.0004	38.7126	0.000811566
-0.0531083	-0.972525	780.78	0.24	0.256428	899.241	33.0238	38.6799	0.00060568
-0.0531194	-0.832731	780.78	0.24	0.25483	899.219	33.0409	38.6563	0.000444069
-0.0531289	-0.708445	780.78	0.24	0.25324	899.201	33.0536	38.6375	0.000321406
-0.0531368	-0.597472	780.78	0.24	0.251606	899.185	33.0655	38.616	0.0002286
-0.0531436	-0.50293	780.78	0.24	0.249723	899.172	33.0736	38.6001	0.000161978
-0.0531492	-0.42482	780.78	0.24	0.247764	899.161	33.0775	38.5881	0.000115572
-0.053154	-0.364441	780.78	0.24	0.245769	899.152	33.0759	38.5866	8.50541e-05
-0.0531583	-0.323416	780.78	0.24	0.243803	899.144	33.0692	38.5825	6.69829e-05
-0.0531622	-0.297756	780.78	0.24	0.241947	899.136	33.0525	38.5909	5.67757e-05
-0.0531659	-0.288589	780.78	0.24	0.240121	899.13	33.0344	38.5981	5.33336e-05
-0.0531696	-0.29838	780.78	0.24	0.238634	899.123	33.0248	38.6143	5.70138e-05
-0.0531736	-0.315089	780.78	0.24	0.237791	899.116	33.0424	38.5809	6.3578e-05
-0.0531778	-0.339093	780.78	0.24	0.237069	899.109	33.0683	38.5486	7.36339e-05
-0.0531824	-0.369503	780.78	0.24	0.236369	899.101	33.09	38.522	8.74332e-05
-0.0531875	-0.406955	780.78	0.24	0.235692	899.092	33.1054	38.501	0.000106056
-0.0531931	-0.448414	780.78	0.24	0.235179	899.082	33.1166	38.4864	0.000128765
-0.0531993	-0.495631	780.78	0.24	0.23454	899.072	33.1201	38.4769	0.000157311
-0.0532062	-0.548373	780.78	0.24	0.233878	899.06	33.1308	38.4599	0.000192572
-0.0532137	-0.606855	780.78	0.24	0.233221	899.047	33.1447	38.4414	0.000235837
-0.0532221	-0.674606	780.78	0.24	0.232499	899.033	33.1701	38.4142	0.000291435
-0.0532314	-0.745226	780.78	0.24	0.232032	899.017	33.2179	38.3628	0.000355646
-0.0532417	-0.81969	780.78	0.24	0.231696	898.999	33.2729	38.3089	0.00043027
-0.0532529	-0.897556	780.78	0.24	0.231496	898.98	33.3342	38.2469	0.000515899
-0.0532652	-0.975068	780.78	0.24	0.231422	898.959	33.3993	38.1791	0.000608851
-0.0532784	-1.055	780.78	0.24	0.231304	898.936	33.461	38.1072	0.000712765
-0.0532927	-1.13393	780.78	0.24	0.231257	898.911	33.5171	38.0477	0.000823405
-0.053308	-1.21455	780.78	0.24	0.23106	898.885	33.5762	37.985	0.000944653
-0.0533243	-1.29881	780.78	0.24	0.230748	898.856	33.6314	37.9339	0.00108027
-0.0533418	-1.38287	780.78	0.24	0.230792	898.826	33.7204	37.8435	0.00122463
-0.0533603	-1.46607	780.78	0.24	0.23094	898.794	33.7993	37.7616	0.00137642
-0.0533798	-1.54988	780.78	0.24	0.231222	898.759	33.8516	37.7063	0.00153829
-0.0534005	-1.62864	780.78	0.24	0.231961	898.723	33.8677	37.6892	0.0016986
-0.053422	-1.69937	780.78	0.24	0.232773	898.685	33.8487	37.7099	0.00184935
-0.0534444	-1.76201	780.78	0.24	0.233485	898.646	33.7991	37.7637	0.00198819
-0.0534675	-1.81741	780.78	0.24	0.234392	898.605	33.781	37.7709	0.00211518
-0.0534912	-1.86458	780.78	0.24	0.235324	898.563	33.7739	37.7825	0.00222641
-0.0535155	-1.90418	780.78	0.24	0.236148	898.52	33.7614	37.8006	0.00232197
-0.0535402	-1.93785	780.78	0.24	0.236714	898.476	33.7467	37.8236	0.00240481
-0.0535653	-1.96712	780.78	0.24	0.237019	898.431	33.7273	37.8514	0.00247801
-0.0535908	-1.99527	780.78	0.24	0.237153	898.386	33.7065	37.8784	0.00254943
-0.0536166	-2.02075	780.78	0.24	0.237771	898.339	33.6885	37.898	0.00261498
-0.0536426	-2.03883	780.78	0.24	0.238668	898.293	33.6636	37.9301	0.00266198
-0.0536688	-2.04804	780.78	0.24	0.239594	898.246	33.6349	37.9657	0.00268608
-0.0536951	-2.04969	780.78	0.24	0.240429	898.199	33.5947	38.0141	0.00269041
-0.0537213	-2.04292	780.78	0.24	0.241323	898.152	33.5444	38.0736	0.00267267
-0.0537473	-2.02893	780.78	0.24	0.242101	898.105	33.4818	38.144	0.00263618
-0.0537731	-2.00882	780.78	0.24	0.242748	898.058	33.4169	38.2163	0.00258419
-0.0537986	-1.98307	780.78	0.24	0.243252	898.012	33.3519	38.2923	0.00251836
-0.0538237	-1.95413	780.78	0.24	0.243467	897.967	33.2919	38.3611	0.00244538
-0.0538485	-1.92443	780.78	0.24	0.243545	897.922	33.244	38.4179	0.00237162
-0.0538728	-1.8945	780.78	0.24	0.244374	897.878	33.1648	38.487	0.00229843
-0.0538967	-1.85023	780.78	0.24	0.245767	897.834	33.0575	38.6004	0.00219225
-0.0539199	-1.79505	780.78	0.24	0.246898	897.792	32.952	38.7129	0.00206346
-0.0539422	-1.72908	780.78	0.24	0.248176	897.751	32.8434	38.8269	0.00191457
-0.0539636	-1.65128	780.78	0.24	0.249461	897.712	32.7368	38.9412	0.00174615
-0.0539839	-1.56313	780.78	0.24	0.25052	897.674	32.6312	39.0576	0.0015647
-0.054003	-1.46277	780.78	0.24	0.252068	897.639	32.4822	39.2187	0.00137022
-0.0540207	-1.34953	780.78	0.24	0.253426	897.606	32.3329	39.3747	0.00116629
-0.0540368	-1.2252	780.78	0.24	0.254588	897.576	32.1956	39.5166	0.000961286
-0.0540512	-1.09111	780.78	0.24	0.255609	897.548	32.0665	39.6518	0.00076239
-0.0540638	-0.948914	780.78	0.24	0.25629	897.524	31.9504	39.7706	0.000576627
-0.0540746	-0.804457	780.78	0.24	0.256643	897.503	31.8492	39.8776	0.000414426
-0.0540834	-0.654598	780.78	0.24	0.257079	897.485	31.769	39.9544	0.000274404
-0.0540904	-0.501361	780.78	0.24	0.257558	897.471	31.6994	40.024	0.000160969
-0.0540953	-0.342834	780.78	0.24	0.257813	897.461	31.6403	40.0807	7.5268e-05
-0.0540981	-0.183815	780.78	0.24	0.257819	897.454	31.5881	40.1325	2.16374e-05
-0.0540989	-0.0254154	780.78	0.24	0.257774	897.45	31.5439	40.1742	4.13652e-07
-0.0540977	0.133361	780.78	0.24	0.257737	897.451	31.5067	40.2063	1.13893e-05
-0.0540945	0.29309	780.78	0.24	0.258374	897.455	31.4689	40.2377	5.50102e-05
-0.0540891	0.461265	780.78	0.24	0.259103	897.462	31.4242	40.2746	0.000136252
-0.0540816	0.634275	780.78	0.24	0.259488	897.474	31.3834	40.3068	0.00025763
-0.0540718	0.809754	780.78	0.24	0.259614	897.489	31.3532	40.3249	0.000419902
-0.0540597	0.985218	780.78	0.24	0.259743	897.509	31.3327	40.3324	0.000621592
-0.0540454	1.16213	780.78	0.24	0.259632	897.533	31.3203	40.3321	0.000864866
-0.0540288	1.33692	780.78	0.24	0.259213	897.56	31.3202	40.3176	0.0011446
-0.0540101	1.50587	780.78	0.24	0.258439	897.592	31.3319	40.2899	0.00145216
-0.0539892	1.66627	780.78	0.24	0.257441	897.628	31.3552	40.2479	0.00177799
-0.0539664	1.8177	780.78	0.24	0.256317	897.667	31.384	40.199	0.00211586
-0.0539418	1.95862	780.78	0.24	0.255257	897.71	31.4098	40.1523	0.00245663
-0.0539154	2.09138	780.78	0.24	0.254273	897.755	31.4241	40.1147	0.00280096
-0.0538874	2.21585	780.78	0.24	0.25335	897.804	31.4351	40.0818	0.00314428
-0.0538579	2.33181	780.78	0.24	0.252392	897.856	31.442	40.0527	0.00348199
-0.053827	2.43739	780.78	0.24	0.251339	897.91	31.4532	40.0201	0.00380444
-0.0537948	2.53514	780.78	0.24	0.250337	897.967	31.4717	39.9758	0.00411572
-0.0537615	2.62385	780.78	0.24	0.249232	898.026	31.4852	39.9376	0.00440881
-0.0537271	2.70204	780.78	0.24	0.248066	898.087	31.5077	39.8911	0.00467547
-0.0536918	2.76872	780.78	0.24	0.246781	898.149	31.5391	39.8332	0.00490906
-0.0536558	2.82408	780.78	0.24	0.245471	898.213	31.5687	39.7773	0.00510733
-0.0536192	2.86793	780.78	0.24	0.244233	898.278	31.5892	39.7317	0.0052672
-0.0535822	2.90044	780.78	0.24	0.24306	898.345	31.6076	39.6913	0.00538727
-0.0535448	2.92296	780.78	0.24	0.241843	898.412	31.6356	39.6365	0.00547126
-0.0535072	2.93514	780.78	0.24	0.240669	898.479	31.6699	39.5752	0.00551696
-0.0534696	2.93745	780.78	0.24	0.239557	898.547	31.7203	39.4969	0.00552565
-0.0534321	2.92736	780.78	0.24	0.238287	898.614	31.776	39.4116	0.00548775
-0.0533947	2.90786	780.78	0.24	0.237206	898.681	31.8333	39.3286	0.00541486
-0.0533578	2.87758	780.78	0.24	0.236173	898.748	31.8858	39.2465	0.0053027
-0.0533213	2.83958	780.78	0.24	0.235139	898.814	31.9341	39.1719	0.00516356
-0.0532853	2.79202	780.78	0.24	0.234036	898.879	31.99	39.0878	0.00499205
-0.0532501	2.73457	780.78	0.24	0.233048	898.943	32.0439	39.0054	0.00478873
-0.0532157	2.66774	780.78	0.24	0.231987	899.006	32.0916	38.9321	0.00455751
-0.0531823	2.5921	780.78	0.24	0.231143	899.067	32.1426	38.8556	0.00430274
-0.0531499	2.50841	780.78	0.24	0.230357	899.126	32.1956	38.7764	0.00402937
-0.0531186	2.41829	780.78	0.24	0.229795	899.183	32.2522	38.695	0.00374504
-0.0530885	2.32667	780.78	0.24	0.229828	899.239	32.3063	38.6167	0.00346665
-0.0530596	2.23597	780.78	0.24	0.229798	899.292	32.3567	38.5422	0.00320165
-0.0530318	2.14367	780.78	0.24	0.229558	899.343	32.3993	38.4754	0.00294278
-0.0530053	2.04822	780.78	0.24	0.229151	899.392	32.4374	38.4138	0.00268655
-0.05298	1.94724	780.78	0.24	0.22874	899.438	32.4776	38.3457	0.00242818
-0.052956	1.84563	780.78	0.24	0.228499	899.482	32.5249	38.2741	0.00218138
-0.0529334	1.74141	780.78	0.24	0.228304	899.524	32.5673	38.2183	0.00194198
-0.0529121	1.63615	780.78	0.24	0.22822	899.564	32.6027	38.16	0.00171431
-0.0528922	1.53017	780.78	0.24	0.228135	899.601	32.6283	38.117	0.0014994
-0.0528736	1.4227	780.78	0.24	0.228381	899.636	32.6172	38.1116	0.00129619
-0.0528564	1.31913	780.78	0.24	0.229028	899.668	32.5815	38.1344	0.00111434
-0.0528404	1.2241	780.78	0.24	0.229832	899.698	32.5447	38.1548	0.000959571
-0.0528256	1.13638	780.78	0.24	0.23058	899.725	32.4985	38.1814	0.000826967
-0.0528118	1.05467	780.78	0.24	0.231226	899.751	32.4465	38.218	0.000712321
-0.052799	0.981511	780.78	0.24	0.232706	899.775	32.3781	38.2923	0.000616924
-0.0527871	0.920574	780.78	0.24	0.233853	899.797	32.3984	38.2477	0.000542698
-0.0527758	0.864093	780.78	0.24	0.234629	899.818	32.4385	38.2014	0.000478147
-0.0527652	0.819014	780.78	0.24	0.235467	899.838	32.4377	38.1856	0.00042956
-0.0527551	0.77872	780.78	0.24	0.236156	899.856	32.3269	38.2853	0.000388332
-0.0527455	0.743779	780.78	0.24	0.236069	899.874	32.2034	38.411	0.000354266
-0.0527363	0.705711	780.78	0.24	0.235488	899.891	32.247	38.3678	0.00031893
-0.0527277	0.661877	780.78	0.24	0.235597	899.907	32.2624	38.3266	0.00028054
-0.0527196	0.623989	780.78	0.24	0.23607	899.922	32.227	38.3484	0.000249342
-0.0527119	0.589496	780.78	0.24	0.236341	899.936	32.1745	38.386	0.000222537
-0.0527047	0.556172	780.78	0.24	0.236416	899.95	32.114	38.432	0.000198088
-0.0526978	0.524515	780.78	0.24	0.236886	899.962	32.0346	38.5041	0.00017618
-0.0526914	0.497658	780.78	0.24	0.237246	899.974	31.9518	38.572	0.0001586
-0.0526852	0.476321	780.78	0.24	0.238075	899.986	31.8441	38.7116	0.000145291
-0.0526793	0.46156	780.78	0.24	0.238662	899.996	31.7837	38.7577	0.000136426
-0.0526735	0.449871	780.78	0.24	0.239016	900.007	31.7712	38.7554	0.000129603
-0.0526678	0.441182	780.78	0.24	0.239236	900.017	31.774	38.7363	0.000124645
-0.0526622	0.432529	780.78	0.24	0.239504	900.027	31.7745	38.7201	0.000119804
-0.0526567	0.430381	780.78	0.24	0.24022	900.037	31.7589	38.7196	0.000118617
-0.0526512	0.437489	780.78	0.24	0.241329	900.047	31.7024	38.7667	0.000122567
-0.0526454	0.456082	780.78	0.24	0.242789	900.057	31.6201	38.8382	0.000133207
-0.0526393	0.486606	780.78	0.24	0.244277	900.068	31.5422	38.9034	0.000151634
-0.0526326	0.530581	780.78	0.24	0.245704	900.08	31.4809	38.9476	0.000180279
-0.0526253	0.588027	780.78	0.24	0.247169	900.092	31.4302	38.981	0.00022143
-0.0526171	0.657173	780.78	0.24	0.248406	900.106	31.3857	39.0095	0.000276567
-0.052608	0.737117	780.78	0.24	0.249486	900.122	31.3397	39.0443	0.000347948
-0.0525977	0.827518	780.78	0.24	0.250563	900.139	31.2896	39.0792	0.000438527
-0.0525861	0.925634	780.78	0.24	0.251423	900.159	31.2441	39.1095	0.00054868
-0.0525733	1.03187	780.78	0.24	0.252196	900.181	31.1952	39.1403	0.00068185
-0.052559	1.1447	780.78	0.24	0.253135	900.205	31.1442	39.1699	0.00083912
-0.0525432	1.26804	780.78	0.24	0.254145	900.232	31.0847	39.2102	0.0010297
-0.0525257	1.3999	780.78	0.24	0.255134	900.262	31.0314	39.2409	0.00125497
-0.0525064	1.53749	780.78	0.24	0.256069	900.295	30.9906	39.2643	0.00151379
-0.0524853	1.68605	780.78	0.24	0.256805	900.332	30.9639	39.2676	0.00182047
-0.0524623	1.83905	780.78	0.24	0.257039	900.371	30.9327	39.2761	0.00216584
-0.0524372	1.9909	780.78	0.24	0.256527	900.415	30.8939	39.2934	0.00253829
-0.0524104	2.13128	780.78	0.24	0.254925	900.461	30.9446	39.2198	0.00290885
-0.0523817	2.27422	780.78	0.24	0.25699	900.511	30.9252	39.2754	0.00331212
-0.0523511	2.43184	780.78	0.24	0.257864	900.565	31.0032	39.1665	0.00378713
-0.0523184	2.59454	780.78	0.24	0.258037	900.622	31.0604	39.0778	0.00431083
-0.0522836	2.75828	780.78	0.24	0.258089	900.682	31.0884	39.0222	0.00487212
-0.0522467	2.92067	780.78	0.24	0.257902	900.747	31.0873	38.9867	0.00546267
-0.0522078	3.08051	780.78	0.24	0.257309	900.815	31.071	38.971	0.00607698
-0.0521668	3.23241	780.78	0.24	0.256239	900.887	31.0567	38.9539	0.00669103
-0.0521241	3.37443	780.78	0.24	0.255001	900.963	31.0577	38.9195	0.0072919
-0.0520796	3.50325	780.78	0.24	0.25337	901.041	31.0765	38.8671	0.0078593
-0.0520336	3.61706	780.78	0.24	0.251596	901.123	31.1217	38.7862	0.00837822
-0.0519863	3.71516	780.78	0.24	0.249868	901.207	31.1736	38.6981	0.00883888
-0.0519379	3.79791	780.78	0.24	0.248198	901.293	31.2238	38.6111	0.00923702
-0.0518886	3.86498	780.78	0.24	0.246508	901.381	31.2698	38.532	0.00956611
-0.0518386	3.91629	780.78	0.24	0.244652	901.471	31.3142	38.4505	0.00982178
-0.0517881	3.94938	780.78	0.24	0.242426	901.562	31.3522	38.3758	0.00998847
-0.0517373	3.96179	780.78	0.24	0.240381	901.653	31.372	38.3233	0.0100513
-0.0516866	3.95873	780.78	0.24	0.238696	901.745	31.3802	38.2793	0.0100358
-0.0516361	3.93958	780.78	0.24	0.236937	901.836	31.3794	38.2437	0.00993898
-0.0515859	3.90223	780.78	0.24	0.234935	901.927	31.3469	38.2364	0.0097514
-0.0515365	3.8468	780.78	0.24	0.232728	902.017	31.3259	38.1529	0.00947636
-0.0514879	3.77571	780.78	0.24	0.231394	902.105	31.2841	38.1645	0.00912934
-0.0514403	3.68515	780.78	0.24	0.228631	902.192	31.251	38.2127	0.00869662
-0.0513943	3.55689	780.78	0.24	0.228	902.277	31.1765	38.2564	0.00810181
-0.0513498	3.44241	780.78	0.24	0.226422	902.358	31.1975	38.2042	0.00758869
-0.051307	3.30848	780.78	0.24	0.224464	902.437	31.2133	38.1549	0.00700967
-0.051266	3.16585	780.78	0.24	0.223908	902.513	31.2158	38.124	0.00641832
-0.0512268	3.01727	780.78	0.24	0.222906	902.585	31.2506	38.0591	0.00583002
-0.0511897	2.85737	780.78	0.24	0.221781	902.654	31.2851	37.9924	0.00522846
-0.0511547	2.68843	780.78	0.24	0.22068	902.719	31.3086	37.9393	0.00462848
-0.051122	2.50722	780.78	0.24	0.219844	902.78	31.3261	37.9037	0.00402555
-0.0510916	2.32356	780.78	0.24	0.219278	902.837	31.3366	37.8687	0.0034574
-0.0510637	2.13295	780.78	0.24	0.218488	902.89	31.3432	37.8396	0.00291343
-0.0510383	1.93516	780.78	0.24	0.217671	902.938	31.3514	37.8097	0.00239814
-0.0510155	1.72678	780.78	0.24	0.216863	902.982	31.3622	37.7763	0.00190947
-0.0509954	1.51468	780.78	0.24	0.216113	903.02	31.3716	37.7452	0.00146921
-0.0509781	1.29616	780.78	0.24	0.215554	903.054	31.3722	37.7246	0.00107586
-0.0509636	1.07295	780.78	0.24	0.215034	903.083	31.3734	37.7003	0.000737228
-0.050952	0.846074	780.78	0.24	0.214689	903.106	31.3706	37.6839	0.000458414
-0.0509434	0.615296	780.78	0.24	0.214277	903.125	31.3602	37.6773	0.000242443
-0.0509378	0.380567	780.78	0.24	0.213809	903.138	31.3481	37.6721	9.27478e-05
-0.0509352	0.139874	780.78	0.24	0.21332	903.145	31.3375	37.6728	1.25289e-05
-0.0509357	-0.102726	780.78	0.24	0.213173	903.147	31.3428	37.6534	6.75771e-06
-0.0509394	-0.346602	780.78	0.24	0.213005	903.143	31.3463	37.6364	7.69315e-05
-0.0509462	-0.590324	780.78	0.24	0.213148	903.134	31.3388	37.6361	0.000223163
-0.0509561	-0.832111	780.78	0.24	0.213423	903.119	31.33	37.6354	0.000443408
-0.050969	-1.07248	780.78	0.24	0.213682	903.098	31.3127	37.6456	0.000736581
-0.050985	-1.30938	780.78	0.24	0.214217	903.072	31.2943	37.6537	0.00109793
-0.051004	-1.53944	780.78	0.24	0.214981	903.04	31.2706	37.673	0.00151763
-0.0510259	-1.76563	780.78	0.24	0.215815	903.003	31.2459	37.6963	0.00199637
-0.0510506	-1.98116	780.78	0.24	0.216895	902.961	31.2228	37.7185	0.00251352
-0.051078	-2.18525	780.78	0.24	0.218112	902.914	31.1989	37.7417	0.00305804
-0.0511078	-2.37862	780.78	0.24	0.219322	902.862	31.176	37.765	0.0036232
-0.0511401	-2.56206	780.78	0.24	0.220709	902.806	31.1621	37.7799	0.00420359
-0.0511745	-2.73055	780.78	0.24	0.222277	902.746	31.1505	37.7941	0.00477466
-0.051211	-2.88617	780.78	0.24	0.223776	902.682	31.1449	37.8033	0.00533441
-0.0512493	-3.0279	780.78	0.24	0.225137	902.614	31.1464	37.8063	0.00587116
-0.0512894	-3.15847	780.78	0.24	0.226325	902.544	31.1573	37.8004	0.00638846
-0.051331	-3.27761	780.78	0.24	0.227623	902.47	31.1738	37.7934	0.00687947
-0.051374	-3.38516	780.78	0.24	0.228996	902.393	31.1941	37.7801	0.00733837
-0.0514183	-3.4797	780.78	0.24	0.230393	902.315	31.2224	37.7596	0.00775398
-0.0514637	-3.56407	780.78	0.24	0.231694	902.234	31.2546	37.7328	0.00813456
-0.05151	-3.63569	780.78	0.24	0.232994	902.151	31.2861	37.712	0.00846475
-0.0515572	-3.69546	780.78	0.24	0.234389	902.067	31.3112	37.693	0.00874535
-0.051605	-3.74147	780.78	0.24	0.235808	901.981	31.3343	37.6787	0.00896451
-0.0516532	-3.77517	780.78	0.24	0.237167	901.894	31.362	37.6599	0.00912671
-0.0517018	-3.79758	780.78	0.24	0.238482	901.807	31.3875	37.6455	0.00923537
-0.0517506	-3.80854	780.78	0.24	0.239818	901.719	31.4151	37.6293	0.00928876
-0.0517993	-3.80688	780.78	0.24	0.241197	901.631	31.4438	37.6132	0.00928069
-0.051848	-3.79295	780.78	0.24	0.242546	901.543	31.4754	37.5887	0.00921287
-0.0518963	-3.76617	780.78	0.24	0.243777	901.456	31.5073	37.5684	0.00908327
-0.0519442	-3.72961	780.78	0.24	0.244756	901.369	31.5464	37.5412	0.00890777
-0.0519915	-3.68612	780.78	0.24	0.245505	901.283	31.5908	37.5086	0.00870122
-0.0520383	-3.63547	780.78	0.24	0.246331	901.198	31.6441	37.4664	0.00846376
-0.0520843	-3.57698	780.78	0.24	0.24713	901.115	31.6937	37.4292	0.00819358
-0.0521295	-3.5124	780.78	0.24	0.247838	901.033	31.7458	37.3913	0.00790039
-0.0521738	-3.44079	780.78	0.24	0.248606	900.952	31.7912	37.3602	0.00758156
-0.0522171	-3.36308	780.78	0.24	0.249349	900.873	31.8397	37.3239	0.00724297
-0.0522593	-3.2771	780.78	0.24	0.250191	900.796	31.8943	37.2817	0.00687735
-0.0523004	-3.18395	780.78	0.24	0.250831	900.721	31.9575	37.2286	0.00649194
-0.0523403	-3.08902	780.78	0.24	0.251322	900.648	32.0247	37.1678	0.00611058
-0.0523789	-2.98667	780.78	0.24	0.251915	900.577	32.0955	37.1096	0.00571237
-0.0524161	-2.87912	780.78	0.24	0.252367	900.509	32.1717	37.0436	0.00530835
-0.0524519	-2.76804	780.78	0.24	0.252632	900.443	32.2433	36.9827	0.00490665
-0.0524863	-2.65529	780.78	0.24	0.252976	900.38	32.3028	36.9329	0.00451508
-0.0525191	-2.53799	780.78	0.24	0.253457	900.319	32.3559	36.8906	0.00412497
-0.0525505	-2.41674	780.78	0.24	0.254006	900.261	32.4043	36.8502	0.00374025
-0.0525802	-2.28877	780.78	0.24	0.254685	900.206	32.4348	36.8293	0.00335463
-0.0526083	-2.15637	780.78	0.24	0.255286	900.154	32.4549	36.8143	0.00297775
-0.0526345	-2.01679	780.78	0.24	0.256193	900.106	32.462	36.8139	0.00260472
-0.0526589	-1.86777	780.78	0.24	0.257172	900.06	32.4583	36.825	0.00223404
-0.0526814	-1.71134	780.78	0.24	0.258103	900.018	32.4411	36.8479	0.00187548
-0.0527017	-1.54489	780.78	0.24	0.259326	899.979	32.4119	36.8828	0.00152841
-0.0527198	-1.36614	780.78	0.24	0.260562	899.945	32.3722	36.9284	0.00119518
-0.0527355	-1.1774	780.78	0.24	0.261609	899.914	32.3352	36.9694	0.000887755
-0.0527487	-0.980538	780.78	0.24	0.262461	899.888	32.3044	37.0064	0.000615701
-0.0527593	-0.776879	780.78	0.24	0.263064	899.867	32.2832	37.0309	0.000386499
-0.0527672	-0.569021	780.78	0.24	0.263497	899.85	32.2666	37.048	0.000207347
-0.0527725	-0.355763	780.78	0.24	0.263946	899.838	32.2477	37.0681	8.10517e-05
-0.052775	-0.139871	780.78	0.24	0.264093	899.831	32.2292	37.0866	1.25284e-05
-0.0527747	0.0766433	780.78	0.24	0.264031	899.829	32.2106	37.1049	3.76175e-06
-0.0527716	0.292443	780.78	0.24	0.263921	899.832	32.1999	37.1135	5.47678e-05
-0.0527658	0.506204	780.78	0.24	0.263643	899.84	32.1861	37.1249	0.000164094
-0.0527573	0.717534	780.78	0.24	0.263238	899.853	32.1715	37.135	0.000329705
-0.0527461	0.923863	780.78	0.24	0.262782	899.871	32.1475	37.1565	0.000546584
-0.0527323	1.12785	780.78	0.24	0.262406	899.893	32.1152	37.1838	0.000814604
-0.052716	1.32652	780.78	0.24	0.261765	899.92	32.0828	37.21	0.00112687
-0.0526971	1.5203	780.78	0.24	0.261212	899.952	32.0553	37.2306	0.00148014
-0.0526758	1.7074	780.78	0.24	0.260461	899.988	32.0328	37.2462	0.00186685
-0.0526522	1.88833	780.78	0.24	0.25986	900.029	32.017	37.2523	0.00228349
-0.0526263	2.0663	780.78	0.24	0.259414	900.073	32.015	37.2448	0.00273419
-0.0525982	2.2399	780.78	0.24	0.258859	900.122	32.0211	37.2286	0.00321291
-0.0525679	2.40678	780.78	0.24	0.258087	900.175	32.0322	37.205	0.00370948
-0.0525355	2.5666	780.78	0.24	0.257197	900.231	32.0491	37.1753	0.00421849
-0.0525012	2.7192	780.78	0.24	0.256513	900.291	32.0662	37.1454	0.00473504
-0.0524649	2.86586	780.78	0.24	0.255696	900.355	32.0903	37.1088	0.00525957
-0.0524269	3.00415	780.78	0.24	0.254668	900.422	32.1169	37.0706	0.00577943
-0.0523872	3.13256	780.78	0.24	0.253524	900.492	32.146	37.0293	0.00628406
-0.0523459	3.25072	780.78	0.24	0.252279	900.565	32.1781	36.985	0.00676705
-0.0523032	3.35726	780.78	0.24	0.250934	900.64	32.1993	36.9574	0.00721789
-0.0522593	3.45127	780.78	0.24	0.24957	900.718	32.216	36.9269	0.00762779
-0.0522143	3.53368	780.78	0.24	0.248218	900.798	32.2431	36.8861	0.00799644
-0.0521684	3.60372	780.78	0.24	0.246852	900.88	32.2697	36.8474	0.00831654
-0.0521216	3.66203	780.78	0.24	0.245575	900.964	32.3068	36.7987	0.00858784
-0.0520743	3.70777	780.78	0.24	0.244183	901.049	32.3437	36.7497	0.00880372
-0.0520264	3.74116	780.78	0.24	0.242659	901.134	32.3744	36.7078	0.00896302
-0.0519783	3.75862	780.78	0.24	0.240797	901.221	32.4015	36.6688	0.00904684
-0.0519302	3.75814	780.78	0.24	0.238984	901.308	32.4176	36.6399	0.00904457
-0.0518822	3.74473	780.78	0.24	0.237443	901.394	32.4205	36.6279	0.00898012
-0.0518345	3.7152	780.78	0.24	0.23563	901.481	32.418	36.6231	0.00883907
-0.0517873	3.66992	780.78	0.24	0.233894	901.566	32.4011	36.634	0.00862489
-0.0517409	3.60873	780.78	0.24	0.232001	901.651	32.3725	36.6606	0.00833968
-0.0516954	3.5276	780.78	0.24	0.230199	901.734	32.3443	36.6744	0.00796891
-0.0516511	3.43598	780.78	0.24	0.228933	901.815	32.2856	36.7292	0.00756035
-0.0516081	3.33138	780.78	0.24	0.227531	901.894	32.2278	36.7848	0.00710706
-0.0515665	3.21426	780.78	0.24	0.225974	901.97	32.1648	36.8481	0.00661612
-0.0515266	3.08182	780.78	0.24	0.224148	902.043	32.1015	36.9114	0.00608212
-0.0514885	2.93195	780.78	0.24	0.222302	902.114	32.0356	36.9804	0.00550498
-0.0514526	2.76519	780.78	0.24	0.220613	902.181	31.9675	37.0536	0.00489658
-0.0514189	2.58409	780.78	0.24	0.219052	902.244	31.8945	37.1362	0.00427618
-0.0513876	2.39067	780.78	0.24	0.217795	902.302	31.8211	37.2199	0.00365998
-0.0513589	2.18668	780.78	0.24	0.217106	902.356	31.7669	37.285	0.00306206
-0.0513329	1.97985	780.78	0.24	0.21681	902.406	31.751	37.3084	0.00251019
-0.0513096	1.76971	780.78	0.24	0.216607	902.45	31.7539	37.3227	0.0020056
-0.0512889	1.55867	780.78	0.24	0.216346	902.49	31.7668	37.324	0.00155578
-0.051271	1.3463	780.78	0.24	0.216357	902.525	31.7641	37.3432	0.00116071
-0.0512558	1.13672	780.78	0.24	0.217067	902.555	31.7517	37.3729	0.000827468
-0.0512432	0.933949	780.78	0.24	0.218024	902.58	31.7193	37.428	0.000558583
-0.0512331	0.740115	780.78	0.24	0.219039	902.6	31.6674	37.5012	0.000350784
-0.0512254	0.55561	780.78	0.24	0.22003	902.616	31.5985	37.5935	0.000197689
-0.05122	0.380082	780.78	0.24	0.22118	902.628	31.5254	37.6919	9.25116e-05
-0.0512167	0.216576	780.78	0.24	0.222667	902.636	31.4909	37.7521	3.00374e-05
-0.0512155	0.0624023	780.78	0.24	0.223978	902.64	31.4731	37.8069	2.49369e-06
-0.051216	-0.0781174	780.78	0.24	0.225264	902.64	31.4686	37.8414	3.90784e-06
-0.0512183	-0.206331	780.78	0.24	0.226406	902.638	31.4599	37.8807	2.72629e-05
-0.0512221	-0.324233	780.78	0.24	0.227612	902.632	31.4498	37.9245	6.73219e-05
-0.0512272	-0.431443	780.78	0.24	0.229075	902.624	31.4408	37.9687	0.000119203
-0.0512337	-0.523117	780.78	0.24	0.230745	902.614	31.4278	38.0168	0.000175242
-0.0512411	-0.600537	780.78	0.24	0.232423	902.601	31.4164	38.0638	0.000230951
-0.0512494	-0.663313	780.78	0.24	0.23392	902.587	31.4023	38.1145	0.000281759
-0.0512584	-0.714448	780.78	0.24	0.2353	902.571	31.3882	38.1654	0.000326876
-0.051268	-0.748899	780.78	0.24	0.237248	902.554	31.4148	38.1666	0.00035916
-0.0512777	-0.767224	780.78	0.24	0.239259	902.537	31.4162	38.2103	0.000376952
-0.0512876	-0.766701	780.78	0.24	0.241274	902.519	31.3824	38.2805	0.000376438
-0.0512972	-0.747654	780.78	0.24	0.243123	902.502	31.309	38.4024	0.000357967
-0.0513065	-0.71353	780.78	0.24	0.244694	902.484	31.2007	38.5536	0.000326036
-0.0513152	-0.664105	780.78	0.24	0.246641	902.468	31.1386	38.653	0.000282433
-0.0513231	-0.597919	780.78	0.24	0.248475	902.453	31.0837	38.7481	0.000228942
-0.05133	-0.513343	780.78	0.24	0.250538	902.44	31.0436	38.8292	0.000168755
-0.0513356	-0.410915	780.78	0.24	0.252328	902.428	31.0073	38.9076	0.00010813
-0.0513397	-0.293298	780.78	0.24	0.253915	902.42	30.9727	38.9803	5.50883e-05
-0.0513423	-0.163944	780.78	0.24	0.255527	902.414	30.936	39.0672	1.72121e-05
-0.051343	-0.0206081	780.78	0.24	0.25726	902.411	30.9013	39.1406	2.71968e-07
-0.0513417	0.142545	780.78	0.24	0.258938	902.411	30.8691	39.214	1.3012e-05
-0.0513382	0.319602	780.78	0.24	0.260266	902.415	30.8429	39.2797	6.54125e-05
-0.0513323	0.507708	780.78	0.24	0.26137	902.424	30.811	39.3522	0.00016507
-0.0513239	0.704701	780.78	0.24	0.262329	902.437	30.7733	39.4359	0.000318017
-0.0513129	0.910014	780.78	0.24	0.263248	902.454	30.7392	39.5077	0.00053032
-0.0512992	1.12392	780.78	0.24	0.263932	902.476	30.7115	39.5716	0.000808937
-0.0512828	1.34268	780.78	0.24	0.264379	902.503	30.6884	39.6303	0.00115448
-0.0512634	1.56644	780.78	0.24	0.264936	902.536	30.6679	39.6831	0.00157134
-0.0512412	1.79547	780.78	0.24	0.265517	902.573	30.6512	39.7312	0.00206442
-0.0512159	2.02937	780.78	0.24	0.265907	902.616	30.6312	39.783	0.00263734
-0.0511877	2.26647	780.78	0.24	0.2661	902.664	30.6276	39.8143	0.00328959
-0.0511564	2.50202	780.78	0.24	0.265994	902.718	30.6429	39.8313	0.00400888
-0.0511221	2.74042	780.78	0.24	0.266199	902.777	30.652	39.8644	0.00480922
-0.0510847	2.97527	780.78	0.24	0.266077	902.842	30.6751	39.861	0.00566883
-0.0510443	3.21232	780.78	0.24	0.26571	902.912	30.7113	39.8478	0.00660814
-0.051001	3.44411	780.78	0.24	0.264856	902.988	30.7598	39.8197	0.00759619
-0.0509547	3.66743	780.78	0.24	0.263889	903.069	30.7927	39.8099	0.00861319
-0.0509057	3.88302	780.78	0.24	0.263126	903.155	30.7891	39.8334	0.00965564
-0.0508539	4.09256	780.78	0.24	0.262432	903.246	30.7722	39.8692	0.0107259
-0.0507996	4.29531	780.78	0.24	0.261635	903.342	30.7735	39.8862	0.0118149
-0.0507427	4.48729	780.78	0.24	0.260677	903.442	30.7882	39.8804	0.0128946
-0.0506834	4.67454	780.78	0.24	0.259774	903.547	30.8065	39.876	0.0139933
-0.0506218	4.85138	780.78	0.24	0.258738	903.657	30.8239	39.8612	0.015072
-0.0505581	5.02138	780.78	0.24	0.257765	903.77	30.8174	39.8797	0.0161468
-0.0504922	5.18237	780.78	0.24	0.256615	903.887	30.8103	39.8971	0.0171988
-0.0504244	5.33218	780.78	0.24	0.255252	904.008	30.8007	39.9178	0.0182075
-0.0503548	5.46879	780.78	0.24	0.253882	904.132	30.7924	39.9375	0.0191524
-0.0502835	5.59321	780.78	0.24	0.252325	904.26	30.795	39.9426	0.0200338
-0.0502109	5.70232	780.78	0.24	0.250603	904.39	30.8034	39.9409	0.020823
-0.0501369	5.79558	780.78	0.24	0.248713	904.523	30.8165	39.9336	0.0215097
-0.0500619	5.87232	780.78	0.24	0.246889	904.657	30.8282	39.9325	0.0220831
-0.0499861	5.93245	780.78	0.24	0.245058	904.794	30.838	39.9258	0.0225377
-0.0499097	5.9753	780.78	0.24	0.243014	904.932	30.8496	39.9187	0.0228645
-0.049833	5.99845	780.78	0.24	0.240733	905.07	30.8607	39.9117	0.0230419
-0.0497561	5.99968	780.78	0.24	0.238307	905.209	30.8738	39.9041	0.0230514
-0.0496795	5.97905	780.78	0.24	0.235839	905.348	30.8895	39.894	0.0228932
-0.0496033	5.93568	780.78	0.24	0.233368	905.487	30.9072	39.8806	0.0225622
-0.0495279	5.8709	780.78	0.24	0.231153	905.624	30.9345	39.8584	0.0220724
-0.0494535	5.7865	780.78	0.24	0.229087	905.76	30.9814	39.8151	0.0214424
-0.0493803	5.68271	780.78	0.24	0.226934	905.894	31.0399	39.7598	0.0206801
-0.0493087	5.56067	780.78	0.24	0.224872	906.025	31.1114	39.6919	0.0198014
-0.0492388	5.41897	780.78	0.24	0.222655	906.153	31.1948	39.6128	0.0188051
-0.049171	5.25732	780.78	0.24	0.220514	906.278	31.2714	39.5424	0.0176999
-0.0491054	5.07757	780.78	0.24	0.218859	906.399	31.3333	39.4898	0.0165103
-0.0490422	4.88521	780.78	0.24	0.217709	906.516	31.3925	39.4377	0.015283
-0.0489815	4.68222	780.78	0.24	0.216556	906.628	31.46	39.3786	0.0140393
-0.0489236	4.468	780.78	0.24	0.215361	906.736	31.5269	39.3205	0.012784
-0.0488686	4.24235	780.78	0.24	0.214097	906.838	31.5871	39.2688	0.0115253
-0.0488165	4.00478	780.78	0.24	0.212657	906.935	31.6352	39.2319	0.0102707
-0.0487676	3.75215	780.78	0.24	0.210878	907.027	31.6822	39.1977	0.00901574
-0.0487221	3.48129	780.78	0.24	0.208999	907.112	31.7421	39.1436	0.00776109
-0.0486803	3.19654	780.78	0.24	0.207769	907.192	31.7734	39.1315	0.00654337
-0.0486422	2.90214	780.78	0.24	0.207022	907.264	31.7693	39.1504	0.0053936
-0.0486079	2.60275	780.78	0.24	0.206505	907.33	31.758	39.1772	0.00433815
-0.0485775	2.29476	780.78	0.24	0.206407	907.389	31.7443	39.218	0.00337222
-0.048551	1.98886	780.78	0.24	0.206631	907.44	31.7676	39.2151	0.00253309
-0.0485285	1.68594	780.78	0.24	0.206835	907.485	31.8022	39.1978	0.00182023
-0.0485097	1.38778	780.78	0.24	0.207235	907.522	31.8279	39.1911	0.00123334
-0.0484948	1.09131	780.78	0.24	0.20753	907.553	31.8494	39.1864	0.000762678
-0.0484836	0.799098	780.78	0.24	0.207982	907.576	31.8758	39.1822	0.000408923
-0.0484762	0.510946	780.78	0.24	0.208476	907.593	31.9045	39.1786	0.000167183
-0.0484724	0.228305	780.78	0.24	0.209566	907.604	31.9014	39.2059	3.3379e-05
-0.0484721	-0.0426692	780.78	0.24	0.210804	907.607	31.8939	39.2376	1.16593e-06
-0.0484751	-0.302154	780.78	0.24	0.212083	907.605	31.8777	39.2814	5.84652e-05
-0.0484814	-0.550172	780.78	0.24	0.213363	907.596	31.8507	39.3364	0.000193838
-0.0484907	-0.787761	780.78	0.24	0.214601	907.582	31.8152	39.399	0.000397403
-0.048503	-1.01352	780.78	0.24	0.216042	907.562	31.7716	39.4727	0.000657813
-0.048518	-1.22568	780.78	0.24	0.217583	907.538	31.7298	39.5439	0.000962039
-0.0485357	-1.42362	780.78	0.24	0.219217	907.508	31.6853	39.6213	0.00129786
-0.0485557	-1.6053	780.78	0.24	0.221084	907.474	31.6386	39.6989	0.00165027
-0.0485778	-1.77116	780.78	0.24	0.222841	907.435	31.5896	39.7771	0.0020089
-0.048602	-1.92132	780.78	0.24	0.224611	907.393	31.5355	39.8624	0.00236397
-0.0486279	-2.05461	780.78	0.24	0.226394	907.348	31.4773	39.9532	0.00270332
-0.0486553	-2.17301	780.78	0.24	0.228017	907.299	31.4206	40.0435	0.00302389
-0.0486842	-2.27739	780.78	0.24	0.22948	907.248	31.3678	40.1297	0.00332137
-0.0487143	-2.3689	780.78	0.24	0.23078	907.195	31.3157	40.2154	0.00359365
-0.0487454	-2.44977	780.78	0.24	0.231863	907.139	31.2648	40.2991	0.00384318
-0.0487774	-2.52149	780.78	0.24	0.232836	907.082	31.2135	40.3837	0.00407151
-0.0488104	-2.58544	780.78	0.24	0.233718	907.023	31.1628	40.468	0.00428066
-0.048844	-2.64098	780.78	0.24	0.234602	906.962	31.1123	40.5518	0.00446653
-0.0488783	-2.68906	780.78	0.24	0.235335	906.901	31.068	40.6282	0.00463065
-0.0489131	-2.73074	780.78	0.24	0.236188	906.838	31.034	40.6922	0.00477533
-0.0489484	-2.76449	780.78	0.24	0.237093	906.774	31.0034	40.7543	0.00489407
-0.0489841	-2.7891	780.78	0.24	0.238208	906.71	30.9742	40.8147	0.00498161
-0.0490199	-2.80209	780.78	0.24	0.239403	906.645	30.9496	40.8696	0.00502813
-0.0490559	-2.80601	780.78	0.24	0.240343	906.58	30.9338	40.9124	0.00504221
-0.0490918	-2.80362	780.78	0.24	0.241162	906.515	30.927	40.9496	0.00503361
-0.0491276	-2.79385	780.78	0.24	0.241941	906.45	30.9205	40.9835	0.00499858
-0.0491632	-2.77564	780.78	0.24	0.242892	906.385	30.9029	41.0303	0.00493365
-0.0491985	-2.74826	780.78	0.24	0.243792	906.321	30.8909	41.0711	0.00483679
-0.0492334	-2.71149	780.78	0.24	0.245052	906.257	30.8892	41.1009	0.00470823
-0.0492676	-2.66381	780.78	0.24	0.246264	906.195	30.895	41.1243	0.00454409
-0.0493012	-2.60606	780.78	0.24	0.247152	906.133	30.9026	41.1408	0.0043492
-0.049334	-2.54085	780.78	0.24	0.247836	906.073	30.911	41.1566	0.00413427
-0.0493658	-2.47035	780.78	0.24	0.248492	906.014	30.9177	41.1752	0.00390804
-0.0493967	-2.3918	780.78	0.24	0.249255	905.958	30.9263	41.1908	0.00366347
-0.0494265	-2.30812	780.78	0.24	0.249801	905.903	30.9358	41.2002	0.0034116
-0.0494552	-2.21928	780.78	0.24	0.250284	905.85	30.9343	41.221	0.00315402
-0.0494828	-2.12578	780.78	0.24	0.250725	905.799	30.922	41.2532	0.00289386
-0.0495091	-2.02788	780.78	0.24	0.251493	905.75	30.9317	41.2595	0.00263345
-0.049534	-1.92157	780.78	0.24	0.25234	905.703	30.9541	41.2536	0.00236458
-0.0495576	-1.80985	780.78	0.24	0.252924	905.659	30.9955	41.2242	0.00209763
-0.0495796	-1.69756	780.78	0.24	0.253254	905.618	31.0465	41.1858	0.0018454
-0.0496002	-1.57582	780.78	0.24	0.253854	905.579	31.085	41.1615	0.00159021
-0.0496192	-1.45275	780.78	0.24	0.253847	905.544	31.1242	41.1351	0.00135153
-0.0496366	-1.33013	780.78	0.24	0.253755	905.511	31.1773	41.0836	0.001133
-0.0496525	-1.20414	780.78	0.24	0.254246	905.481	31.205	41.0649	0.000928532
-0.0496666	-1.07099	780.78	0.24	0.255335	905.453	31.2085	41.0845	0.000734538
-0.049679	-0.928736	780.78	0.24	0.256269	905.429	31.2466	41.0485	0.000552364
-0.0496895	-0.781333	780.78	0.24	0.256435	905.409	31.2705	41.0295	0.000390943
-0.0496981	-0.636825	780.78	0.24	0.255768	905.391	31.2513	41.0571	0.000259706
-0.0497049	-0.502192	780.78	0.24	0.25435	905.377	31.2561	41.0556	0.000161503
-0.0497101	-0.379846	780.78	0.24	0.253709	905.367	31.2783	41.044	9.23966e-05
-0.0497138	-0.258251	780.78	0.24	0.253433	905.358	31.2994	41.0228	4.27096e-05
-0.049716	-0.138743	780.78	0.24	0.253082	905.353	31.319	41.0032	1.23271e-05
-0.0497166	-0.0228981	780.78	0.24	0.252553	905.351	31.3339	40.9882	3.3577e-07
-0.0497158	0.0884027	780.78	0.24	0.252122	905.351	31.3468	40.9741	5.00464e-06
-0.0497136	0.201165	780.78	0.24	0.252821	905.353	31.3598	40.9702	2.59146e-05
-0.04971	0.316198	780.78	0.24	0.252633	905.359	31.4208	40.8954	6.40264e-05
-0.0497049	0.423823	780.78	0.24	0.251353	905.367	31.4009	40.9175	0.00011503
-0.0496985	0.513713	780.78	0.24	0.249156	905.377	31.4286	40.8876	0.000168998
-0.0496912	0.592178	780.78	0.24	0.248345	905.39	31.4689	40.84	0.000224567
-0.0496829	0.66366	780.78	0.24	0.247607	905.404	31.5077	40.7909	0.000282054
-0.0496737	0.72965	780.78	0.24	0.246933	905.42	31.533	40.7571	0.000340934
-0.0496638	0.788967	780.78	0.24	0.246381	905.437	31.548	40.731	0.00039862
-0.0496532	0.845367	780.78	0.24	0.24619	905.455	31.5622	40.7158	0.000457648
-0.0496418	0.900261	780.78	0.24	0.24593	905.475	31.5841	40.6821	0.000519014
-0.0496298	0.954551	780.78	0.24	0.246516	905.497	31.6006	40.6684	0.000583499
-0.049617	1.01487	780.78	0.24	0.246691	905.519	31.6543	40.5966	0.000659574
-0.0496034	1.07134	780.78	0.24	0.246192	905.543	31.6729	40.5683	0.000735021
-0.0495892	1.12285	780.78	0.24	0.245246	905.568	31.6638	40.5694	0.000807388
-0.0495744	1.16275	780.78	0.24	0.243763	905.594	31.6807	40.5407	0.000865792
-0.0495592	1.1955	780.78	0.24	0.243362	905.622	31.7017	40.5131	0.000915248
-0.0495436	1.22352	780.78	0.24	0.242877	905.65	31.7188	40.4786	0.000958653
-0.0495277	1.24949	780.78	0.24	0.24277	905.678	31.7282	40.4564	0.00099978
-0.0495114	1.27263	780.78	0.24	0.242431	905.707	31.7426	40.4275	0.00103716
-0.0494949	1.29244	780.78	0.24	0.241947	905.737	31.7515	40.4065	0.0010697
-0.0494782	1.30808	780.78	0.24	0.241471	905.767	31.7595	40.3834	0.00109575
-0.0494614	1.31923	780.78	0.24	0.240951	905.797	31.7693	40.3578	0.00111451
-0.0494444	1.32524	780.78	0.24	0.240236	905.828	31.7797	40.3318	0.00112469
-0.0494274	1.32331	780.78	0.24	0.239256	905.859	31.7928	40.3029	0.00112141
-0.0494106	1.31007	780.78	0.24	0.23833	905.889	31.8088	40.2698	0.00109909
-0.049394	1.29038	780.78	0.24	0.237511	905.92	31.8307	40.2341	0.00106629
-0.0493777	1.26385	780.78	0.24	0.236564	905.95	31.8641	40.1839	0.00102289
-0.0493618	1.22704	780.78	0.24	0.235422	905.979	31.9059	40.1261	0.000964175
-0.0493466	1.1798	780.78	0.24	0.234295	906.007	31.9542	40.0594	0.000891372
-0.049332	1.12561	780.78	0.24	0.233681	906.034	31.9798	40.0201	0.000811362
-0.0493181	1.06581	780.78	0.24	0.233068	906.06	32.0041	39.9777	0.000727444
-0.0493051	1.00032	780.78	0.24	0.232383	906.084	32.0259	39.9405	0.000640793
-0.049293	0.927142	780.78	0.24	0.231557	906.107	32.0442	39.9065	0.00055047
-0.0492819	0.846788	780.78	0.24	0.230649	906.128	32.0543	39.8817	0.000459188
-0.0492719	0.757423	780.78	0.24	0.229567	906.147	32.0541	39.8669	0.000367382
-0.0492631	0.657353	780.78	0.24	0.228316	906.164	32.045	39.8619	0.000276718
-0.0492557	0.544928	780.78	0.24	0.226934	906.179	32.0271	39.865	0.00019016
-0.0492499	0.420306	780.78	0.24	0.225596	906.191	31.9946	39.8853	0.000113128
-0.0492458	0.282998	780.78	0.24	0.224322	906.2	31.9567	39.9102	5.1287e-05
-0.0492436	0.135629	780.78	0.24	0.223162	906.206	31.9057	39.9509	1.17801e-05
-0.0492434	-0.0210596	780.78	0.24	0.222381	906.208	31.8498	39.9927	2.84014e-07
-0.0492452	-0.184781	780.78	0.24	0.221859	906.207	31.8007	40.0321	2.18654e-05
-0.0492492	-0.352157	780.78	0.24	0.221556	906.201	31.7528	40.0736	7.94172e-05
-0.0492553	-0.521866	780.78	0.24	0.221577	906.192	31.7094	40.1116	0.000174405
-0.0492636	-0.689004	780.78	0.24	0.221756	906.179	31.6775	40.1339	0.000304008
-0.049274	-0.854414	780.78	0.24	0.222025	906.162	31.6383	40.168	0.000467496
-0.0492865	-1.01596	780.78	0.24	0.222585	906.141	31.6062	40.1922	0.000660996
-0.049301	-1.17199	780.78	0.24	0.223493	906.117	31.5608	40.2287	0.000879614
-0.0493175	-1.31941	780.78	0.24	0.224137	906.089	31.4965	40.2871	0.0011148
-0.0493358	-1.46598	780.78	0.24	0.224604	906.057	31.4231	40.3624	0.00137625
-0.0493559	-1.60414	780.78	0.24	0.225056	906.022	31.3478	40.4326	0.00164789
-0.0493777	-1.74035	780.78	0.24	0.225042	905.984	31.2764	40.5	0.00193961
-0.0494013	-1.87856	780.78	0.24	0.224632	905.943	31.2065	40.5666	0.00225991
-0.0494268	-2.02364	780.78	0.24	0.223906	905.899	31.1432	40.63	0.00262246
-0.0494541	-2.17525	780.78	0.24	0.222933	905.851	31.0965	40.6734	0.00303011
-0.0494835	-2.33709	780.78	0.24	0.221681	905.8	31.0796	40.6884	0.00349779
-0.0495151	-2.51308	780.78	0.24	0.220367	905.745	31.0871	40.6778	0.0040444
-0.049549	-2.69583	780.78	0.24	0.219686	905.685	31.0992	40.6612	0.00465399
-0.0495853	-2.88341	780.78	0.24	0.219339	905.622	31.0847	40.6752	0.00532419
-0.0496241	-3.07582	780.78	0.24	0.219333	905.554	31.0528	40.7145	0.00605847
-0.0496653	-3.26352	780.78	0.24	0.219581	905.481	31.0301	40.7393	0.00682046
-0.0497089	-3.45111	780.78	0.24	0.219632	905.404	31.0206	40.7499	0.00762709
-0.0497549	-3.6385	780.78	0.24	0.219759	905.323	31.0146	40.7561	0.00847784
-0.0498033	-3.8233	780.78	0.24	0.219809	905.238	31.0098	40.7639	0.00936092
-0.049854	-4.00872	780.78	0.24	0.21964	905.148	31.0168	40.7593	0.0102909
-0.0499071	-4.19392	780.78	0.24	0.220165	905.054	31.0079	40.7868	0.0112637
-0.0499625	-4.3721	780.78	0.24	0.221148	904.956	30.9961	40.8022	0.0122412
-0.0500202	-4.54116	780.78	0.24	0.222116	904.854	31.0014	40.8022	0.0132061
-0.0500799	-4.70143	780.78	0.24	0.223126	904.747	31.0226	40.7875	0.0141547
-0.0501415	-4.85271	780.78	0.24	0.224094	904.638	31.062	40.7586	0.0150803
-0.0502051	-4.9952	780.78	0.24	0.224985	904.524	31.1143	40.7163	0.0159789
-0.0502703	-5.12888	780.78	0.24	0.225907	904.408	31.1775	40.6586	0.0168456
-0.0503373	-5.25669	780.78	0.24	0.22697	904.288	31.2443	40.5953	0.0176956
-0.0504057	-5.37032	780.78	0.24	0.228337	904.166	31.3128	40.5359	0.0184689
-0.0504755	-5.47234	780.78	0.24	0.229604	904.041	31.3936	40.4657	0.0191773
-0.0505464	-5.56324	780.78	0.24	0.230716	903.913	31.4722	40.4009	0.0198197
-0.0506185	-5.64748	780.78	0.24	0.231685	903.784	31.5508	40.3326	0.0204245
-0.0506915	-5.72106	780.78	0.24	0.232648	903.653	31.6298	40.2637	0.0209602
-0.0507654	-5.78541	780.78	0.24	0.233694	903.52	31.702	40.2028	0.0214343
-0.0508401	-5.83994	780.78	0.24	0.234698	903.386	31.7714	40.1459	0.0218402
-0.0509153	-5.88667	780.78	0.24	0.235469	903.251	31.8516	40.0756	0.0221912
-0.0509911	-5.92679	780.78	0.24	0.236344	903.114	31.932	40.0099	0.0224947
-0.0510673	-5.95827	780.78	0.24	0.237272	902.977	32.0205	39.9319	0.0227343
-0.0511439	-5.98256	780.78	0.24	0.237932	902.839	32.1127	39.8524	0.0229201
-0.0512207	-6.0018	780.78	0.24	0.238371	902.7	32.2106	39.7686	0.0230677
-0.0512977	-6.01608	780.78	0.24	0.238966	902.562	32.3024	39.6925	0.0231776
-0.0513748	-6.0246	780.78	0.24	0.239593	902.423	32.3921	39.6157	0.0232433
-0.051452	-6.02972	780.78	0.24	0.24013	902.283	32.4859	39.5361	0.0232828
-0.0515292	-6.02817	780.78	0.24	0.240807	902.144	32.584	39.4541	0.0232709
-0.0516064	-6.02286	780.78	0.24	0.241265	902.005	32.6886	39.3592	0.0232299
-0.0516834	-6.01192	780.78	0.24	0.241651	901.866	32.7921	39.269	0.0231455
-0.0517603	-5.99859	780.78	0.24	0.241935	901.727	32.8885	39.1875	0.023043
-0.0518369	-5.9817	780.78	0.24	0.242267	901.588	32.9611	39.1294	0.0229135
-0.0519134	-5.9637	780.78	0.24	0.242393	901.45	33.0221	39.0851	0.0227758
-0.0519896	-5.94405	780.78	0.24	0.242445	901.313	33.0765	39.0429	0.0226259
-0.0520655	-5.92583	780.78	0.24	0.242378	901.176	33.1322	39.0013	0.0224874
-0.0521412	-5.90797	780.78	0.24	0.242375	901.039	33.1785	38.9672	0.0223521
-0.0522167	-5.88934	780.78	0.24	0.24221	900.903	33.2187	38.9414	0.0222113
-0.052292	-5.87428	780.78	0.24	0.24179	900.767	33.2556	38.9104	0.0220978
-0.0523671	-5.86069	780.78	0.24	0.241822	900.632	33.2775	38.9064	0.0219957
-0.052442	-5.84684	780.78	0.24	0.242008	900.496	33.2957	38.904	0.0218919
-0.0525167	-5.82852	780.78	0.24	0.242515	900.362	33.2944	38.9268	0.0217549
-0.0525912	-5.80977	780.78	0.24	0.242935	900.227	33.2902	38.9448	0.0216152
-0.0526653	-5.78469	780.78	0.24	0.243531	900.094	33.2859	38.9603	0.021429
-0.0527391	-5.75448	780.78	0.24	0.244207	899.96	33.2846	38.9776	0.0212057
-0.0528124	-5.71577	780.78	0.24	0.244984	899.828	33.2844	38.9946	0.0209214
-0.0528852	-5.67245	780.78	0.24	0.245595	899.696	33.296	39.0098	0.0206054
-0.0529574	-5.62054	780.78	0.24	0.246442	899.566	33.3218	38.9973	0.0202301
-0.0530288	-5.56059	780.78	0.24	0.247466	899.437	33.3484	38.9825	0.0198008
-0.0530994	-5.49183	780.78	0.24	0.248375	899.309	33.3718	38.9741	0.0193141
-0.053169	-5.41583	780.78	0.24	0.249159	899.183	33.4022	38.9555	0.0187833
-0.0532376	-5.33278	780.78	0.24	0.249894	899.059	33.4263	38.9452	0.0182116
-0.053305	-5.24267	780.78	0.24	0.250773	898.937	33.4387	38.9462	0.0176013
-0.0533712	-5.14512	780.78	0.24	0.251623	898.816	33.4502	38.9465	0.0169525
-0.0534361	-5.04061	780.78	0.24	0.252327	898.699	33.454	38.9535	0.0162707
-0.0534996	-4.92907	780.78	0.24	0.253013	898.583	33.4512	38.9672	0.0155586
-0.0535616	-4.81229	780.78	0.24	0.253595	898.47	33.4429	38.9833	0.0148301
-0.0536221	-4.69145	780.78	0.24	0.254005	898.36	33.4262	39.0126	0.0140947
-0.0536809	-4.56583	780.78	0.24	0.254407	898.253	33.4151	39.0352	0.01335
-0.0537382	-4.43779	780.78	0.24	0.254534	898.149	33.4106	39.0481	0.0126117
-0.0537938	-4.3109	780.78	0.24	0.254451	898.047	33.4079	39.0604	0.0119008
-0.0538478	-4.18517	780.78	0.24	0.254048	897.949	33.403	39.0734	0.0112168
-0.0539002	-4.0636	780.78	0.24	0.253409	897.854	33.3896	39.0938	0.0105746
-0.0539511	-3.94833	780.78	0.24	0.25278	897.761	33.3761	39.1126	0.00998316
-0.0540006	-3.8375	780.78	0.24	0.252237	897.671	33.3656	39.131	0.00943057
-0.0540488	-3.73398	780.78	0.24	0.251452	897.583	33.3691	39.1327	0.00892866
-0.0540956	-3.63562	780.78	0.24	0.25091	897.498	33.3854	39.124	0.00846445
-0.0541413	-3.54448	780.78	0.24	0.250183	897.415	33.4209	39.0879	0.00804538
-0.0541858	-3.4557	780.78	0.24	0.249936	897.334	33.4631	39.0527	0.00764738
-0.0542292	-3.36828	780.78	0.24	0.249846	897.255	33.5063	39.0149	0.00726536
-0.0542716	-3.28356	780.78	0.24	0.249544	897.178	33.5519	38.9731	0.00690447
-0.0543128	-3.20115	780.78	0.24	0.249272	897.103	33.5962	38.9367	0.00656226
-0.054353	-3.122	780.78	0.24	0.24904	897.03	33.6404	38.8968	0.00624175
-0.0543923	-3.04399	780.78	0.24	0.248938	896.959	33.6934	38.8477	0.00593372
-0.0544305	-2.96652	780.78	0.24	0.24867	896.889	33.752	38.7923	0.00563553
-0.0544678	-2.8955	780.78	0.24	0.247894	896.821	33.8261	38.7197	0.00536893
-0.0545042	-2.82881	780.78	0.24	0.247244	896.755	33.9333	38.6158	0.00512447
-0.0545399	-2.77661	780.78	0.24	0.246225	896.691	34.0754	38.4534	0.0049371
-0.054575	-2.72502	780.78	0.24	0.246073	896.627	34.1717	38.3379	0.00475534
-0.0546093	-2.6691	780.78	0.24	0.246789	896.565	34.2311	38.2783	0.00456218
-0.0546429	-2.61104	780.78	0.24	0.247015	896.504	34.3236	38.1817	0.00436583
-0.0546758	-2.55528	780.78	0.24	0.246047	896.444	34.4024	38.1063	0.00418138
-0.0547081	-2.51488	780.78	0.24	0.244573	896.386	34.491	38.0069	0.00405019
-0.05474	-2.47726	780.78	0.24	0.245945	896.329	34.5257	38.0261	0.00392993
-0.0547712	-2.42481	780.78	0.24	0.246063	896.272	34.6308	37.9181	0.00376526
-0.0548018	-2.3806	780.78	0.24	0.244788	896.217	34.7181	37.8319	0.00362922
-0.0548319	-2.34643	780.78	0.24	0.244672	896.162	34.7592	37.779	0.00352578
-0.0548616	-2.30392	780.78	0.24	0.245172	896.109	34.7545	37.7828	0.00339918
-0.0548906	-2.26052	780.78	0.24	0.245115	896.056	34.728	37.8122	0.00327235
-0.0549192	-2.2198	780.78	0.24	0.244233	896.004	34.6893	37.859	0.00315551
-0.0549473	-2.18951	780.78	0.24	0.243279	895.954	34.6777	37.879	0.00306996
-0.0549751	-2.17198	780.78	0.24	0.241381	895.904	34.7419	37.8167	0.00302101
-0.0550029	-2.16249	780.78	0.24	0.241052	895.854	34.7324	37.8433	0.00299467
-0.0550305	-2.15795	780.78	0.24	0.240833	895.804	34.7226	37.8652	0.00298212
-0.0550581	-2.15344	780.78	0.24	0.240479	895.755	34.7395	37.8465	0.00296965
-0.0550856	-2.1513	780.78	0.24	0.240219	895.705	34.7493	37.8509	0.00296376
-0.0551132	-2.15076	780.78	0.24	0.240521	895.656	34.7562	37.8527	0.00296228
-0.0551407	-2.14722	780.78	0.24	0.240683	895.607	34.7908	37.8229	0.00295254
-0.0551681	-2.14227	780.78	0.24	0.240683	895.558	34.8371	37.7783	0.00293895
-0.0551955	-2.13962	780.78	0.24	0.240327	895.508	34.8895	37.7287	0.00293167
-0.0552229	-2.14149	780.78	0.24	0.239733	895.459	34.9429	37.6781	0.00293679
-0.0552504	-2.14777	780.78	0.24	0.239129	895.41	34.9965	37.6287	0.00295405
-0.055278	-2.16267	780.78	0.24	0.238282	895.361	35.0552	37.5818	0.00299518
-0.0553059	-2.18298	780.78	0.24	0.237445	895.311	35.1201	37.5217	0.0030517
-0.0553341	-2.21117	780.78	0.24	0.236503	895.261	35.1851	37.4618	0.00313101
-0.0553628	-2.24801	780.78	0.24	0.235639	895.21	35.2483	37.3989	0.00323621
-0.055392	-2.29247	780.78	0.24	0.235187	895.158	35.3053	37.3417	0.0033655
-0.0554218	-2.33701	780.78	0.24	0.235359	895.106	35.3367	37.3194	0.00349753
-0.0554521	-2.3794	780.78	0.24	0.23588	895.052	35.3448	37.314	0.00362558
-0.0554829	-2.41486	780.78	0.24	0.236535	894.997	35.3489	37.319	0.00373444
-0.0555141	-2.44306	780.78	0.24	0.23752	894.941	35.3743	37.2915	0.00382218
-0.0555456	-2.46166	780.78	0.24	0.23875	894.885	35.3987	37.2794	0.00388057
-0.0555772	-2.46997	780.78	0.24	0.239763	894.829	35.4161	37.2718	0.00390684
-0.0556089	-2.46996	780.78	0.24	0.240584	894.772	35.4213	37.2771	0.00390679
-0.0556405	-2.46448	780.78	0.24	0.241177	894.716	35.42	37.2892	0.00388947
-0.0556719	-2.45329	780.78	0.24	0.241785	894.659	35.4204	37.3096	0.00385424
-0.0557032	-2.4361	780.78	0.24	0.242357	894.603	35.4492	37.2933	0.00380041
-0.0557342	-2.41572	780.78	0.24	0.242495	894.547	35.4639	37.2897	0.00373711
-0.0557649	-2.39571	780.78	0.24	0.242383	894.492	35.4648	37.3017	0.00367544
-0.0557954	-2.37698	780.78	0.24	0.242131	894.437	35.4544	37.3238	0.00361819
-0.0558257	-2.36115	780.78	0.24	0.241795	894.383	35.4305	37.3614	0.00357017
-0.0558558	-2.34818	780.78	0.24	0.241684	894.329	35.4067	37.4094	0.00353106
-0.0558858	-2.33546	780.78	0.24	0.241751	894.275	35.4097	37.4162	0.0034929
-0.0559155	-2.31899	780.78	0.24	0.242248	894.222	35.3705	37.4738	0.00344382
-0.055945	-2.29847	780.78	0.24	0.242736	894.169	35.3094	37.5491	0.00338313
-0.0559742	-2.27312	780.78	0.24	0.243337	894.116	35.2304	37.6408	0.00330892
-0.056003	-2.24244	780.78	0.24	0.243872	894.065	35.1296	37.7549	0.0032202
-0.0560314	-2.20818	780.78	0.24	0.244175	894.013	35.0129	37.8846	0.00312255
-0.0560593	-2.17088	780.78	0.24	0.244458	893.963	34.8801	38.0319	0.00301795
-0.0560868	-2.13239	780.78	0.24	0.244895	893.914	34.7587	38.1848	0.00291189
-0.0561137	-2.08738	780.78	0.24	0.245551	893.865	34.6628	38.2916	0.00279026
-0.0561399	-2.03707	780.78	0.24	0.246145	893.817	34.5684	38.3986	0.00265737
-0.0561655	-1.98162	780.78	0.24	0.246615	893.771	34.4732	38.5034	0.00251467
-0.0561903	-1.92451	780.78	0.24	0.24721	893.726	34.3646	38.6221	0.00237183
-0.0562143	-1.85846	780.78	0.24	0.248008	893.682	34.2541	38.7455	0.00221181
-0.0562374	-1.78508	780.78	0.24	0.248978	893.64	34.1485	38.8634	0.00204059
-0.0562595	-1.70181	780.78	0.24	0.249945	893.6	34.0459	38.9779	0.00185466
-0.0562804	-1.60958	780.78	0.24	0.25109	893.561	33.9339	39.1004	0.00165909
-0.0563001	-1.50662	780.78	0.24	0.252212	893.525	33.8253	39.2197	0.00145361
-0.0563183	-1.39551	780.78	0.24	0.253248	893.491	33.724	39.3285	0.00124712
-0.056335	-1.27189	780.78	0.24	0.254718	893.46	33.6322	39.4272	0.00103595
-0.05635	-1.13388	780.78	0.24	0.256328	893.432	33.5507	39.5192	0.000823329
-0.0563631	-0.982685	780.78	0.24	0.257829	893.407	33.4925	39.5833	0.000618401
-0.0563741	-0.818431	780.78	0.24	0.259051	893.385	33.4529	39.6307	0.000428949
-0.0563829	-0.645901	780.78	0.24	0.259896	893.367	33.4285	39.6587	0.000267161
-0.0563895	-0.465059	780.78	0.24	0.260751	893.353	33.4074	39.6842	0.000138503
-0.0563936	-0.277373	780.78	0.24	0.261305	893.344	33.4002	39.695	4.92684e-05
-0.0563954	-0.0885688	780.78	0.24	0.261476	893.339	33.4069	39.6869	5.02345e-06
-0.0563946	0.104704	780.78	0.24	0.262079	893.338	33.4174	39.6975	7.02051e-06
-0.0563914	0.304422	780.78	0.24	0.262816	893.341	33.4484	39.6676	5.93462e-05
-0.0563855	0.509557	780.78	0.24	0.263194	893.349	33.5068	39.607	0.000166275
-0.056377	0.716781	780.78	0.24	0.263355	893.362	33.5729	39.5332	0.000329014
-0.0563658	0.924675	780.78	0.24	0.263093	893.38	33.6389	39.4623	0.000547545
-0.056352	1.12844	780.78	0.24	0.2626	893.402	33.6961	39.3981	0.000815446
-0.0563356	1.32774	780.78	0.24	0.262014	893.429	33.7364	39.346	0.00112893
-0.0563168	1.52123	780.78	0.24	0.261185	893.461	33.7645	39.3089	0.00148195
-0.0562955	1.70523	780.78	0.24	0.259861	893.497	33.791	39.2725	0.00186212
-0.056272	1.87622	780.78	0.24	0.258245	893.537	33.8203	39.2321	0.00225429
-0.0562465	2.03075	780.78	0.24	0.256316	893.58	33.8559	39.1849	0.00264093
-0.0562191	2.16981	780.78	0.24	0.254834	893.628	33.9018	39.1291	0.00301497
-0.0561901	2.29733	780.78	0.24	0.253571	893.678	33.9436	39.0725	0.00337977
-0.0561595	2.4127	780.78	0.24	0.252197	893.731	33.9966	39.0031	0.00372775
-0.0561276	2.51686	780.78	0.24	0.250814	893.787	34.0586	38.9257	0.00405658
-0.0560945	2.6073	780.78	0.24	0.249141	893.846	34.1187	38.8501	0.00435334
-0.0560603	2.68234	780.78	0.24	0.247434	893.906	34.169	38.7836	0.00460754
-0.0560254	2.74143	780.78	0.24	0.245458	893.967	34.2065	38.7302	0.00481277
-0.0559899	2.78127	780.78	0.24	0.24334	894.031	34.232	38.6882	0.00495368
-0.055954	2.80401	780.78	0.24	0.241544	894.094	34.2721	38.6336	0.00503503
-0.055918	2.81129	780.78	0.24	0.239864	894.159	34.3176	38.5717	0.00506119
-0.0558821	2.80126	780.78	0.24	0.237951	894.223	34.3694	38.5056	0.00502514
-0.0558464	2.77478	780.78	0.24	0.235787	894.287	34.4283	38.4306	0.00493057
-0.0558113	2.72773	780.78	0.24	0.233547	894.35	34.4854	38.3599	0.00476478
-0.055777	2.66128	780.78	0.24	0.231404	894.413	34.5378	38.2939	0.00453548
-0.0557437	2.57764	780.78	0.24	0.229638	894.473	34.5877	38.2294	0.00425486
-0.0557116	2.47709	780.78	0.24	0.228179	894.532	34.6324	38.1666	0.00392937
-0.0556809	2.36783	780.78	0.24	0.227228	894.588	34.6425	38.1485	0.00359039
-0.0556517	2.25199	780.78	0.24	0.226719	894.641	34.6181	38.1664	0.00324768
-0.055624	2.1318	780.78	0.24	0.226202	894.692	34.5809	38.1949	0.00291028
-0.0555979	2.00427	780.78	0.24	0.225838	894.741	34.5547	38.2138	0.0025725
-0.0555734	1.87793	780.78	0.24	0.225697	894.786	34.5468	38.2126	0.0022584
-0.0555506	1.75087	780.78	0.24	0.225743	894.828	34.547	38.2054	0.00196314
-0.0555294	1.62402	780.78	0.24	0.2261	894.867	34.5533	38.1883	0.00168897
-0.0555098	1.50098	780.78	0.24	0.226777	894.904	34.554	38.1775	0.00144275
-0.0554917	1.38834	780.78	0.24	0.227902	894.938	34.544	38.1847	0.00123433
-0.0554749	1.28555	780.78	0.24	0.229159	894.969	34.5429	38.1774	0.00105833
-0.0554593	1.19393	780.78	0.24	0.230305	894.998	34.5511	38.164	0.00091285
-0.0554448	1.11154	780.78	0.24	0.231491	895.025	34.5664	38.1461	0.000791214
-0.0554313	1.03998	780.78	0.24	0.232674	895.05	34.588	38.124	0.000692617
-0.0554186	0.978688	780.78	0.24	0.233859	895.073	34.6114	38.0935	0.000613381
-0.0554066	0.929247	780.78	0.24	0.234982	895.095	34.6278	38.0748	0.000552973
-0.0553951	0.88747	780.78	0.24	0.235758	895.116	34.6585	38.0413	0.00050437
-0.0553841	0.847071	780.78	0.24	0.236469	895.137	34.7158	37.9715	0.000459495
-0.0553735	0.820161	780.78	0.24	0.237545	895.156	34.7607	37.9373	0.000430764
-0.0553632	0.803175	780.78	0.24	0.2391	895.174	34.7872	37.9235	0.000413106
-0.0553529	0.799939	780.78	0.24	0.240924	895.193	34.8104	37.8952	0.000409784
-0.0553426	0.817	780.78	0.24	0.24283	895.211	34.8361	37.868	0.00042745
-0.0553318	0.848399	780.78	0.24	0.244372	895.23	34.8477	37.8604	0.000460937
-0.0553205	0.893457	780.78	0.24	0.245942	895.25	34.8348	37.8718	0.000511197
-0.0553085	0.953278	780.78	0.24	0.247602	895.271	34.8124	37.897	0.000581944
-0.0552956	1.02884	780.78	0.24	0.249257	895.293	34.7957	37.9089	0.000677849
-0.0552816	1.11812	780.78	0.24	0.250526	895.317	34.78	37.9241	0.0008006
-0.0552664	1.21395	780.78	0.24	0.251515	895.343	34.771	37.929	0.000943726
-0.0552498	1.32264	780.78	0.24	0.252632	895.372	34.7758	37.9239	0.00112028
-0.0552317	1.44124	780.78	0.24	0.253652	895.403	34.7799	37.923	0.00133019
-0.0552121	1.56676	780.78	0.24	0.25446	895.436	34.7806	37.9224	0.00157198
-0.0551907	1.70015	780.78	0.24	0.255315	895.473	34.7832	37.9182	0.00185103
-0.0551676	1.84266	780.78	0.24	0.256433	895.513	34.773	37.9238	0.00217436
-0.0551426	1.99436	780.78	0.24	0.257243	895.556	34.7797	37.9139	0.00254711
-0.0551155	2.1516	780.78	0.24	0.258044	895.602	34.8008	37.8964	0.00296458
-0.0550864	2.31856	780.78	0.24	0.258986	895.653	34.8269	37.8632	0.00344253
-0.055055	2.49197	780.78	0.24	0.259568	895.707	34.8577	37.8223	0.00397674
-0.0550214	2.6702	780.78	0.24	0.259995	895.765	34.8787	37.7926	0.00456593
-0.0549855	2.85272	780.78	0.24	0.260434	895.827	34.8837	37.7782	0.00521145
-0.0549472	3.03946	780.78	0.24	0.260881	895.894	34.8661	37.7876	0.00591607
-0.0549064	3.23095	780.78	0.24	0.261382	895.965	34.8357	37.8075	0.006685
-0.0548632	3.42596	780.78	0.24	0.261766	896.04	34.8107	37.8202	0.00751635
-0.0548174	3.62335	780.78	0.24	0.261874	896.12	34.7858	37.8315	0.00840738
-0.0547691	3.82111	780.78	0.24	0.261713	896.204	34.7599	37.8439	0.00935018
-0.0547183	4.01634	780.78	0.24	0.261287	896.293	34.7351	37.8538	0.0103301
-0.054665	4.20911	780.78	0.24	0.261194	896.386	34.6947	37.8997	0.0113455
-0.0546093	4.40014	780.78	0.24	0.261083	896.484	34.6824	37.8964	0.0123987
-0.0545511	4.58957	780.78	0.24	0.260491	896.586	34.7	37.8606	0.0134892
-0.0544905	4.77112	780.78	0.24	0.259407	896.693	34.7105	37.8331	0.0145775
-0.0544278	4.94241	780.78	0.24	0.258233	896.803	34.6931	37.8294	0.015643
-0.0543629	5.10386	780.78	0.24	0.257049	896.918	34.6551	37.8471	0.0166816
-0.0542961	5.25422	780.78	0.24	0.255733	897.036	34.5944	37.8889	0.017679
-0.0542275	5.39156	780.78	0.24	0.254105	897.157	34.5202	37.9437	0.0186153
-0.0541572	5.51248	780.78	0.24	0.252204	897.282	34.4448	37.9992	0.0194597
-0.0540856	5.61554	780.78	0.24	0.250039	897.409	34.384	38.0403	0.0201941
-0.0540129	5.69931	780.78	0.24	0.247895	897.539	34.3392	38.0612	0.0208011
-0.0539392	5.76652	780.78	0.24	0.246267	897.67	34.286	38.0904	0.0212946
-0.0538648	5.82156	780.78	0.24	0.245185	897.803	34.1962	38.1638	0.021703
-0.0537898	5.86839	780.78	0.24	0.244485	897.937	34.087	38.256	0.0220536
-0.0537143	5.91043	780.78	0.24	0.243986	898.073	33.9794	38.3471	0.0223707
-0.0536382	5.94759	780.78	0.24	0.243391	898.209	33.8843	38.4217	0.0226529
-0.0535617	5.97916	780.78	0.24	0.242619	898.346	33.7914	38.4965	0.022894
-0.0534849	6.0034	780.78	0.24	0.241806	898.484	33.6988	38.5692	0.02308
-0.0534079	6.01938	780.78	0.24	0.240879	898.622	33.6005	38.6493	0.023203
-0.0533307	6.02796	780.78	0.24	0.240083	898.761	33.4965	38.7358	0.0232692
-0.0532535	6.02989	780.78	0.24	0.239311	898.899	33.4011	38.8119	0.0232841
-0.0531763	6.02346	780.78	0.24	0.238494	899.038	33.2991	38.8965	0.0232345
-0.0530993	6.0099	780.78	0.24	0.237592	899.177	33.1956	38.9823	0.02313
-0.0530226	5.98776	780.78	0.24	0.236543	899.315	33.0956	39.0643	0.0229599
-0.0529462	5.95655	780.78	0.24	0.235498	899.453	32.9861	39.1604	0.0227212
-0.0528703	5.91549	780.78	0.24	0.234364	899.59	32.8796	39.2488	0.022409
-0.052795	5.86276	780.78	0.24	0.233198	899.726	32.7671	39.3434	0.0220113
-0.0527205	5.80144	780.78	0.24	0.232342	899.861	32.6495	39.446	0.0215532
-0.0526469	5.73288	780.78	0.24	0.231426	899.994	32.5371	39.5439	0.0210469
-0.0525742	5.65384	780.78	0.24	0.230284	900.126	32.4384	39.6255	0.0204705
-0.0525026	5.56494	780.78	0.24	0.22911	900.256	32.3577	39.6921	0.0198318
-0.0524323	5.46494	780.78	0.24	0.227971	900.383	32.3049	39.7343	0.0191255
-0.0523634	5.35508	780.78	0.24	0.226714	900.509	32.2816	39.743	0.0183642
-0.0522959	5.23195	780.78	0.24	0.225192	900.632	32.2776	39.734	0.0175295
-0.0522302	5.09383	780.78	0.24	0.223563	900.752	32.2891	39.7112	0.0166161
-0.0521665	4.9411	780.78	0.24	0.221961	900.868	32.3128	39.6764	0.0156346
-0.0521047	4.77657	780.78	0.24	0.220908	900.981	32.3235	39.6584	0.0146108
-0.0520452	4.60378	780.78	0.24	0.220103	901.091	32.3485	39.622	0.0135728
-0.051988	4.42334	780.78	0.24	0.21918	901.196	32.3775	39.5849	0.0125298
-0.0519332	4.23379	780.78	0.24	0.218091	901.297	32.4012	39.5553	0.0114789
-0.0518808	4.03428	780.78	0.24	0.216985	901.394	32.4268	39.5227	0.0104225
-0.0518312	3.82334	780.78	0.24	0.215686	901.485	32.4555	39.4908	0.0093611
-0.0517843	3.60035	780.78	0.24	0.214356	901.573	32.4843	39.4582	0.00830102
-0.0517405	3.36508	780.78	0.24	0.212885	901.654	32.5072	39.434	0.00725159
-0.0516998	3.11416	780.78	0.24	0.211372	901.731	32.5265	39.4131	0.00621046
-0.0516624	2.85308	780.78	0.24	0.210261	901.801	32.536	39.4051	0.00521277
-0.0516284	2.58306	780.78	0.24	0.209411	901.865	32.5482	39.3988	0.00427277
-0.051598	2.30496	780.78	0.24	0.208828	901.924	32.5653	39.3783	0.00340227
-0.0515712	2.02394	780.78	0.24	0.208636	901.975	32.5731	39.3814	0.00262324
-0.051548	1.74148	780.78	0.24	0.20856	902.02	32.5721	39.3887	0.00194212
-0.0515284	1.4587	780.78	0.24	0.208742	902.059	32.574	39.3937	0.00136261
-0.0515124	1.1787	780.78	0.24	0.209086	902.091	32.5726	39.4042	0.000889702
-0.0515	0.901512	780.78	0.24	0.209447	902.117	32.569	39.4163	0.000520457
-0.0514911	0.62803	780.78	0.24	0.209835	902.136	32.5649	39.4306	0.000252582
-0.0514856	0.357122	780.78	0.24	0.210039	902.149	32.5472	39.4598	8.16722e-05
-0.0514837	0.0856412	780.78	0.24	0.210012	902.155	32.5159	39.5098	4.69685e-06
-0.0514852	-0.186122	780.78	0.24	0.209935	902.156	32.484	39.5556	2.21839e-05
-0.0514902	-0.458504	780.78	0.24	0.209839	902.15	32.4438	39.6133	0.000134626
-0.0514987	-0.733842	780.78	0.24	0.209532	902.138	32.4068	39.6749	0.000344862
-0.0515107	-1.01193	780.78	0.24	0.209027	902.119	32.3789	39.7229	0.000655752
-0.0515264	-1.29813	780.78	0.24	0.208403	902.094	32.363	39.7614	0.00107913
-0.0515458	-1.58571	780.78	0.24	0.208135	902.063	32.3596	39.7907	0.00161023
-0.0515689	-1.87679	780.78	0.24	0.207706	902.024	32.3613	39.8131	0.00225566
-0.0515958	-2.17288	780.78	0.24	0.207233	901.979	32.362	39.8384	0.00302351
-0.0516264	-2.47286	780.78	0.24	0.206828	901.927	32.3671	39.8672	0.00391599
-0.051661	-2.77934	780.78	0.24	0.206483	901.869	32.3835	39.8699	0.0049468
-0.0516996	-3.08551	780.78	0.24	0.206467	901.803	32.408	39.8713	0.0060967
-0.051742	-3.38941	780.78	0.24	0.206943	901.73	32.427	39.8849	0.0073568
-0.0517883	-3.68932	780.78	0.24	0.207473	901.65	32.4624	39.8878	0.00871636
-0.0518384	-3.98387	780.78	0.24	0.207903	901.563	32.516	39.8683	0.0101637
-0.0518922	-4.27622	780.78	0.24	0.208114	901.469	32.5791	39.8381	0.0117101
-0.0519497	-4.56562	780.78	0.24	0.208548	901.369	32.632	39.824	0.0133488
-0.0520109	-4.85004	780.78	0.24	0.209251	901.262	32.6824	39.8123	0.0150637
-0.0520757	-5.12654	780.78	0.24	0.210328	901.148	32.7221	39.8114	0.0168302
-0.0521439	-5.39366	780.78	0.24	0.211612	901.028	32.7576	39.8158	0.0186298
-0.0522155	-5.64846	780.78	0.24	0.213308	900.902	32.7879	39.8301	0.0204315
-0.0522901	-5.88524	780.78	0.24	0.215158	900.77	32.8283	39.8323	0.0221804
-0.0523676	-6.10593	780.78	0.24	0.216951	900.633	32.874	39.8305	0.0238751
-0.0524478	-6.31152	780.78	0.24	0.21847	900.491	32.9237	39.8268	0.02551
-0.0525305	-6.50463	780.78	0.24	0.219973	900.345	32.9703	39.8314	0.0270948
-0.0526155	-6.68314	780.78	0.24	0.221585	900.194	33.0192	39.8304	0.0286024
-0.0527027	-6.84815	780.78	0.24	0.223169	900.039	33.064	39.8346	0.0300323
-0.0527918	-6.99868	780.78	0.24	0.224764	899.88	33.1061	39.8446	0.031367
-0.0528828	-7.13365	780.78	0.24	0.226563	899.718	33.145	39.8552	0.0325885
-0.0529753	-7.25256	780.78	0.24	0.228337	899.553	33.1778	39.8743	0.033684
-0.0530692	-7.35754	780.78	0.24	0.230144	899.385	33.2128	39.8971	0.0346662
-0.0531643	-7.44335	780.78	0.24	0.23207	899.215	33.2563	39.9075	0.0354795
-0.0532603	-7.51244	780.78	0.24	0.233831	899.043	33.3044	39.9125	0.0361413
-0.053357	-7.56711	780.78	0.24	0.23548	898.87	33.3544	39.9236	0.0366692
-0.0534543	-7.60799	780.78	0.24	0.237122	898.695	33.4093	39.9252	0.0370664
-0.053552	-7.63027	780.78	0.24	0.239252	898.52	33.4641	39.9308	0.0372839
-0.0536497	-7.63324	780.78	0.24	0.241569	898.344	33.5121	39.9389	0.037313
-0.0537474	-7.61505	780.78	0.24	0.243828	898.169	33.5512	39.9603	0.0371353
-0.0538445	-7.57616	780.78	0.24	0.246177	897.994	33.5715	39.9987	0.036757
-0.053941	-7.51514	780.78	0.24	0.248705	897.82	33.5832	40.0436	0.0361673
-0.0540365	-7.43209	780.78	0.24	0.25117	897.648	33.5864	40.0963	0.0353723
-0.0541307	-7.32746	780.78	0.24	0.253604	897.477	33.582	40.1582	0.0343834
-0.0542233	-7.2015	780.78	0.24	0.256021	897.31	33.5757	40.2193	0.0332114
-0.0543141	-7.05442	780.78	0.24	0.258533	897.145	33.5668	40.2805	0.0318687
-0.0544029	-6.88289	780.78	0.24	0.260992	896.984	33.5552	40.3463	0.0303378
-0.0544892	-6.68935	780.78	0.24	0.263308	896.827	33.5396	40.4146	0.0286556
-0.0545728	-6.47627	780.78	0.24	0.265298	896.674	33.5246	40.4829	0.0268591
-0.0546536	-6.24728	780.78	0.24	0.267165	896.527	33.5152	40.5438	0.0249933
-0.0547312	-6.00201	780.78	0.24	0.268944	896.385	33.51	40.6005	0.0230693
-0.0548056	-5.74	780.78	0.24	0.270733	896.248	33.5123	40.6429	0.0210992
-0.0548764	-5.46069	780.78	0.24	0.272662	896.118	33.5326	40.6667	0.0190957
-0.0549435	-5.16461	780.78	0.24	0.274416	895.995	33.5643	40.6788	0.0170811
-0.0550067	-4.85422	780.78	0.24	0.276084	895.878	33.5959	40.6914	0.0150897
-0.0550657	-4.52662	780.78	0.24	0.277799	895.768	33.6374	40.6836	0.0131217
-0.0551205	-4.1863	780.78	0.24	0.278874	895.666	33.6585	40.6965	0.0112228
-0.0551707	-3.83697	780.78	0.24	0.27975	895.572	33.6524	40.7304	0.00942797
-0.0552165	-3.49453	780.78	0.24	0.281403	895.486	33.7349	40.7382	0.00782021
-0.0552582	-3.1893	780.78	0.24	0.281031	895.408	33.6889	40.8202	0.00651375
-0.0552955	-2.82208	780.78	0.24	0.282555	895.337	33.9508	40.7026	0.00510013
-0.055328	-2.44176	780.78	0.24	0.282828	895.275	33.936	40.7222	0.00381811
-0.0553557	-2.07825	780.78	0.24	0.283337	895.221	33.8896	40.8389	0.00276591
-0.0553786	-1.69031	780.78	0.24	0.283741	895.175	33.9718	40.7088	0.00182967
-0.0553966	-1.31353	780.78	0.24	0.283274	895.139	33.9648	40.786	0.0011049
-0.0554097	-0.934649	780.78	0.24	0.28211	895.111	33.9353	40.8437	0.000559421
-0.0554181	-0.571748	780.78	0.24	0.281224	895.092	33.9845	40.8181	0.00020934
-0.055422	-0.208283	780.78	0.24	0.280524	895.081	34.0324	40.7743	2.77811e-05
-0.0554212	0.151525	780.78	0.24	0.279868	895.078	34.0734	40.7401	1.47031e-05
-0.0554158	0.50392	780.78	0.24	0.278852	895.084	34.1206	40.6984	0.000162616
-0.0554061	0.84589	780.78	0.24	0.277579	895.097	34.1804	40.6398	0.000458215
-0.055392	1.17955	780.78	0.24	0.277008	895.119	34.2149	40.6083	0.000890988
-0.0553737	1.50814	780.78	0.24	0.276195	895.147	34.2556	40.565	0.00145654
-0.0553513	1.82786	780.78	0.24	0.275083	895.184	34.3082	40.5057	0.00213958
-0.0553249	2.14102	780.78	0.24	0.274733	895.228	34.3239	40.4876	0.0029355
-0.0552945	2.45263	780.78	0.24	0.274641	895.279	34.3553	40.4469	0.00385218
-0.0552601	2.76175	780.78	0.24	0.27425	895.337	34.4134	40.377	0.0048844
-0.0552218	3.06666	780.78	0.24	0.273762	895.402	34.4973	40.2811	0.00602244
-0.0551797	3.36661	780.78	0.24	0.272803	895.474	34.5948	40.1673	0.00725815
-0.0551338	3.65437	780.78	0.24	0.271093	895.553	34.6919	40.0506	0.00855199
-0.0550843	3.92475	780.78	0.24	0.268908	895.638	34.7925	39.9289	0.00986427
-0.0550316	4.17436	780.78	0.24	0.266784	895.73	34.8843	39.8413	0.0111589
-0.0549759	4.40381	780.78	0.24	0.264745	895.827	34.9913	39.6957	0.0124193
-0.0549174	4.6228	780.78	0.24	0.263897	895.929	35.037	39.6369	0.0136852
-0.0548562	4.8346	780.78	0.24	0.26289	896.036	35.0796	39.5701	0.014968
-0.0547923	5.03434	780.78	0.24	0.261521	896.149	35.1113	39.5075	0.0162303
-0.054726	5.22213	780.78	0.24	0.259839	896.265	35.1288	39.4606	0.0174637
-0.0546574	5.39719	780.78	0.24	0.258746	896.386	35.1009	39.5051	0.0186542
-0.0545867	5.56259	780.78	0.24	0.257712	896.511	35.063	39.5108	0.0198151
-0.054514	5.71846	780.78	0.24	0.256442	896.64	35.0206	39.519	0.0209411
-0.0544393	5.8633	780.78	0.24	0.25511	896.772	34.9656	39.5454	0.0220154
-0.054363	5.99384	780.78	0.24	0.25373	896.907	34.8909	39.592	0.0230065
-0.054285	6.11192	780.78	0.24	0.252876	897.046	34.8053	39.6278	0.0239219
-0.0542056	6.22963	780.78	0.24	0.252684	897.187	34.7018	39.6981	0.0248522
-0.0541247	6.34495	780.78	0.24	0.252241	897.331	34.6122	39.7547	0.0257809
-0.0540424	6.45607	780.78	0.24	0.25163	897.477	34.5394	39.792	0.0266918
-0.0539587	6.56044	780.78	0.24	0.250785	897.626	34.4749	39.8201	0.0275618
-0.0538738	6.65585	780.78	0.24	0.249555	897.778	34.4059	39.8538	0.0283693
-0.0537877	6.73794	780.78	0.24	0.247872	897.931	34.3369	39.8875	0.0290734
-0.0537008	6.80285	780.78	0.24	0.246082	898.087	34.2774	39.9146	0.0296363
-0.0536132	6.85242	780.78	0.24	0.244331	898.243	34.2202	39.9338	0.0300697
-0.0535251	6.88696	780.78	0.24	0.242576	898.401	34.1644	39.9514	0.0303736
-0.0534367	6.90522	780.78	0.24	0.240572	898.56	34.1192	39.9573	0.0305349
-0.0533482	6.90244	780.78	0.24	0.238562	898.719	34.078	39.9611	0.0305103
-0.05326	6.88686	780.78	0.24	0.237149	898.878	34.0274	39.9759	0.0303727
-0.053172	6.85865	780.78	0.24	0.235721	899.036	33.9771	39.9888	0.0301244
-0.0530846	6.81613	780.78	0.24	0.23405	899.194	33.917	40.0106	0.0297521
-0.0529978	6.75863	780.78	0.24	0.232358	899.351	33.8439	40.0486	0.0292522
-0.0529119	6.68497	780.78	0.24	0.230745	899.506	33.7654	40.0947	0.028618
-0.0528271	6.59994	780.78	0.24	0.229826	899.66	33.6682	40.1598	0.0278947
-0.0527435	6.50889	780.78	0.24	0.229153	899.811	33.5647	40.2298	0.0271303
-0.0526611	6.4106	780.78	0.24	0.228562	899.961	33.4539	40.3075	0.0263172
-0.0525799	6.30806	780.78	0.24	0.228052	900.108	33.3409	40.3846	0.025482
-0.0525002	6.20359	780.78	0.24	0.228031	900.253	33.2234	40.465	0.0246449
-0.0524217	6.09869	780.78	0.24	0.227954	900.395	33.1046	40.549	0.0238185
-0.0523446	5.99287	780.78	0.24	0.227917	900.535	32.9823	40.6408	0.0229991
-0.0522689	5.8859	780.78	0.24	0.227822	900.673	32.8612	40.7267	0.0221854
-0.0521946	5.7786	780.78	0.24	0.227672	900.808	32.7361	40.8195	0.0213839
-0.0521216	5.66838	780.78	0.24	0.227247	900.941	32.6079	40.9153	0.020576
-0.0520501	5.55417	780.78	0.24	0.226748	901.071	32.4732	41.0222	0.0197551
-0.0519801	5.43471	780.78	0.24	0.226344	901.198	32.3404	41.1263	0.0189144
-0.0519117	5.31085	780.78	0.24	0.225966	901.323	32.2187	41.2127	0.0180621
-0.0518449	5.1842	780.78	0.24	0.225517	901.445	32.1184	41.279	0.0172109
-0.0517797	5.05735	780.78	0.24	0.225762	901.564	31.9792	41.3859	0.016379
-0.0517162	4.93473	780.78	0.24	0.226476	901.68	31.8356	41.5028	0.0155944
-0.0516541	4.81226	780.78	0.24	0.225834	901.793	31.7769	41.5288	0.0148299
-0.0515937	4.68372	780.78	0.24	0.225232	901.904	31.6923	41.5735	0.0140483
-0.051535	4.55219	780.78	0.24	0.225267	902.011	31.5682	41.6665	0.0132703
-0.051478	4.41535	780.78	0.24	0.224236	902.116	31.5191	41.6831	0.0124845
-0.0514229	4.26966	780.78	0.24	0.223508	902.217	31.4985	41.6568	0.0116742
-0.0513696	4.1242	780.78	0.24	0.223835	902.315	31.4204	41.7113	0.0108923
-0.0513182	3.9801	780.78	0.24	0.224001	902.409	31.3604	41.7399	0.0101445
-0.0512686	3.83604	780.78	0.24	0.223787	902.5	31.3232	41.7462	0.00942341
-0.0512208	3.68843	780.78	0.24	0.223356	902.588	31.2913	41.7451	0.00871211
-0.0511751	3.53672	780.78	0.24	0.222805	902.673	31.2592	41.7456	0.00801019
-0.0511313	3.3793	780.78	0.24	0.222228	902.753	31.2338	41.7395	0.00731299
-0.0510896	3.21269	780.78	0.24	0.221556	902.831	31.2128	41.7326	0.00660967
-0.05105	3.04277	780.78	0.24	0.220762	902.904	31.2128	41.7119	0.00592898
-0.0510128	2.86	780.78	0.24	0.219361	902.973	31.2767	41.5951	0.00523811
-0.0509779	2.67734	780.78	0.24	0.22006	903.038	31.2495	41.5907	0.00459039
-0.0509453	2.5014	780.78	0.24	0.220834	903.099	31.2564	41.5447	0.0040069
-0.0509151	2.31513	780.78	0.24	0.221389	903.156	31.2465	41.5378	0.00343234
-0.050887	2.15194	780.78	0.24	0.222504	903.209	31.2853	41.4547	0.00296552
-0.0508609	1.99572	780.78	0.24	0.222858	903.258	31.3205	41.3891	0.00255058
-0.0508369	1.84063	780.78	0.24	0.222981	903.303	31.3469	41.3318	0.00216958
-0.0508148	1.68555	780.78	0.24	0.22313	903.345	31.3796	41.2681	0.00181937
-0.0507946	1.53435	780.78	0.24	0.22334	903.383	31.4199	41.1969	0.00150762
-0.0507764	1.38521	780.78	0.24	0.223812	903.417	31.4583	41.1303	0.00122877
-0.0507601	1.24107	780.78	0.24	0.22432	903.449	31.5005	41.0564	0.00098636
-0.0507455	1.10134	780.78	0.24	0.224919	903.477	31.5426	40.9857	0.000776761
-0.0507327	0.967348	780.78	0.24	0.225571	903.501	31.5976	40.8979	0.000599248
-0.0507216	0.841102	780.78	0.24	0.22657	903.523	31.6512	40.8137	0.000453042
-0.0507119	0.72395	780.78	0.24	0.22762	903.542	31.7177	40.7125	0.000335629
-0.0507037	0.61628	780.78	0.24	0.228557	903.558	31.7825	40.6154	0.000243219
-0.0506968	0.515605	780.78	0.24	0.229509	903.571	31.84	40.531	0.000170245
-0.0506911	0.422907	780.78	0.24	0.230518	903.583	31.8948	40.438	0.000114533
-0.0506864	0.34315	780.78	0.24	0.231816	903.592	31.9434	40.3614	7.54067e-05
-0.0506827	0.273726	780.78	0.24	0.23289	903.6	31.9904	40.2809	4.79815e-05
-0.0506798	0.212876	780.78	0.24	0.233812	903.606	32.0353	40.2022	2.90199e-05
-0.0506776	0.15948	780.78	0.24	0.234591	903.61	32.0838	40.1205	1.62875e-05
-0.050676	0.11289	780.78	0.24	0.235496	903.614	32.142	40.0293	8.16116e-06
-0.050675	0.0762971	780.78	0.24	0.236415	903.616	32.2038	39.9319	3.72784e-06
-0.0506743	0.0463016	780.78	0.24	0.237083	903.617	32.2662	39.836	1.37288e-06
-0.0506739	0.021621	780.78	0.24	0.237679	903.618	32.3333	39.7308	2.99358e-07
-0.0506738	0.00174173	780.78	0.24	0.238354	903.619	32.401	39.6264	1.94269e-09
-0.0506739	-0.0103001	780.78	0.24	0.239025	903.619	32.469	39.5226	6.79399e-08
-0.0506741	-0.0170577	780.78	0.24	0.239514	903.618	32.5344	39.4197	1.8633e-07
-0.0506744	-0.0203459	780.78	0.24	0.240053	903.618	32.5843	39.3329	2.6509e-07
-0.0506746	-0.0183335	780.78	0.24	0.240645	903.618	32.6287	39.2493	2.15243e-07
-0.0506748	-0.0117767	780.78	0.24	0.241372	903.617	32.6572	39.1773	8.88157e-08
-0.0506748	0.00323502	780.78	0.24	0.242259	903.617	32.675	39.1236	6.70185e-09
-0.0506746	0.0268776	780.78	0.24	0.242976	903.617	32.6911	39.0689	4.62618e-07
-0.050674	0.0562	780.78	0.24	0.24375	903.618	32.6965	39.0253	2.02262e-06
-0.0506729	0.0931213	780.78	0.24	0.244439	903.619	32.6951	38.9862	5.55314e-06
-0.0506713	0.135248	780.78	0.24	0.244988	903.622	32.6859	38.9568	1.1714e-05
-0.0506691	0.181006	780.78	0.24	0.245367	903.625	32.6766	38.9253	2.09811e-05
-0.0506663	0.230424	780.78	0.24	0.245808	903.63	32.6614	38.9009	3.40013e-05
-0.0506629	0.284931	780.78	0.24	0.246277	903.635	32.6472	38.8723	5.19901e-05
-0.0506587	0.341666	780.78	0.24	0.246511	903.642	32.6422	38.8344	7.47559e-05
-0.0506537	0.400492	780.78	0.24	0.246653	903.65	32.6391	38.7938	0.000102714
-0.0506481	0.45887	780.78	0.24	0.246622	903.66	32.6408	38.7475	0.000134841
-0.0506416	0.517645	780.78	0.24	0.24648	903.671	32.6446	38.6989	0.000171595
-0.0506344	0.573607	780.78	0.24	0.246019	903.683	32.6488	38.6498	0.000210703
-0.0506266	0.625373	780.78	0.24	0.245519	903.697	32.6565	38.5959	0.000250449
-0.0506181	0.672242	780.78	0.24	0.245069	903.712	32.6722	38.5335	0.000289396
-0.0506091	0.71569	780.78	0.24	0.244868	903.728	32.68	38.4787	0.000328013
-0.0505995	0.757798	780.78	0.24	0.244616	903.744	32.68	38.4321	0.000367746
-0.0505894	0.797725	780.78	0.24	0.244431	903.762	32.6718	38.392	0.000407519
-0.0505788	0.835789	780.78	0.24	0.244075	903.781	32.6586	38.3577	0.000447337
-0.0505678	0.869322	780.78	0.24	0.243342	903.8	32.6426	38.3262	0.000483952
-0.0505564	0.893974	780.78	0.24	0.242298	903.821	32.6264	38.296	0.000511789
-0.0505448	0.907748	780.78	0.24	0.240937	903.842	32.6206	38.2536	0.000527681
-0.0505331	0.908203	780.78	0.24	0.239182	903.863	32.6372	38.1896	0.000528211
-0.0505216	0.890951	780.78	0.24	0.237075	903.884	32.6932	38.0818	0.000508334
-0.0505105	0.856057	780.78	0.24	0.235405	903.904	32.705	38.0263	0.000469296
-0.0505	0.807904	780.78	0.24	0.234041	903.924	32.7184	37.9725	0.000417985
-0.0504902	0.746449	780.78	0.24	0.232511	903.942	32.7342	37.9123	0.000356814
-0.0504814	0.670256	780.78	0.24	0.230717	903.959	32.7607	37.8426	0.000287689
-0.0504736	0.579908	780.78	0.24	0.229294	903.974	32.7619	37.7811	0.000215357
-0.0504671	0.482334	780.78	0.24	0.229119	903.987	32.6532	37.8662	0.000148983
-0.0504619	0.382025	780.78	0.24	0.228791	903.997	32.5769	37.8982	9.346e-05
-0.050458	0.27794	780.78	0.24	0.228447	904.006	32.5284	37.913	4.947e-05
-0.0504555	0.171713	780.78	0.24	0.228452	904.012	32.4358	37.9664	1.88821e-05
-0.0504543	0.0654899	780.78	0.24	0.228105	904.015	32.3412	38.0234	2.74656e-06
-0.0504545	-0.0455453	780.78	0.24	0.227727	904.016	32.274	38.0558	1.3284e-06
-0.0504562	-0.159952	780.78	0.24	0.227573	904.014	32.2153	38.0719	1.6384e-05
-0.0504593	-0.272675	780.78	0.24	0.227527	904.01	32.1423	38.108	4.76138e-05
-0.0504639	-0.387851	780.78	0.24	0.227229	904.003	32.0896	38.1113	9.63319e-05
-0.05047	-0.504609	780.78	0.24	0.226975	903.993	32.0457	38.1194	0.000163061
-0.0504776	-0.624789	780.78	0.24	0.226499	903.981	31.999	38.1331	0.000249981
-0.0504868	-0.751324	780.78	0.24	0.225701	903.966	31.9485	38.1499	0.00036149
-0.0504977	-0.886535	780.78	0.24	0.224721	903.947	31.8902	38.1797	0.000503308
-0.0505104	-1.03206	780.78	0.24	0.223686	903.926	31.8367	38.2113	0.000682099
-0.0505251	-1.1844	780.78	0.24	0.22279	903.901	31.7925	38.2281	0.000898336
-0.0505418	-1.34542	780.78	0.24	0.221863	903.873	31.7448	38.2501	0.0011592
-0.0505607	-1.51497	780.78	0.24	0.220781	903.841	31.6931	38.2757	0.00146976
-0.0505818	-1.69579	780.78	0.24	0.219761	903.805	31.6378	38.3054	0.00184155
-0.0506053	-1.88286	780.78	0.24	0.219063	903.765	31.5911	38.3223	0.00227028
-0.0506312	-2.07647	780.78	0.24	0.218376	903.72	31.551	38.3433	0.00276117
-0.0506597	-2.2754	780.78	0.24	0.218041	903.671	31.5114	38.3625	0.00331556
-0.0506908	-2.47562	780.78	0.24	0.217836	903.617	31.4707	38.3822	0.00392472
-0.0507244	-2.67731	780.78	0.24	0.217693	903.558	31.4476	38.3774	0.00459028
-0.0507607	-2.88066	780.78	0.24	0.21778	903.495	31.4382	38.366	0.00531403
-0.0507995	-3.08076	780.78	0.24	0.218112	903.427	31.4307	38.3582	0.00607795
-0.0508408	-3.27787	780.78	0.24	0.218492	903.355	31.4357	38.3395	0.00688059
-0.0508847	-3.47135	780.78	0.24	0.218925	903.278	31.4421	38.3239	0.0077168
-0.050931	-3.66064	780.78	0.24	0.219473	903.197	31.4502	38.3048	0.00858136
-0.0509796	-3.84502	780.78	0.24	0.219988	903.111	31.4726	38.2714	0.00946759
-0.0510306	-4.02549	780.78	0.24	0.220293	903.021	31.5058	38.2294	0.0103771
-0.0510839	-4.20419	780.78	0.24	0.220562	902.927	31.5458	38.1867	0.0113189
-0.0511394	-4.37864	780.78	0.24	0.221085	902.828	31.5736	38.1534	0.0122778
-0.0511971	-4.54781	780.78	0.24	0.221872	902.726	31.5763	38.1434	0.0132448
-0.0512569	-4.70882	780.78	0.24	0.22286	902.62	31.5615	38.1563	0.0141992
-0.0513187	-4.86069	780.78	0.24	0.224024	902.51	31.5439	38.1701	0.0151299
-0.0513823	-5.00057	780.78	0.24	0.225287	902.397	31.5255	38.1894	0.0160133
-0.0514476	-5.1304	780.78	0.24	0.226456	902.281	31.5165	38.2007	0.0168556
-0.0515145	-5.24971	780.78	0.24	0.227497	902.162	31.5113	38.2095	0.0176487
-0.0515828	-5.36074	780.78	0.24	0.228478	902.04	31.4994	38.2259	0.0184031
-0.0516524	-5.46292	780.78	0.24	0.229341	901.915	31.4875	38.243	0.0191114
-0.0517233	-5.55705	780.78	0.24	0.230356	901.788	31.4968	38.2386	0.0197756
-0.0517953	-5.64112	780.78	0.24	0.231569	901.659	31.5097	38.2354	0.0203785
-0.0518683	-5.71345	780.78	0.24	0.232998	901.529	31.5285	38.2213	0.0209045
-0.051942	-5.77062	780.78	0.24	0.234699	901.396	31.5423	38.2182	0.0213249
-0.0520163	-5.81307	780.78	0.24	0.236323	901.263	31.5477	38.2244	0.0216398
-0.0520911	-5.84204	780.78	0.24	0.237825	901.129	31.5524	38.2285	0.021856
-0.0521661	-5.85646	780.78	0.24	0.239546	900.994	31.5447	38.2483	0.021964
-0.0522411	-5.85512	780.78	0.24	0.241188	900.858	31.5351	38.2708	0.021954
-0.0523159	-5.84041	780.78	0.24	0.2426	900.723	31.5298	38.2887	0.0218438
-0.0523905	-5.81392	780.78	0.24	0.243751	900.589	31.5331	38.2992	0.0216461
-0.0524646	-5.77877	780.78	0.24	0.244611	900.455	31.5426	38.3035	0.0213851
-0.0525382	-5.73793	780.78	0.24	0.245362	900.322	31.5555	38.3069	0.0210839
-0.0526113	-5.68797	780.78	0.24	0.246287	900.19	31.5729	38.3049	0.0207184
-0.0526836	-5.63012	780.78	0.24	0.24721	900.059	31.5959	38.2954	0.0202991
-0.0527551	-5.56613	780.78	0.24	0.247856	899.93	31.6252	38.2776	0.0198403
-0.0528257	-5.49506	780.78	0.24	0.248488	899.802	31.6559	38.2604	0.0193368
-0.0528953	-5.41729	780.78	0.24	0.249565	899.675	31.6913	38.2419	0.0187934
-0.0529638	-5.32678	780.78	0.24	0.251338	899.551	31.7298	38.2134	0.0181706
-0.053031	-5.22108	780.78	0.24	0.253021	899.429	31.7604	38.1993	0.0174567
-0.0530968	-5.09963	780.78	0.24	0.254412	899.309	31.7901	38.1849	0.016654
-0.0531608	-4.96795	780.78	0.24	0.255335	899.193	31.815	38.1739	0.015805
-0.0532231	-4.8306	780.78	0.24	0.255971	899.079	31.8429	38.1613	0.0149432
-0.0532836	-4.68596	780.78	0.24	0.256827	898.969	31.8897	38.1301	0.0140617
-0.0533422	-4.53355	780.78	0.24	0.257523	898.862	31.937	38.0954	0.0131619
-0.0533987	-4.37571	780.78	0.24	0.257985	898.758	31.9876	38.057	0.0122614
-0.0534532	-4.21554	780.78	0.24	0.258197	898.658	32.0403	38.016	0.0113802
-0.0535056	-4.05355	780.78	0.24	0.25827	898.562	32.0908	37.979	0.0105224
-0.053556	-3.89248	780.78	0.24	0.258476	898.47	32.1503	37.9267	0.00970275
-0.0536043	-3.72749	780.78	0.24	0.259007	898.381	32.1891	37.898	0.00889763
-0.0536504	-3.55478	780.78	0.24	0.259853	898.296	32.2006	37.8975	0.00809222
-0.0536942	-3.37412	780.78	0.24	0.260887	898.216	32.1968	37.9131	0.00729058
-0.0537355	-3.18297	780.78	0.24	0.261981	898.139	32.1747	37.9412	0.00648795
-0.0537744	-2.98247	780.78	0.24	0.26308	898.067	32.1333	37.9916	0.00569629
-0.0538106	-2.77324	780.78	0.24	0.263985	898	32.0801	38.0518	0.00492513
-0.053844	-2.55592	780.78	0.24	0.26467	897.937	32.0206	38.1172	0.00418346
-0.0538746	-2.33531	780.78	0.24	0.2649	897.88	31.9626	38.1769	0.00349246
-0.0539024	-2.1141	780.78	0.24	0.264963	897.827	31.9103	38.2377	0.00286215
-0.0539274	-1.89128	780.78	0.24	0.264992	897.78	31.8735	38.2789	0.00229063
-0.0539494	-1.66902	780.78	0.24	0.264927	897.738	31.8379	38.3156	0.00178388
-0.0539687	-1.44777	780.78	0.24	0.264654	897.7	31.8098	38.3452	0.00134228
-0.0539851	-1.23123	780.78	0.24	0.26419	897.668	31.7924	38.3652	0.000970773
-0.0539988	-1.01664	780.78	0.24	0.263817	897.641	31.7902	38.3642	0.000661872
-0.0540098	-0.806154	780.78	0.24	0.263453	897.619	31.7897	38.3607	0.000416176
-0.0540181	-0.598857	780.78	0.24	0.262818	897.602	31.791	38.3549	0.000229661
-0.0540239	-0.39921	780.78	0.24	0.261932	897.589	31.7923	38.3481	0.000102057
-0.0540271	-0.204387	780.78	0.24	0.26169	897.581	31.7821	38.3529	2.67515e-05
-0.0540279	-0.0115489	780.78	0.24	0.261278	897.578	31.769	38.3588	8.54134e-08
-0.0540262	0.175208	780.78	0.24	0.260521	897.579	31.7505	38.3697	1.96584e-05
-0.0540222	0.355747	780.78	0.24	0.259693	897.584	31.73	38.3819	8.10445e-05
-0.054016	0.526619	780.78	0.24	0.258608	897.593	31.7046	38.3982	0.000177596
-0.0540077	0.687204	780.78	0.24	0.257388	897.606	31.6772	38.4124	0.000302421
-0.0539974	0.83823	780.78	0.24	0.256352	897.623	31.6428	38.4396	0.000449954
-0.0539853	0.981049	780.78	0.24	0.255391	897.643	31.6043	38.4661	0.000616343
-0.0539714	1.11423	780.78	0.24	0.254331	897.666	31.574	38.4853	0.000795044
-0.053956	1.23815	780.78	0.24	0.253228	897.692	31.5536	38.4931	0.000981718
-0.053939	1.35001	780.78	0.24	0.251895	897.722	31.5465	38.4919	0.00116713
-0.0539207	1.4509	780.78	0.24	0.250513	897.753	31.5485	38.4757	0.00134808
-0.0539013	1.53817	780.78	0.24	0.248752	897.787	31.5612	38.4486	0.00151512
-0.0538809	1.60663	780.78	0.24	0.246848	897.823	31.582	38.4158	0.00165301
-0.0538598	1.66093	780.78	0.24	0.245154	897.86	31.6105	38.3744	0.00176662
-0.0538381	1.70071	780.78	0.24	0.243523	897.899	31.6493	38.3218	0.00185227
-0.0538161	1.72598	780.78	0.24	0.242092	897.938	31.6911	38.2676	0.0019077
-0.0537938	1.73941	780.78	0.24	0.240931	897.978	31.7308	38.2133	0.00193751
-0.0537715	1.74345	780.78	0.24	0.239885	898.018	31.7759	38.1551	0.00194652
-0.0537492	1.73728	780.78	0.24	0.238626	898.058	31.8288	38.0869	0.00193277
-0.0537271	1.71779	780.78	0.24	0.23692	898.098	31.8811	38.0214	0.00188965
-0.0537054	1.68336	780.78	0.24	0.235214	898.137	31.9327	37.9541	0.00181467
-0.0536843	1.63444	780.78	0.24	0.233796	898.176	31.9862	37.8909	0.00171073
-0.053664	1.57033	780.78	0.24	0.232077	898.213	32.0441	37.8198	0.00157915
-0.0536446	1.48919	780.78	0.24	0.229859	898.249	32.1084	37.7505	0.00142017
-0.0536264	1.39393	780.78	0.24	0.228772	898.282	32.1859	37.6992	0.00124429
-0.0536096	1.28711	780.78	0.24	0.227424	898.314	32.2924	37.568	0.00106089
-0.0535943	1.15789	780.78	0.24	0.223749	898.343	32.3807	37.5412	0.000858576
-0.0535809	1.00527	780.78	0.24	0.222148	898.369	32.4621	37.5756	0.000647151
-0.0535697	0.822671	780.78	0.24	0.220237	898.391	32.5755	37.4061	0.000433405
-0.0535609	0.636557	780.78	0.24	0.218321	898.409	32.6925	37.2813	0.000259487
-0.0535547	0.432807	780.78	0.24	0.216593	898.422	32.7958	37.1707	0.000119958
-0.0535512	0.216007	780.78	0.24	0.215274	898.431	32.8705	37.0953	2.98797e-05
-0.0535506	-0.0116279	780.78	0.24	0.214236	898.435	32.9441	37.0114	8.65853e-08
-0.053553	-0.247169	780.78	0.24	0.213495	898.433	33.0142	36.9427	3.91229e-05
-0.0535585	-0.490262	780.78	0.24	0.212907	898.426	33.0657	36.888	0.000153921
-0.0535671	-0.736923	780.78	0.24	0.212439	898.413	33.0942	36.8646	0.000347765
-0.053579	-0.987406	780.78	0.24	0.211981	898.395	33.1102	36.855	0.000624357
-0.0535941	-1.24211	780.78	0.24	0.211483	898.371	33.111	36.8627	0.000988013
-0.0536125	-1.50207	780.78	0.24	0.210847	898.341	33.0972	36.8865	0.00144485
-0.0536342	-1.7695	780.78	0.24	0.209996	898.305	33.0722	36.9234	0.00200513
-0.0536595	-2.04604	780.78	0.24	0.208868	898.263	33.0421	36.9661	0.00268084
-0.0536885	-2.33357	780.78	0.24	0.207454	898.214	33.019	37.0042	0.00348724
-0.0537212	-2.63521	780.78	0.24	0.205792	898.158	33.0132	37.0307	0.00444706
-0.053758	-2.95422	780.78	0.24	0.203871	898.096	33.0491	37.0105	0.00558889
-0.053799	-3.28817	780.78	0.24	0.202223	898.026	33.1082	36.9696	0.0069239
-0.0538445	-3.63535	780.78	0.24	0.201086	897.949	33.1267	36.9703	0.00846318
-0.0538944	-3.99155	780.78	0.24	0.200468	897.863	33.0938	37.0289	0.0102029
-0.053949	-4.35005	780.78	0.24	0.200568	897.769	33.0347	37.1203	0.012118
-0.0540081	-4.70711	780.78	0.24	0.201084	897.667	32.9922	37.1871	0.0141889
-0.0540718	-5.05691	780.78	0.24	0.202148	897.557	32.9599	37.2526	0.0163761
-0.0541398	-5.3969	780.78	0.24	0.203118	897.439	32.9428	37.2954	0.0186522
-0.0542121	-5.72889	780.78	0.24	0.203985	897.313	32.9472	37.3563	0.0210176
-0.0542946	-6.99597	780.78	0.24	0.20535	897.179	32.9742	37.6596	0.0313427
-0.0543872	-7.30708	780.78	0.24	0.206528	897.017	33.0444	37.6924	0.0341924
-0.0544837	-7.60801	780.78	0.24	0.207834	896.847	32.9843	37.8031	0.0370666
-0.0545839	-7.89814	780.78	0.24	0.209257	896.671	32.9536	37.8766	0.0399476
-0.0546877	-8.16831	780.78	0.24	0.211805	896.488	32.9368	37.9384	0.0427273
-0.0547947	-8.41614	780.78	0.24	0.214259	896.299	32.9414	37.9823	0.0453594
-0.0549047	-8.64564	780.78	0.24	0.216625	896.104	32.96	38.015	0.047867
-0.0550174	-8.85018	780.78	0.24	0.219107	895.905	32.9829	38.0454	0.0501586
-0.0551325	-9.03316	780.78	0.24	0.221663	895.7	33.0047	38.077	0.0522541
-0.0552498	-9.19197	780.78	0.24	0.224562	895.492	33.0346	38.1	0.0541076
-0.0553688	-9.32504	780.78	0.24	0.227595	895.281	33.0774	38.1134	0.0556856
-0.0554892	-9.42953	780.78	0.24	0.230832	895.066	33.1412	38.1052	0.0569405
-0.0556108	-9.50558	780.78	0.24	0.233706	894.849	33.2019	38.1018	0.0578626
-0.055733	-9.55967	780.78	0.24	0.236025	894.631	33.2469	38.1158	0.0585231
-0.0558558	-9.59441	780.78	0.24	0.237984	894.412	33.2905	38.1424	0.0589492
-0.0559789	-9.61256	780.78	0.24	0.23959	894.192	33.3572	38.1358	0.0591724
-0.056102	-9.61812	780.78	0.24	0.240907	893.972	33.3849	38.1723	0.0592409
-0.0562251	-9.61386	780.78	0.24	0.241845	893.752	33.3792	38.2392	0.0591884
-0.0563482	-9.60217	780.78	0.24	0.242849	893.532	33.4112	38.2634	0.0590446
-0.0564709	-9.58113	780.78	0.24	0.244264	893.312	33.4546	38.2795	0.0587862
-0.0565933	-9.54364	780.78	0.24	0.246396	893.093	33.5284	38.2623	0.058327
-0.0567149	-9.48211	780.78	0.24	0.248952	892.875	33.6372	38.2149	0.0575773
-0.0568356	-9.39846	780.78	0.24	0.25165	892.659	33.7336	38.1973	0.0565659
-0.0569549	-9.28909	780.78	0.24	0.25443	892.445	33.8396	38.166	0.055257
-0.0570726	-9.15584	780.78	0.24	0.256896	892.233	33.9431	38.1251	0.0536832
-0.0571884	-9.00316	780.78	0.24	0.259002	892.025	34.0528	38.0801	0.0519076
-0.0573021	-8.83147	780.78	0.24	0.260915	891.82	34.1659	38.0309	0.0499468
-0.0574134	-8.64447	780.78	0.24	0.262413	891.619	34.2874	37.9711	0.047854
-0.0575222	-8.44737	780.78	0.24	0.263665	891.423	34.421	37.9015	0.0456967
-0.0576284	-8.23854	780.78	0.24	0.26522	891.231	34.5425	37.8445	0.0434652
-0.0577317	-8.01186	780.78	0.24	0.266941	891.045	34.6679	37.7786	0.0411063
-0.057832	-7.77125	780.78	0.24	0.268427	890.863	34.7921	37.7125	0.0386743
-0.0579291	-7.51808	780.78	0.24	0.269674	890.687	34.9107	37.6512	0.0361955
-0.0580229	-7.25554	780.78	0.24	0.270679	890.517	35.0212	37.597	0.0337117
-0.0581132	-6.98406	780.78	0.24	0.271749	890.353	35.1126	37.5583	0.0312361
-0.0582	-6.70373	780.78	0.24	0.273018	890.196	35.1673	37.5505	0.0287789
-0.058283	-6.40759	780.78	0.24	0.274576	890.044	35.1901	37.5841	0.0262924
-0.0583621	-6.09938	780.78	0.24	0.275832	889.9	35.2076	37.6151	0.0238239
-0.0584372	-5.78292	780.78	0.24	0.277316	889.763	35.25	37.6235	0.0214158
-0.058508	-5.44788	780.78	0.24	0.279126	889.633	35.3134	37.6075	0.0190063
-0.0585745	-5.09886	780.78	0.24	0.280693	889.511	35.3725	37.5913	0.016649
-0.0586363	-4.73384	780.78	0.24	0.282236	889.397	35.4199	37.5873	0.0143505
-0.0586933	-4.35638	780.78	0.24	0.283459	889.291	35.4662	37.5821	0.0121533
-0.0587453	-3.96817	780.78	0.24	0.284628	889.194	35.512	37.5739	0.0100838
-0.0587924	-3.57083	780.78	0.24	0.285485	889.106	35.5504	37.5709	0.00816545
-0.0588342	-3.16409	780.78	0.24	0.286566	889.027	35.5875	37.5683	0.00641121
-0.0588707	-2.74965	780.78	0.24	0.287147	888.957	35.635	37.5512	0.00484169
-0.0589019	-2.33154	780.78	0.24	0.287791	888.897	35.6526	37.5694	0.00348117
-0.0589277	-1.90496	780.78	0.24	0.288591	888.846	35.6287	37.6213	0.00232387
-0.0589479	-1.47196	780.78	0.24	0.289187	888.805	35.5808	37.6917	0.0013875
-0.0589626	-1.03366	780.78	0.24	0.289658	888.774	35.4998	37.7994	0.000684223
-0.0589716	-0.592868	780.78	0.24	0.28972	888.753	35.4055	37.9125	0.00022509
-0.058975	-0.154834	780.78	0.24	0.289339	888.742	35.3179	38.0182	1.53524e-05
-0.0589728	0.279264	780.78	0.24	0.288685	888.741	35.2424	38.1069	4.99427e-05
-0.058965	0.709966	780.78	0.24	0.288132	888.75	35.1672	38.202	0.000322788
-0.0589519	1.1356	780.78	0.24	0.287533	888.769	35.0866	38.2944	0.000825834
-0.0589333	1.55307	780.78	0.24	0.286181	888.797	35.0403	38.3488	0.00154463
-0.0589095	1.95964	780.78	0.24	0.285186	888.835	35.0086	38.3916	0.00245921
-0.0588806	2.35627	780.78	0.24	0.283983	888.882	34.9879	38.4138	0.00355543
-0.0588466	2.74448	780.78	0.24	0.283001	888.937	34.9859	38.4146	0.00482349
-0.0588078	3.12326	780.78	0.24	0.281811	889.002	35.0043	38.3944	0.00624678
-0.0587643	3.49161	780.78	0.24	0.280868	889.075	35.0079	38.3774	0.00780715
-0.0587161	3.85557	780.78	0.24	0.280439	889.157	34.9833	38.3925	0.00951959
-0.0586632	4.21698	780.78	0.24	0.280276	889.247	34.9441	38.4226	0.0113879
-0.0586058	4.56934	780.78	0.24	0.280441	889.345	34.9218	38.4387	0.0133705
-0.0585438	4.93147	780.78	0.24	0.28025	889.451	34.9244	38.3967	0.0155738
-0.0584773	5.27143	780.78	0.24	0.278028	889.565	34.7918	38.5856	0.017795
-0.0584066	5.60465	780.78	0.24	0.275994	889.688	34.781	38.5764	0.0201158
-0.0583318	5.92027	780.78	0.24	0.27459	889.817	34.771	38.5315	0.0224452
-0.0582529	6.2364	780.78	0.24	0.275511	889.954	34.6529	38.6543	0.0249063
-0.05817	6.55731	780.78	0.24	0.275841	890.098	34.6045	38.6749	0.0275355
-0.0580829	6.8848	780.78	0.24	0.276793	890.249	34.6508	38.5598	0.0303545
-0.0579916	7.21482	780.78	0.24	0.276194	890.408	34.5671	38.6452	0.0333344
-0.0578961	7.53703	780.78	0.24	0.275101	890.574	34.5264	38.6464	0.0363782
-0.0577965	7.85143	780.78	0.24	0.274351	890.748	34.5187	38.6194	0.0394765
-0.057693	8.15818	780.78	0.24	0.273147	890.929	34.5156	38.5867	0.0426214
-0.0575857	8.45298	780.78	0.24	0.271767	891.117	34.5015	38.5606	0.0457574
-0.0574747	8.73552	780.78	0.24	0.27022	891.312	34.468	38.5564	0.0488674
-0.0573602	9.00418	780.78	0.24	0.268566	891.513	34.4319	38.5527	0.0519194
-0.0572425	9.25509	780.78	0.24	0.266748	891.72	34.4018	38.5393	0.0548533
-0.0571217	9.4918	780.78	0.24	0.265126	891.932	34.3713	38.5223	0.0576951
-0.056998	9.71621	780.78	0.24	0.263637	892.151	34.3329	38.5181	0.0604554
-0.0568715	9.92749	780.78	0.24	0.262598	892.374	34.2713	38.5413	0.0631131
-0.0567424	10.1349	780.78	0.24	0.26214	892.602	34.216	38.5456	0.0657777
-0.0566106	10.3372	780.78	0.24	0.261367	892.835	34.1628	38.5537	0.0684297
-0.0564764	10.5292	780.78	0.24	0.260204	893.072	34.111	38.5568	0.0709953
-0.0563398	10.7137	780.78	0.24	0.259435	893.314	34.0672	38.555	0.0735058
-0.0562009	10.891	780.78	0.24	0.258396	893.561	34.0345	38.5389	0.0759584
-0.0560598	11.0573	780.78	0.24	0.257336	893.811	34.0087	38.51	0.0782962
-0.0559167	11.2156	780.78	0.24	0.256407	894.065	33.9872	38.4847	0.0805543
-0.0557716	11.3667	780.78	0.24	0.255389	894.323	33.9665	38.4652	0.0827383
-0.0556247	11.5066	780.78	0.24	0.254158	894.584	33.9289	38.448	0.0847888
-0.0554761	11.6354	780.78	0.24	0.252791	894.848	33.8802	38.4437	0.0866966
-0.0553259	11.7519	780.78	0.24	0.251359	895.116	33.8323	38.4361	0.0884419
-0.0551744	11.8524	780.78	0.24	0.249864	895.386	33.7842	38.4368	0.0899614
-0.0550218	11.9413	780.78	0.24	0.248172	895.658	33.7536	38.4144	0.0913152
-0.0548681	12.0157	780.78	0.24	0.246482	895.933	33.7309	38.3845	0.0924568
-0.0547137	12.0736	780.78	0.24	0.2445	896.209	33.7077	38.3593	0.0933505
-0.0545587	12.114	780.78	0.24	0.242506	896.486	33.6855	38.3326	0.0939758
-0.0544033	12.1376	780.78	0.24	0.240719	896.764	33.6819	38.2775	0.094343
-0.0542478	12.144	780.78	0.24	0.238931	897.043	33.6755	38.2276	0.0944412
-0.0540923	12.1354	780.78	0.24	0.237247	897.322	33.6545	38.1978	0.0943083
-0.0539371	12.1127	780.78	0.24	0.235567	897.601	33.626	38.1775	0.0939553
-0.0537824	12.0735	780.78	0.24	0.23375	897.88	33.5899	38.1625	0.093349
-0.0536283	12.0183	780.78	0.24	0.231926	898.157	33.5424	38.1614	0.0924963
-0.053475	11.948	780.78	0.24	0.230336	898.433	33.5097	38.1344	0.0914179
-0.0533228	11.8622	780.78	0.24	0.228732	898.708	33.4803	38.1166	0.0901092
-0.0531718	11.7627	780.78	0.24	0.227076	898.98	33.4411	38.1104	0.0886039
-0.0530223	11.6488	780.78	0.24	0.225538	899.25	33.3971	38.1084	0.0868972
-0.0528743	11.5202	780.78	0.24	0.22379	899.518	33.3471	38.1119	0.0849881
-0.0527282	11.3723	780.78	0.24	0.221747	899.783	33.2809	38.1332	0.0828212
-0.0525841	11.2068	780.78	0.24	0.219653	900.044	33.1951	38.1823	0.0804279
-0.0524424	11.0229	780.78	0.24	0.217696	900.301	33.1384	38.1941	0.0778102
-0.0523031	10.8209	780.78	0.24	0.215557	900.554	33.0882	38.2066	0.0749839
-0.0521667	10.5972	780.78	0.24	0.213105	900.803	33.0377	38.2227	0.071916
-0.0520333	10.3479	780.78	0.24	0.210982	901.046	32.9814	38.2396	0.0685715
-0.0519033	10.086	780.78	0.24	0.209193	901.283	32.9053	38.285	0.065145
-0.0517768	9.80658	780.78	0.24	0.207245	901.514	32.8206	38.3356	0.0615852
-0.051654	9.5099	780.78	0.24	0.205244	901.739	32.729	38.4006	0.0579153
-0.0515353	9.19458	780.78	0.24	0.203279	901.957	32.6305	38.4725	0.0541383
-0.0514207	8.85423	780.78	0.24	0.201778	902.168	32.5474	38.5613	0.0502045
-0.0513106	8.51141	780.78	0.24	0.200687	902.37	32.4466	38.6429	0.0463921
-0.0512053	8.11809	780.78	0.24	0.199629	902.565	32.2984	38.8793	0.0422036
-0.0511048	7.74767	780.78	0.24	0.197269	902.751	32.2215	38.9467	0.03844
-0.0510093	7.35764	780.78	0.24	0.195008	902.928	32.169	38.9659	0.0346672
-0.050919	6.95199	780.78	0.24	0.193938	903.095	32.0507	39.0798	0.03095
-0.050834	6.53572	780.78	0.24	0.192771	903.254	31.9298	39.1896	0.0273544
-0.0507544	6.10601	780.78	0.24	0.191213	903.403	31.8293	39.2765	0.0238757
-0.0506804	5.66292	780.78	0.24	0.189849	903.541	31.7327	39.3611	0.0205363
-0.0506123	5.20815	780.78	0.24	0.188935	903.67	31.6271	39.4641	0.0173703
-0.05055	4.74742	780.78	0.24	0.188488	903.788	31.5305	39.561	0.014433
-0.0504936	4.28377	780.78	0.24	0.188447	903.895	31.4653	39.6297	0.0117515
-0.0504432	3.82003	780.78	0.24	0.188278	903.991	31.4243	39.6702	0.00934492
-0.0503988	3.35414	780.78	0.24	0.1881	904.077	31.4004	39.6969	0.00720451
-0.0503603	2.88544	780.78	0.24	0.187856	904.152	31.3889	39.713	0.00533168
-0.0503279	2.41339	780.78	0.24	0.187596	904.216	31.3976	39.7104	0.00372988
-0.0503015	1.94024	780.78	0.24	0.187498	904.269	31.419	39.6998	0.00241076
-0.0502812	1.46621	780.78	0.24	0.187428	904.312	31.4539	39.6729	0.00137669
-0.050267	0.990391	780.78	0.24	0.18724	904.343	31.4958	39.6418	0.000628137
-0.0502589	0.512171	780.78	0.24	0.187093	904.363	31.5349	39.6157	0.000167985
-0.050257	0.0336515	780.78	0.24	0.187077	904.372	31.5662	39.5999	7.25189e-07
-0.0502612	-0.447557	780.78	0.24	0.18711	904.37	31.5999	39.5776	0.000128274
-0.0502715	-0.924862	780.78	0.24	0.187575	904.357	31.6231	39.5758	0.000547766
-0.0502879	-1.39945	780.78	0.24	0.18815	904.333	31.6455	39.5749	0.00125416
-0.0503103	-1.86718	780.78	0.24	0.188841	904.298	31.672	39.5682	0.00223261
-0.0503386	-2.32867	780.78	0.24	0.189595	904.252	31.7031	39.5609	0.00347262
-0.0503729	-2.78452	780.78	0.24	0.190904	904.195	31.7332	39.5622	0.00496525
-0.0504127	-3.22206	780.78	0.24	0.192848	904.128	31.7686	39.5564	0.00664827
-0.0504581	-3.64386	780.78	0.24	0.194735	904.051	31.8	39.5536	0.00850286
-0.0505087	-4.0499	780.78	0.24	0.196793	903.964	31.8208	39.5591	0.0105034
-0.0505642	-4.43417	780.78	0.24	0.199152	903.868	31.8387	39.5698	0.0125912
-0.0506245	-4.79603	780.78	0.24	0.20157	903.763	31.8531	39.5908	0.0147301
-0.0506892	-5.13688	780.78	0.24	0.203877	903.65	31.8636	39.6174	0.0168982
-0.0507581	-5.45733	780.78	0.24	0.206096	903.53	31.867	39.6532	0.0190722
-0.0508309	-5.7586	780.78	0.24	0.208198	903.402	31.8628	39.7012	0.0212361
-0.0509074	-6.04151	780.78	0.24	0.21029	903.267	31.8611	39.7429	0.023374
-0.0509873	-6.30447	780.78	0.24	0.212592	903.125	31.8556	39.7923	0.025453
-0.0510704	-6.54889	780.78	0.24	0.215051	902.978	31.8593	39.8306	0.0274648
-0.0511564	-6.76754	780.78	0.24	0.217626	902.825	31.8677	39.8682	0.0293294
-0.051245	-6.96533	780.78	0.24	0.219931	902.668	31.8772	39.9033	0.0310689
-0.0513359	-7.14048	780.78	0.24	0.222588	902.506	31.8937	39.9304	0.032651
-0.0514289	-7.29141	780.78	0.24	0.225285	902.34	31.9269	39.9457	0.0340459
-0.0515235	-7.41858	780.78	0.24	0.227741	902.17	31.967	39.9553	0.0352438
-0.0516195	-7.52562	780.78	0.24	0.229893	901.998	32.015	39.96	0.0362682
-0.0517168	-7.61435	780.78	0.24	0.231865	901.824	32.0785	39.948	0.0371285
-0.051815	-7.68573	780.78	0.24	0.233799	901.648	32.1378	39.9414	0.0378279
-0.051914	-7.73991	780.78	0.24	0.23561	901.47	32.2014	39.931	0.038363
-0.0520135	-7.77674	780.78	0.24	0.237591	901.291	32.2723	39.9125	0.038729
-0.0521133	-7.79642	780.78	0.24	0.239703	901.111	32.3359	39.8952	0.0389252
-0.0522131	-7.79392	780.78	0.24	0.242071	900.931	32.3866	39.8987	0.0389003
-0.0523127	-7.77217	780.78	0.24	0.244027	900.751	32.4536	39.8846	0.0386835
-0.0524119	-7.73265	780.78	0.24	0.246114	900.572	32.5414	39.8503	0.0382912
-0.0525104	-7.67444	780.78	0.24	0.24825	900.394	32.6414	39.8044	0.0377168
-0.0526079	-7.59648	780.78	0.24	0.250295	900.218	32.7472	39.7509	0.0369544
-0.0527043	-7.50074	780.78	0.24	0.252131	900.043	32.8511	39.7	0.0360288
-0.0527993	-7.38956	780.78	0.24	0.253793	899.871	32.9641	39.6379	0.0349686
-0.0528928	-7.26444	780.78	0.24	0.255465	899.701	33.0669	39.5859	0.0337944
-0.0529845	-7.1217	780.78	0.24	0.257419	899.535	33.1805	39.5227	0.0324794
-0.0530741	-6.95958	780.78	0.24	0.259846	899.371	33.2663	39.4952	0.0310176
-0.0531615	-6.77461	780.78	0.24	0.26235	899.212	33.3354	39.4766	0.0293907
-0.0532463	-6.56805	780.78	0.24	0.264608	899.057	33.4068	39.4533	0.0276258
-0.0533283	-6.34478	780.78	0.24	0.266349	898.907	33.4762	39.4328	0.0257795
-0.0534073	-6.10618	780.78	0.24	0.267789	898.763	33.5486	39.4063	0.0238771
-0.0534831	-5.85646	780.78	0.24	0.269103	898.623	33.603	39.3958	0.021964
-0.0535556	-5.59436	780.78	0.24	0.270289	898.49	33.6659	39.3763	0.0200421
-0.0536246	-5.32153	780.78	0.24	0.271375	898.363	33.7592	39.3207	0.0181349
-0.05369	-5.0379	780.78	0.24	0.272573	898.242	33.8486	39.2772	0.0162533
-0.0537517	-4.74288	780.78	0.24	0.273951	898.128	33.9405	39.2256	0.0144054
-0.0538095	-4.43447	780.78	0.24	0.275456	898.021	34.0563	39.1444	0.0125929
-0.0538633	-4.11501	780.78	0.24	0.276655	897.92	34.1598	39.0743	0.0108438
-0.0539128	-3.78642	780.78	0.24	0.277846	897.828	34.2354	39.0232	0.00918118
-0.053958	-3.44269	780.78	0.24	0.279418	897.743	34.2842	39.0035	0.00758993
-0.0539987	-3.08757	780.78	0.24	0.280443	897.665	34.3388	38.9761	0.00610484
-0.0540347	-2.72171	780.78	0.24	0.28171	897.597	34.378	38.9726	0.00474377
-0.054066	-2.3436	780.78	0.24	0.283107	897.536	34.435	38.9453	0.0035173
-0.0540923	-1.95591	780.78	0.24	0.283982	897.484	34.4888	38.9103	0.00244984
-0.0541135	-1.55837	780.78	0.24	0.284921	897.442	34.513	38.9043	0.00155518
-0.0541296	-1.15454	780.78	0.24	0.285285	897.408	34.5056	38.9276	0.000853605
-0.0541405	-0.750192	780.78	0.24	0.285005	897.384	34.4709	38.9755	0.000360401
-0.0541463	-0.351708	780.78	0.24	0.284191	897.369	34.4364	39.0205	7.92145e-05
-0.054147	0.0402766	780.78	0.24	0.283557	897.363	34.4056	39.0544	1.03884e-06
-0.0541427	0.429537	780.78	0.24	0.283153	897.366	34.3739	39.0916	0.000118152
-0.0541335	0.812803	780.78	0.24	0.28217	897.379	34.3579	39.1107	0.000423069
-0.0541195	1.18801	780.78	0.24	0.281583	897.399	34.3325	39.1474	0.000903814
-0.0541007	1.55891	780.78	0.24	0.281288	897.429	34.2829	39.1847	0.00155627
-0.0540772	1.93052	780.78	0.24	0.281352	897.467	34.2396	39.2234	0.00238664
-0.0540489	2.30081	780.78	0.24	0.280911	897.513	34.2366	39.2168	0.00339002
-0.0540159	2.66304	780.78	0.24	0.27998	897.568	34.2329	39.2085	0.00454147
-0.0539784	3.01952	780.78	0.24	0.279181	897.632	34.2206	39.2029	0.0058387
-0.0539364	3.36668	780.78	0.24	0.278222	897.703	34.1735	39.2399	0.00725848
-0.05389	3.70234	780.78	0.24	0.276417	897.783	34.1333	39.2761	0.00877798
-0.0538395	4.02687	780.78	0.24	0.275404	897.87	34.0909	39.3003	0.0103843
-0.0537849	4.34157	780.78	0.24	0.274051	897.964	34.0333	39.3362	0.0120707
-0.0537264	4.64035	780.78	0.24	0.272263	898.066	33.9702	39.369	0.0137893
-0.0536642	4.92404	780.78	0.24	0.270202	898.174	33.8995	39.4174	0.0155269
-0.0535986	5.1862	780.78	0.24	0.267919	898.289	33.8137	39.471	0.0172242
-0.0535298	5.43101	780.78	0.24	0.26594	898.41	33.7224	39.5296	0.0188887
-0.053458	5.65359	780.78	0.24	0.26355	898.536	33.6249	39.594	0.0204687
-0.0533837	5.85758	780.78	0.24	0.26181	898.667	33.5253	39.6631	0.0219725
-0.0533068	6.04918	780.78	0.24	0.260091	898.803	33.4474	39.713	0.0234333
-0.0532276	6.22286	780.78	0.24	0.258134	898.944	33.39	39.7303	0.0247983
-0.0531463	6.38812	780.78	0.24	0.257885	899.088	33.2801	39.8174	0.0261329
-0.053063	6.54941	780.78	0.24	0.257539	899.236	33.2175	39.8453	0.0274691
-0.0529776	6.70595	780.78	0.24	0.256398	899.388	33.2076	39.8213	0.028798
-0.0528903	6.85288	780.78	0.24	0.255682	899.543	33.2758	39.7019	0.0300738
-0.0528012	6.99271	780.78	0.24	0.254435	899.702	33.3415	39.6107	0.0313136
-0.0527104	7.11607	780.78	0.24	0.252111	899.864	33.3099	39.6086	0.0324282
-0.0526183	7.20567	780.78	0.24	0.249379	900.028	33.2741	39.6114	0.0332499
-0.0525253	7.28562	780.78	0.24	0.247463	900.195	33.2333	39.6155	0.0339918
-0.0524313	7.34608	780.78	0.24	0.245278	900.363	33.1648	39.6465	0.0345584
-0.0523368	7.38827	780.78	0.24	0.243638	900.533	33.096	39.6823	0.0349564
-0.0522419	7.41878	780.78	0.24	0.242174	900.704	33.0144	39.7266	0.0352457
-0.0521467	7.43501	780.78	0.24	0.240511	900.875	32.931	39.7733	0.0354001
-0.0520515	7.43424	780.78	0.24	0.238831	901.047	32.8607	39.815	0.0353928
-0.0519564	7.4208	780.78	0.24	0.237279	901.218	32.799	39.8458	0.0352649
-0.0518616	7.39169	780.78	0.24	0.235537	901.389	32.7337	39.872	0.0349888
-0.0517674	7.34546	780.78	0.24	0.233451	901.56	32.6698	39.9005	0.0345524
-0.0516739	7.2803	780.78	0.24	0.231107	901.729	32.6092	39.926	0.0339422
-0.0515815	7.1923	780.78	0.24	0.228916	901.897	32.5457	39.9644	0.0331266
-0.0514903	7.08776	780.78	0.24	0.226932	902.063	32.4864	39.9889	0.0321706
-0.0514007	6.96364	780.78	0.24	0.224628	902.226	32.4298	40.0101	0.0310537
-0.0513129	6.8187	780.78	0.24	0.222389	902.386	32.3872	40.0155	0.0297745
-0.0512272	6.65346	780.78	0.24	0.220092	902.542	32.3401	40.0308	0.0283489
-0.0511437	6.46535	780.78	0.24	0.217597	902.695	32.2905	40.0523	0.0267686
-0.0510629	6.25486	780.78	0.24	0.215155	902.844	32.2546	40.0631	0.025054
-0.050985	6.02425	780.78	0.24	0.213052	902.987	32.2066	40.0934	0.0232406
-0.0509102	5.77473	780.78	0.24	0.21092	903.125	32.1468	40.1268	0.0213553
-0.0508388	5.50279	780.78	0.24	0.208262	903.257	32.0886	40.159	0.0193913
-0.0507712	5.20414	780.78	0.24	0.205746	903.383	32.0097	40.2146	0.0173436
-0.0507076	4.88643	780.78	0.24	0.203446	903.501	31.9355	40.2682	0.0152906
-0.0506482	4.54509	780.78	0.24	0.200681	903.613	31.9176	40.263	0.013229
-0.0505935	4.18319	780.78	0.24	0.198835	903.716	31.8831	40.2694	0.0112062
-0.0505435	3.80962	780.78	0.24	0.198323	903.81	31.8157	40.3246	0.00929406
-0.0504983	3.43183	780.78	0.24	0.197973	903.896	31.796	40.3181	0.00754211
-0.050458	3.05134	780.78	0.24	0.197476	903.974	31.7661	40.3322	0.00596242
-0.0504226	2.6633	780.78	0.24	0.196442	904.042	31.7063	40.38	0.00454236
-0.0503923	2.26239	780.78	0.24	0.194763	904.101	31.6564	40.4241	0.00327775
-0.0503674	1.84483	780.78	0.24	0.192736	904.152	31.6664	40.383	0.00217948
-0.0503478	1.41525	780.78	0.24	0.192321	904.192	31.5984	40.4564	0.00128265
-0.0503339	0.984134	780.78	0.24	0.192202	904.222	31.5389	40.5084	0.000620226
-0.0503254	0.549054	780.78	0.24	0.191563	904.242	31.5285	40.5118	0.000193051
-0.0503226	0.105601	780.78	0.24	0.190641	904.253	31.5368	40.4993	7.14126e-06
-0.0503256	-0.346216	780.78	0.24	0.189828	904.252	31.5505	40.481	7.67602e-05
-0.0503344	-0.804263	780.78	0.24	0.188999	904.242	31.5672	40.4633	0.000414226
-0.0503492	-1.27104	780.78	0.24	0.188024	904.22	31.5944	40.4372	0.00103457
-0.05037	-1.7487	780.78	0.24	0.186987	904.188	31.6309	40.402	0.00195828
-0.0503971	-2.23251	780.78	0.24	0.186259	904.145	31.6662	40.3858	0.00319175
-0.0504304	-2.722	780.78	0.24	0.185854	904.09	31.7051	40.3619	0.0047448
-0.0504699	-3.21491	780.78	0.24	0.185666	904.025	31.7994	40.2772	0.00661878
-0.0505159	-3.70892	780.78	0.24	0.185463	903.947	31.9581	40.1223	0.00880919
-0.0505681	-4.20354	780.78	0.24	0.185575	903.859	32.0883	40.0103	0.0113155
-0.0506267	-4.6997	780.78	0.24	0.185274	903.758	32.2011	39.9117	0.0141443
-0.0506917	-5.19822	780.78	0.24	0.184981	903.647	32.3018	39.8426	0.0173041
-0.0507631	-5.70269	780.78	0.24	0.184707	903.524	32.4257	39.7228	0.0208258
-0.0508409	-6.20418	780.78	0.24	0.185443	903.389	32.5357	39.6277	0.0246496
-0.0509251	-6.69524	780.78	0.24	0.18671	903.242	32.6379	39.5456	0.0287061
-0.0510155	-7.17509	780.78	0.24	0.188376	903.085	32.7386	39.4601	0.0329682
-0.0511118	-7.63531	780.78	0.24	0.190542	902.916	32.8253	39.401	0.0373331
-0.0512138	-8.0773	780.78	0.24	0.192549	902.737	32.9116	39.3423	0.0417805
-0.0513214	-8.50241	780.78	0.24	0.194673	902.548	32.9901	39.2918	0.046294
-0.0514342	-8.90457	780.78	0.24	0.197163	902.349	33.0616	39.2532	0.050777
-0.0515519	-9.28592	780.78	0.24	0.199423	902.141	33.1508	39.1991	0.0552193
-0.0516743	-9.64713	780.78	0.24	0.201584	901.924	33.2528	39.135	0.0595988
-0.0518012	-9.98704	780.78	0.24	0.204339	901.699	33.3128	39.1298	0.0638727
-0.0519321	-10.2998	780.78	0.24	0.207378	901.467	33.3763	39.1066	0.067936
-0.0520668	-10.5871	780.78	0.24	0.210008	901.227	33.4755	39.0498	0.0717782
-0.052205	-10.8519	780.78	0.24	0.212392	900.981	33.5953	38.9755	0.0754143
-0.0523463	-11.0981	780.78	0.24	0.214652	900.729	33.7211	38.8998	0.0788751
-0.0524906	-11.322	780.78	0.24	0.217281	900.472	33.8652	38.7971	0.0820895
-0.0526376	-11.5208	780.78	0.24	0.220247	900.21	34.0025	38.7137	0.084998
-0.0527868	-11.6924	780.78	0.24	0.223297	899.943	34.1491	38.6201	0.0875489
-0.0529379	-11.8352	780.78	0.24	0.226355	899.673	34.2941	38.5271	0.0896996
-0.0530907	-11.951	780.78	0.24	0.229479	899.399	34.4127	38.4602	0.0914635
-0.0532446	-12.0358	780.78	0.24	0.232997	899.123	34.497	38.4318	0.0927661
-0.0533993	-12.0904	780.78	0.24	0.236204	898.846	34.5713	38.4129	0.0936103
-0.0535544	-12.1167	780.78	0.24	0.23927	898.567	34.6426	38.3985	0.0940175
-0.0537096	-12.1171	780.78	0.24	0.242033	898.288	34.7074	38.3922	0.0940246
-0.0538646	-12.0949	780.78	0.24	0.244606	898.01	34.7652	38.3908	0.0936798
-0.0540191	-12.0474	780.78	0.24	0.247391	897.732	34.8094	38.4087	0.092945
-0.0541727	-11.9765	780.78	0.24	0.249912	897.455	34.8455	38.4328	0.091855
-0.0543252	-11.8831	780.78	0.24	0.252269	897.18	34.8654	38.471	0.090427
-0.0544763	-11.7689	780.78	0.24	0.254662	896.908	34.8707	38.5255	0.0886977
-0.0546258	-11.6331	780.78	0.24	0.256904	896.638	34.8673	38.5869	0.0866633
-0.0547733	-11.4785	780.78	0.24	0.258904	896.372	34.8495	38.6645	0.0843746
-0.0549187	-11.3073	780.78	0.24	0.260831	896.11	34.8204	38.7517	0.0818761
-0.0550617	-11.1181	780.78	0.24	0.262956	895.851	34.7726	38.8585	0.0791592
-0.0552021	-10.9083	780.78	0.24	0.265034	895.597	34.7161	38.9729	0.0762008
-0.0553396	-10.6829	780.78	0.24	0.266864	895.348	34.6607	39.083	0.0730839
-0.0554741	-10.4396	780.78	0.24	0.268626	895.105	34.5995	39.1995	0.0697925
-0.0556053	-10.1817	780.78	0.24	0.27016	894.867	34.5417	39.3098	0.0663865
-0.0557332	-9.91153	780.78	0.24	0.271375	894.635	34.4842	39.4198	0.0629105
-0.0558574	-9.63082	780.78	0.24	0.272636	894.41	34.4235	39.5313	0.0593974
-0.0559779	-9.33883	780.78	0.24	0.273835	894.191	34.3624	39.6428	0.0558504
-0.0560946	-9.03553	780.78	0.24	0.274958	893.978	34.3026	39.7494	0.0522816
-0.0562074	-8.72408	780.78	0.24	0.275618	893.773	34.245	39.8523	0.0487395
-0.0563161	-8.40919	780.78	0.24	0.27617	893.576	34.2037	39.9343	0.0452845
-0.0564207	-8.08762	780.78	0.24	0.276855	893.385	34.1671	40.0119	0.0418874
-0.0565211	-7.75881	780.78	0.24	0.277665	893.202	34.146	40.0682	0.0385507
-0.0566173	-7.42373	780.78	0.24	0.278411	893.026	34.1313	40.1204	0.0352928
-0.0567091	-7.08309	780.78	0.24	0.279151	892.858	34.1282	40.1559	0.0321283
-0.0567964	-6.73228	780.78	0.24	0.280233	892.698	34.1302	40.1844	0.0290246
-0.0568792	-6.37287	780.78	0.24	0.281187	892.546	34.1222	40.2194	0.0260083
-0.0569573	-6.00486	780.78	0.24	0.28247	892.403	34.1087	40.2582	0.0230912
-0.0570305	-5.62117	780.78	0.24	0.284029	892.268	34.0952	40.296	0.0202346
-0.0570987	-5.22401	780.78	0.24	0.285472	892.142	34.0716	40.3411	0.0174763
-0.0571617	-4.81502	780.78	0.24	0.286766	892.024	34.0537	40.3771	0.014847
-0.0572193	-4.39539	780.78	0.24	0.287868	891.917	34.0369	40.408	0.0123719
-0.0572715	-3.96639	780.78	0.24	0.288789	891.819	34.0229	40.4345	0.0100747
-0.0573181	-3.5301	780.78	0.24	0.289722	891.731	34.022	40.4399	0.00798022
-0.0573591	-3.08373	780.78	0.24	0.290695	891.653	34.0219	40.4438	0.00608966
-0.0573942	-2.62974	780.78	0.24	0.291416	891.585	34.012	40.4547	0.00442862
-0.0574235	-2.17101	780.78	0.24	0.291659	891.527	34.0045	40.4595	0.00301831
-0.0574469	-1.7125	780.78	0.24	0.291456	891.48	34.0003	40.4568	0.00187802
-0.0574644	-1.25648	780.78	0.24	0.290947	891.444	34.0011	40.4459	0.001011
-0.0574762	-0.808951	780.78	0.24	0.290267	891.418	33.9972	40.4244	0.00041907
-0.0574823	-0.363479	780.78	0.24	0.289936	891.402	33.9624	40.4411	8.46059e-05
-0.0574827	0.0770457	780.78	0.24	0.289409	891.396	33.9278	40.4496	3.80136e-06
-0.0574775	0.513299	780.78	0.24	0.288641	891.4	33.894	40.4593	0.000168726
-0.0574668	0.941809	780.78	0.24	0.28777	891.415	33.8581	40.4646	0.000568024
-0.0574507	1.36071	780.78	0.24	0.287317	891.439	33.8074	40.479	0.00118569
-0.0574292	1.7846	780.78	0.24	0.28785	891.472	33.7559	40.4923	0.00203949
-0.0574022	2.21283	780.78	0.24	0.288272	891.515	33.747	40.4586	0.00313571
-0.0573697	2.64311	780.78	0.24	0.288185	891.568	33.7627	40.4006	0.00447375
-0.0573318	3.07058	780.78	0.24	0.287668	891.631	33.7711	40.3499	0.00603786
-0.0572884	3.49173	780.78	0.24	0.286745	891.704	33.7749	40.2997	0.00780767
-0.0572397	3.90202	780.78	0.24	0.285385	891.786	33.7701	40.253	0.00975034
-0.0571859	4.29941	780.78	0.24	0.283815	891.877	33.7535	40.2188	0.0118375
-0.0571271	4.68295	780.78	0.24	0.281953	891.978	33.7332	40.1817	0.0140437
-0.0570636	5.04855	780.78	0.24	0.27983	892.087	33.712	40.1419	0.016322
-0.0569956	5.39217	780.78	0.24	0.277669	892.204	33.709	40.1026	0.0186195
-0.0569234	5.71785	780.78	0.24	0.27547	892.329	33.7089	40.0384	0.0209366
-0.0568472	6.02381	780.78	0.24	0.273	892.462	33.6741	40.0069	0.0232372
-0.0567673	6.30668	780.78	0.24	0.270157	892.601	33.6108	40.0018	0.0254708
-0.056684	6.56424	780.78	0.24	0.267646	892.747	33.5825	39.955	0.0275937
-0.0565976	6.80032	780.78	0.24	0.265087	892.899	33.5552	39.9119	0.0296142
-0.0565084	7.01323	780.78	0.24	0.262275	893.055	33.5369	39.8557	0.0314976
-0.0564168	7.20031	780.78	0.24	0.2595	893.217	33.5224	39.7987	0.0332004
-0.056323	7.36264	780.78	0.24	0.256767	893.383	33.5076	39.7404	0.0347143
-0.0562273	7.49984	780.78	0.24	0.253904	893.552	33.4992	39.673	0.0360201
-0.0561301	7.61156	780.78	0.24	0.250945	893.724	33.4951	39.6006	0.0371013
-0.0560318	7.69566	780.78	0.24	0.247764	893.899	33.4955	39.5224	0.0379257
-0.0559326	7.75242	780.78	0.24	0.244721	894.076	33.4843	39.4579	0.0384872
-0.055833	7.78137	780.78	0.24	0.241614	894.254	33.485	39.3838	0.0387752
-0.0557333	7.78248	780.78	0.24	0.238453	894.432	33.5004	39.292	0.0387862
-0.0556339	7.75451	780.78	0.24	0.235469	894.61	33.5252	39.1926	0.0385079
-0.055535	7.70116	780.78	0.24	0.232511	894.788	33.5486	39.0918	0.0379799
-0.0554371	7.6207	780.78	0.24	0.229485	894.964	33.5652	38.9959	0.0371904
-0.0553405	7.5131	780.78	0.24	0.226408	895.138	33.5789	38.9084	0.0361476
-0.0552455	7.37773	780.78	0.24	0.223202	895.31	33.596	38.8196	0.0348567
-0.0551526	7.2131	780.78	0.24	0.219893	895.478	33.6128	38.735	0.0333185
-0.055062	7.01758	780.78	0.24	0.216389	895.642	33.6423	38.6356	0.0315367
-0.0549743	6.7897	780.78	0.24	0.212782	895.802	33.6979	38.5148	0.0295218
-0.0548898	6.53202	780.78	0.24	0.209646	895.957	33.7558	38.4038	0.0273235
-0.0548088	6.24605	780.78	0.24	0.206451	896.105	33.8381	38.256	0.0249835
-0.0547318	5.92974	780.78	0.24	0.203286	896.247	33.9522	38.0905	0.0225171
-0.0546591	5.5873	780.78	0.24	0.20049	896.381	34.0878	37.8959	0.0199915
-0.054591	5.22231	780.78	0.24	0.198041	896.507	34.2172	37.7071	0.0174649
-0.0545278	4.83566	780.78	0.24	0.19585	896.625	34.3253	37.5523	0.0149745
-0.0544697	4.42926	780.78	0.24	0.193657	896.734	34.4242	37.3999	0.0125633
-0.0544171	4.00257	780.78	0.24	0.191433	896.833	34.4929	37.2755	0.0102593
-0.0543701	3.55827	780.78	0.24	0.189478	896.923	34.5247	37.1939	0.00810808
-0.0543289	3.09749	780.78	0.24	0.187812	897.002	34.5385	37.1346	0.00614415
-0.0542938	2.62066	780.78	0.24	0.185866	897.07	34.5554	37.0827	0.00439809
-0.0542649	2.12193	780.78	0.24	0.184878	897.128	34.6023	37.0278	0.00288339
-0.0542425	1.62509	780.78	0.24	0.184434	897.174	34.6569	36.9324	0.00169119
-0.0542265	1.12636	780.78	0.24	0.184682	897.208	34.6918	36.8888	0.000812448
-0.0542169	0.630654	780.78	0.24	0.185184	897.231	34.786	36.7383	0.000254697
-0.0542135	0.137885	780.78	0.24	0.185467	897.243	34.8773	36.6089	1.21751e-05
-0.0542164	-0.352221	780.78	0.24	0.185483	897.243	34.8954	36.5637	7.94459e-05
-0.0542257	-0.843132	780.78	0.24	0.185213	897.232	34.8734	36.5633	0.000455231
-0.0542412	-1.34086	780.78	0.24	0.184969	897.21	34.8764	36.5469	0.00115135
-0.0542632	-1.83495	780.78	0.24	0.185267	897.176	34.9185	36.4864	0.00215622
-0.0542914	-2.32524	780.78	0.24	0.185731	897.131	34.982	36.404	0.00346239
-0.0543258	-2.81084	780.78	0.24	0.186689	897.075	35.0221	36.3419	0.00505957
-0.0543664	-3.28453	780.78	0.24	0.188102	897.008	35.0444	36.3085	0.00690855
-0.0544129	-3.74413	780.78	0.24	0.189781	896.93	35.0615	36.2825	0.00897723
-0.0544651	-4.18729	780.78	0.24	0.191709	896.841	35.0659	36.2708	0.0112281
-0.0545229	-4.61288	780.78	0.24	0.193644	896.742	35.0683	36.2638	0.0136266
-0.0545859	-5.02209	780.78	0.24	0.195429	896.634	35.069	36.2611	0.0161514
-0.054654	-5.41339	780.78	0.24	0.19764	896.516	35.0622	36.2728	0.0187664
-0.0547269	-5.78533	780.78	0.24	0.199827	896.39	35.0589	36.2786	0.0214338
-0.0548044	-6.13682	780.78	0.24	0.202152	896.255	35.0521	36.292	0.0241173
-0.0548862	-6.46784	780.78	0.24	0.204541	896.112	35.0558	36.2984	0.0267892
-0.0549721	-6.778	780.78	0.24	0.206912	895.962	35.0656	36.2998	0.0294201
-0.0550617	-7.06648	780.78	0.24	0.209291	895.805	35.0803	36.2965	0.0319777
-0.0551548	-7.33392	780.78	0.24	0.211617	895.641	35.0956	36.295	0.034444
-0.0552511	-7.58096	780.78	0.24	0.213914	895.471	35.1135	36.2968	0.0368036
-0.0553504	-7.80754	780.78	0.24	0.21615	895.296	35.1388	36.2896	0.0390364
-0.0554524	-8.0149	780.78	0.24	0.218348	895.116	35.1628	36.2842	0.0411375
-0.0555569	-8.20142	780.78	0.24	0.22088	894.931	35.1711	36.3025	0.0430745
-0.0556635	-8.36299	780.78	0.24	0.223655	894.742	35.1632	36.3381	0.0447883
-0.055772	-8.50125	780.78	0.24	0.226666	894.549	35.1331	36.3955	0.0462815
-0.0558819	-8.61063	780.78	0.24	0.229779	894.354	35.0895	36.4662	0.0474801
-0.055993	-8.69072	780.78	0.24	0.233008	894.156	35.0361	36.5501	0.0483674
-0.0561049	-8.74251	780.78	0.24	0.236308	893.957	34.9735	36.6472	0.0489456
-0.0562171	-8.76424	780.78	0.24	0.239652	893.757	34.9038	36.7505	0.0491892
-0.0563293	-8.75665	780.78	0.24	0.242963	893.556	34.8395	36.8488	0.049104
-0.0564411	-8.71861	780.78	0.24	0.246383	893.356	34.77	36.9558	0.0486783
-0.0565522	-8.65045	780.78	0.24	0.249706	893.156	34.7079	37.0467	0.0479202
-0.0566621	-8.55382	780.78	0.24	0.253054	892.959	34.6609	37.1279	0.0468556
-0.0567704	-8.42853	780.78	0.24	0.256225	892.764	34.6304	37.198	0.0454931
-0.0568769	-8.27473	780.78	0.24	0.259396	892.572	34.6116	37.2503	0.0438479
-0.0569812	-8.0951	780.78	0.24	0.262706	892.384	34.598	37.2874	0.0419649
-0.0570829	-7.88026	780.78	0.24	0.266199	892.2	34.5808	37.3398	0.0397669
-0.0571815	-7.63793	780.78	0.24	0.269427	892.021	34.5739	37.3782	0.0373588
-0.0572767	-7.36519	780.78	0.24	0.272642	891.848	34.5806	37.4066	0.0347384
-0.0573682	-7.06299	780.78	0.24	0.275876	891.682	34.5882	37.4344	0.0319462
-0.0574555	-6.73502	780.78	0.24	0.278511	891.522	34.6106	37.4438	0.0290482
-0.0575385	-6.38592	780.78	0.24	0.280624	891.37	34.637	37.4451	0.0261149
-0.0576167	-6.01978	780.78	0.24	0.282564	891.227	34.6508	37.4636	0.0232061
-0.0576902	-5.63477	780.78	0.24	0.284741	891.091	34.6656	37.4751	0.0203326
-0.0577585	-5.22791	780.78	0.24	0.287368	890.965	34.6795	37.4844	0.0175024
-0.0578213	-4.79631	780.78	0.24	0.290068	890.848	34.6884	37.5042	0.0147318
-0.0578784	-4.34221	780.78	0.24	0.292477	890.741	34.689	37.5249	0.0120743
-0.0579295	-3.8674	780.78	0.24	0.294669	890.645	34.6858	37.5486	0.00957811
-0.0579743	-3.37269	780.78	0.24	0.296887	890.56	34.6839	37.5646	0.00728439
-0.0580126	-2.85853	780.78	0.24	0.29893	890.485	34.6931	37.5655	0.0052327
-0.0580441	-2.32741	780.78	0.24	0.300616	890.423	34.711	37.5551	0.00346887
-0.0580687	-1.78285	780.78	0.24	0.302104	890.373	34.7398	37.5316	0.0020355
-0.0580862	-1.22598	780.78	0.24	0.303286	890.336	34.7773	37.4946	0.000962515
-0.0580964	-0.65992	780.78	0.24	0.304239	890.311	34.8153	37.4518	0.000278884
-0.0580994	-0.0846881	780.78	0.24	0.305081	890.299	34.8503	37.4145	4.5929e-06
-0.0580949	0.497316	780.78	0.24	0.305783	890.301	34.8857	37.3699	0.000158382
-0.0580829	1.08525	780.78	0.24	0.30628	890.315	34.926	37.3183	0.000754226
-0.0580633	1.67724	780.78	0.24	0.306543	890.343	34.9683	37.2592	0.00180149
-0.0580361	2.27127	780.78	0.24	0.306759	890.385	34.9949	37.2237	0.00330354
-0.0580013	2.86676	780.78	0.24	0.306876	890.44	35.0075	37.185	0.00526289
-0.0579589	3.46307	780.78	0.24	0.307022	890.509	35.0127	37.1553	0.00768004
-0.0579088	4.06177	780.78	0.24	0.307053	890.591	35.0208	37.1146	0.0105651
-0.057851	4.65938	780.78	0.24	0.306811	890.687	35.0257	37.0736	0.0139026
-0.0577856	5.25451	780.78	0.24	0.306477	890.797	35.0336	37.0272	0.0176809
-0.0577126	5.84737	780.78	0.24	0.305969	890.92	35.0474	36.9707	0.0218959
-0.0576321	6.43536	780.78	0.24	0.305473	891.057	35.0528	36.9242	0.0265208
-0.0575441	7.01837	780.78	0.24	0.304698	891.207	35.0557	36.8691	0.0315438
-0.0574486	7.59278	780.78	0.24	0.303601	891.371	35.0583	36.8151	0.0369184
-0.057346	8.15671	780.78	0.24	0.30235	891.548	35.0525	36.7546	0.042606
-0.0572362	8.71082	780.78	0.24	0.30104	891.737	35.0236	36.7195	0.0485914
-0.0571194	9.25281	780.78	0.24	0.299487	891.939	34.986	36.6925	0.0548263
-0.0569958	9.78152	780.78	0.24	0.297948	892.154	34.9224	36.6973	0.0612709
-0.0568656	10.2942	780.78	0.24	0.296044	892.38	34.8516	36.7027	0.067862
-0.056729	10.7903	780.78	0.24	0.294071	892.618	34.7725	36.7144	0.0745606
-0.0565861	11.2701	780.78	0.24	0.292059	892.868	34.6841	36.7276	0.0813382
-0.0564374	11.7301	780.78	0.24	0.289747	893.128	34.5962	36.7377	0.0881144
-0.0562829	12.1692	780.78	0.24	0.287207	893.399	34.5057	36.752	0.0948346
-0.056123	12.5867	780.78	0.24	0.2846	893.68	34.4129	36.7653	0.101453
-0.055958	12.9794	780.78	0.24	0.281743	893.971	34.3139	36.7805	0.107882
-0.0557882	13.3456	780.78	0.24	0.278735	894.27	34.2063	36.8105	0.114057
-0.055614	13.6862	780.78	0.24	0.275779	894.578	34.091	36.8407	0.119953
-0.0554357	14.0004	780.78	0.24	0.272829	894.893	33.9594	36.8909	0.125522
-0.0552536	14.2892	780.78	0.24	0.269867	895.216	33.8268	36.9376	0.130754
-0.0550681	14.5512	780.78	0.24	0.266664	895.545	33.6917	36.9863	0.135593
-0.0548794	14.7838	780.78	0.24	0.263242	895.881	33.5621	37.029	0.139963
-0.0546881	14.9826	780.78	0.24	0.259689	896.221	33.4362	37.07	0.143753
-0.0544946	15.1519	780.78	0.24	0.256131	896.566	33.3139	37.1082	0.147019
-0.0542992	15.2892	780.78	0.24	0.252435	896.915	33.195	37.1414	0.149695
-0.0541024	15.3922	780.78	0.24	0.248531	897.267	33.0805	37.1716	0.15172
-0.0539045	15.4598	780.78	0.24	0.244522	897.621	32.9679	37.2032	0.153056
-0.0537062	15.492	780.78	0.24	0.240435	897.977	32.8623	37.2283	0.153693
-0.0535078	15.4889	780.78	0.24	0.236849	898.333	32.7397	37.284	0.153632
-0.0533097	15.4563	780.78	0.24	0.233689	898.69	32.6107	37.3373	0.152987
-0.0531123	15.3959	780.78	0.24	0.230798	899.045	32.4847	37.3889	0.151794
-0.0529159	15.3111	780.78	0.24	0.228133	899.399	32.3618	37.4376	0.150126
-0.0527209	15.2029	780.78	0.24	0.225576	899.752	32.2387	37.4935	0.148012
-0.0525274	15.0711	780.78	0.24	0.222865	900.101	32.1226	37.5387	0.145456
-0.0523359	14.9141	780.78	0.24	0.220089	900.448	32.01	37.5843	0.142441
-0.0521466	14.7323	780.78	0.24	0.217446	900.791	31.9003	37.6271	0.138989
-0.0519599	14.5263	780.78	0.24	0.214777	901.13	31.7979	37.6658	0.13513
-0.0517761	14.2949	780.78	0.24	0.211927	901.464	31.704	37.7012	0.130859
-0.0515955	14.0358	780.78	0.24	0.209122	901.793	31.6218	37.7224	0.126159
-0.0514184	13.7536	780.78	0.24	0.20647	902.115	31.5327	37.7555	0.121137
-0.0512452	13.4472	780.78	0.24	0.203847	902.431	31.4453	37.7911	0.115799
-0.0510761	13.1178	780.78	0.24	0.20158	902.74	31.37	37.8266	0.110195
-0.0509114	12.7687	780.78	0.24	0.199149	903.042	31.3065	37.8409	0.104408
-0.0507515	12.396	780.78	0.24	0.19643	903.335	31.2359	37.8649	0.0984014
-0.0505965	11.9952	780.78	0.24	0.193643	903.62	31.1695	37.8965	0.0921418
-0.0504469	11.5729	780.78	0.24	0.191112	903.895	31.1207	37.9049	0.0857686
-0.050303	11.1274	780.78	0.24	0.188614	904.16	31.0688	37.9185	0.0792915
-0.050165	10.6585	780.78	0.24	0.186061	904.415	31.0167	37.9349	0.0727506
-0.0500332	10.1662	780.78	0.24	0.183588	904.66	30.9669	37.9542	0.0661848
-0.0499079	9.65179	780.78	0.24	0.18134	904.892	30.9264	37.9622	0.0596564
-0.0497894	9.11735	780.78	0.24	0.179267	905.113	30.8818	37.9784	0.0532328
-0.0496779	8.56605	780.78	0.24	0.177701	905.321	30.8287	38.0059	0.0469897
-0.0495736	8.00046	780.78	0.24	0.176207	905.517	30.7791	38.0352	0.0409894
-0.0494767	7.42125	780.78	0.24	0.174632	905.699	30.7369	38.0593	0.0352692
-0.0493873	6.82868	780.78	0.24	0.173456	905.868	30.6898	38.0932	0.0298617
-0.0493057	6.22546	780.78	0.24	0.172462	906.023	30.6434	38.1279	0.024819
-0.0492318	5.61393	780.78	0.24	0.171599	906.163	30.6062	38.1548	0.0201825
-0.0491659	4.99375	780.78	0.24	0.170672	906.29	30.5716	38.1827	0.0159696
-0.049108	4.36357	780.78	0.24	0.16965	906.403	30.5397	38.2104	0.0121934
-0.0490582	3.724	780.78	0.24	0.168724	906.5	30.5072	38.2436	0.00888099
-0.0490167	3.07458	780.78	0.24	0.167793	906.583	30.4766	38.2689	0.00605358
-0.0489837	2.41716	780.78	0.24	0.167044	906.65	30.436	38.3129	0.00374156
-0.0489591	1.75619	780.78	0.24	0.166851	906.703	30.4083	38.3449	0.00197508
-0.0489429	1.09545	780.78	0.24	0.16723	906.74	30.4007	38.3646	0.000768469
-0.0489352	0.437247	780.78	0.24	0.167597	906.761	30.4072	38.3711	0.000122432
-0.0489359	-0.218175	780.78	0.24	0.168154	906.768	30.4256	38.3693	3.04825e-05
-0.048945	-0.866677	780.78	0.24	0.169056	906.759	30.4521	38.3613	0.000481012
-0.0489622	-1.50577	780.78	0.24	0.170229	906.735	30.4716	38.3667	0.00145197
-0.0489875	-2.13496	780.78	0.24	0.171429	906.696	30.4924	38.3699	0.00291891
-0.0490208	-2.75349	780.78	0.24	0.172741	906.643	30.5174	38.3736	0.00485521
-0.0490619	-3.36122	780.78	0.24	0.174249	906.576	30.5518	38.3684	0.00723493
-0.0491107	-3.95173	780.78	0.24	0.176432	906.494	30.576	38.3797	0.0100004
-0.0491668	-4.52152	780.78	0.24	0.178785	906.399	30.6053	38.3853	0.0130921
-0.04923	-5.07023	780.78	0.24	0.181098	906.291	30.6396	38.3876	0.0164625
-0.0493	-5.59859	780.78	0.24	0.183432	906.17	30.674	38.3953	0.0200723
-0.0493766	-6.10599	780.78	0.24	0.185677	906.037	30.7126	38.4001	0.0238756
-0.0494595	-6.59421	780.78	0.24	0.187851	905.893	30.7591	38.3966	0.0278463
-0.0495485	-7.06515	780.78	0.24	0.190121	905.737	30.8031	38.3949	0.0319657
-0.0496433	-7.51323	780.78	0.24	0.192671	905.57	30.8411	38.4061	0.0361488
-0.0497436	-7.93735	780.78	0.24	0.195379	905.394	30.8924	38.4068	0.0403452
-0.0498491	-8.33516	780.78	0.24	0.198241	905.207	30.9682	38.3868	0.0444907
-0.0499595	-8.7085	780.78	0.24	0.20096	905.012	31.045	38.3667	0.0485656
-0.0500744	-9.05872	780.78	0.24	0.203439	904.808	31.1152	38.3565	0.0525502
-0.0501936	-9.38706	780.78	0.24	0.205895	904.596	31.1657	38.3678	0.0564288
-0.0503168	-9.69736	780.78	0.24	0.207949	904.377	31.2041	38.3958	0.060221
-0.0504438	-9.99263	780.78	0.24	0.210106	904.15	31.2567	38.4028	0.0639442
-0.0505743	-10.2572	780.78	0.24	0.213538	903.917	31.2941	38.4358	0.0673756
-0.050708	-10.4924	780.78	0.24	0.217117	903.679	31.3225	38.4735	0.0705008
-0.0508443	-10.6927	780.78	0.24	0.221003	903.434	31.3358	38.5323	0.073218
-0.0509829	-10.8562	780.78	0.24	0.224931	903.186	31.347	38.5962	0.0754744
-0.0511231	-10.9835	780.78	0.24	0.229092	902.934	31.35	38.6767	0.0772545
-0.0512647	-11.0732	780.78	0.24	0.233262	902.68	31.3512	38.7557	0.0785211
-0.0514071	-11.1261	780.78	0.24	0.237302	902.423	31.3538	38.8326	0.0792737
-0.0515497	-11.1429	780.78	0.24	0.241324	902.166	31.3549	38.9144	0.0795131
-0.0516923	-11.1222	780.78	0.24	0.245378	901.909	31.3633	38.9887	0.0792183
-0.0518342	-11.0625	780.78	0.24	0.249969	901.652	31.3547	39.0863	0.0783693
-0.051975	-10.9638	780.78	0.24	0.254595	901.397	31.363	39.1626	0.076978
-0.0521141	-10.8214	780.78	0.24	0.259127	901.145	31.3832	39.2296	0.074991
-0.0522509	-10.6392	780.78	0.24	0.263358	900.896	31.4149	39.2831	0.0724864
-0.0523851	-10.421	780.78	0.24	0.267257	900.652	31.449	39.3337	0.0695435
-0.0525162	-10.1678	780.78	0.24	0.270901	900.413	31.4903	39.3773	0.0662058
-0.0526437	-9.88429	780.78	0.24	0.274196	900.18	31.5356	39.4165	0.0625651
-0.0527673	-9.57019	780.78	0.24	0.277671	899.954	31.5784	39.4537	0.058652
-0.0528866	-9.22501	780.78	0.24	0.28106	899.735	31.6239	39.4898	0.0544973
-0.0530011	-8.84906	780.78	0.24	0.284364	899.525	31.6837	39.5092	0.0501459
-0.0531106	-8.44367	780.78	0.24	0.287473	899.323	31.7515	39.5188	0.0456566
-0.0532146	-8.01012	780.78	0.24	0.290518	899.131	31.8317	39.5111	0.0410884
-0.0533128	-7.55037	780.78	0.24	0.29335	898.949	31.9194	39.4972	0.0365071
-0.0534049	-7.06553	780.78	0.24	0.295888	898.778	32.0158	39.4716	0.0319692
-0.0534905	-6.56005	780.78	0.24	0.298013	898.618	32.1192	39.4355	0.0275585
-0.0535695	-6.03644	780.78	0.24	0.299944	898.47	32.2255	39.3902	0.0233347
-0.0536416	-5.49504	780.78	0.24	0.30183	898.334	32.3269	39.3513	0.0193368
-0.0537066	-4.93578	780.78	0.24	0.303828	898.211	32.4255	39.3125	0.015601
-0.0537643	-4.35932	780.78	0.24	0.305743	898.101	32.5267	39.2627	0.0121697
-0.0538145	-3.76507	780.78	0.24	0.307567	898.004	32.6256	39.2125	0.00907792
-0.0538568	-3.15436	780.78	0.24	0.309226	897.921	32.7252	39.1583	0.00637184
-0.0538913	-2.52976	780.78	0.24	0.310524	897.852	32.8307	39.0925	0.00409827
-0.0539176	-1.89382	780.78	0.24	0.311595	897.797	32.9299	39.0301	0.00229678
-0.0539356	-1.24882	780.78	0.24	0.31239	897.758	33.0247	38.9668	0.000998709
-0.0539454	-0.597286	780.78	0.24	0.313027	897.733	33.108	38.9121	0.000228457
-0.0539467	0.0598376	780.78	0.24	0.313406	897.723	33.1806	38.8611	2.29292e-06
-0.0539396	0.718711	780.78	0.24	0.313514	897.728	33.2436	38.8164	0.000330788
-0.0539241	1.37843	780.78	0.24	0.313392	897.748	33.3058	38.766	0.00121677
-0.0539001	2.03696	780.78	0.24	0.313008	897.784	33.366	38.7131	0.00265709
-0.0538677	2.69032	780.78	0.24	0.312252	897.834	33.4175	38.6655	0.00463499
-0.053827	3.33646	780.78	0.24	0.311286	897.9	33.4718	38.6101	0.00712877
-0.0537782	3.97425	780.78	0.24	0.310201	897.98	33.5188	38.5583	0.0101146
-0.0537212	4.60135	780.78	0.24	0.308726	898.075	33.5592	38.507	0.0135585
-0.0536564	5.21439	780.78	0.24	0.307032	898.185	33.5974	38.453	0.017412
-0.0535839	5.81223	780.78	0.24	0.305096	898.308	33.6328	38.3986	0.0216335
-0.0535038	6.39109	780.78	0.24	0.302974	898.445	33.6526	38.3479	0.0261572
-0.0534166	6.95243	780.78	0.24	0.300726	898.596	33.6532	38.3239	0.0309538
-0.0533223	7.49182	780.78	0.24	0.298228	898.759	33.6549	38.2966	0.0359432
-0.0532214	8.00961	780.78	0.24	0.295596	898.934	33.6546	38.2656	0.0410832
-0.053114	8.50377	780.78	0.24	0.292742	899.122	33.6467	38.2407	0.0463089
-0.0530006	8.97248	780.78	0.24	0.289861	899.32	33.6251	38.2281	0.0515545
-0.0528814	9.41401	780.78	0.24	0.28659	899.53	33.601	38.2119	0.0567532
-0.0527569	9.8245	780.78	0.24	0.283077	899.749	33.5768	38.1966	0.0618105
-0.0526274	10.2052	780.78	0.24	0.279781	899.978	33.5612	38.1686	0.0666936
-0.0524933	10.5578	780.78	0.24	0.276748	900.215	33.5491	38.1383	0.0713822
-0.0523549	10.8852	780.78	0.24	0.274003	900.46	33.5338	38.1089	0.0758782
-0.0522126	11.1881	780.78	0.24	0.271091	900.713	33.5206	38.0746	0.080159
-0.0520666	11.4603	780.78	0.24	0.26793	900.973	33.498	38.0384	0.0841073
-0.0519175	11.7074	780.78	0.24	0.264694	901.239	33.4514	38.0372	0.0877739
-0.0517654	11.9258	780.78	0.24	0.261407	901.511	33.3818	38.0612	0.0910792
-0.0516108	12.1134	780.78	0.24	0.257786	901.787	33.3137	38.0822	0.0939669
-0.0514542	12.268	780.78	0.24	0.254119	902.068	33.2534	38.1016	0.09638
-0.0512959	12.3887	780.78	0.24	0.250458	902.352	33.187	38.1179	0.0982855
-0.0511363	12.4773	780.78	0.24	0.246742	902.639	33.1236	38.131	0.0996978
-0.050976	12.5335	780.78	0.24	0.243318	902.928	33.048	38.1673	0.100598
-0.0508152	12.5595	780.78	0.24	0.239893	903.218	32.9536	38.218	0.101016
-0.0506544	12.5541	780.78	0.24	0.236392	903.509	32.8538	38.274	0.100928
-0.050494	12.5099	780.78	0.24	0.233038	903.799	32.746	38.3325	0.100219
-0.0503344	12.4443	780.78	0.24	0.229947	904.088	32.6791	38.3498	0.0991711
-0.0501759	12.3475	780.78	0.24	0.226206	904.376	32.5992	38.3866	0.0976341
-0.050019	12.2183	780.78	0.24	0.222787	904.662	32.4465	38.541	0.0956007
-0.049864	12.0597	780.78	0.24	0.219682	904.944	32.3691	38.593	0.0931355
-0.0497113	11.8728	780.78	0.24	0.216711	905.222	32.3177	38.6063	0.0902705
-0.0495613	11.6556	780.78	0.24	0.213755	905.496	32.2432	38.6429	0.0869983
-0.0494143	11.4167	780.78	0.24	0.211131	905.765	32.1578	38.7034	0.0834679
-0.0492707	11.1458	780.78	0.24	0.208604	906.029	32.0772	38.7501	0.0795539
-0.0491307	10.8586	780.78	0.24	0.205821	906.286	32.0442	38.7513	0.0755075
-0.0489946	10.5417	780.78	0.24	0.202212	906.536	32.0104	38.7585	0.0711641
-0.048863	10.1884	780.78	0.24	0.198241	906.779	31.9628	38.7877	0.0664742
-0.0487362	9.79951	780.78	0.24	0.194038	907.014	31.9155	38.8185	0.0614965
-0.0486148	9.37147	780.78	0.24	0.190001	907.239	31.8995	38.8163	0.0562415
-0.0484991	8.91145	780.78	0.24	0.186985	907.454	31.9095	38.7983	0.0508555
-0.0483896	8.42462	780.78	0.24	0.184437	907.658	31.924	38.7687	0.0454508
-0.0482866	7.9206	780.78	0.24	0.182934	907.851	31.9172	38.767	0.0401752
-0.0481901	7.40384	780.78	0.24	0.181806	908.033	31.9009	38.7785	0.0351039
-0.0481003	6.87837	780.78	0.24	0.181036	908.202	31.8479	38.8318	0.0302979
-0.0480174	6.34537	780.78	0.24	0.180276	908.359	31.7878	38.8921	0.0257843
-0.0479413	5.80358	780.78	0.24	0.179465	908.503	31.7258	38.9558	0.0215691
-0.0478723	5.25349	780.78	0.24	0.178729	908.635	31.6534	39.0321	0.0176741
-0.0478103	4.69798	780.78	0.24	0.178201	908.754	31.5453	39.1457	0.014134
-0.0477557	4.10832	780.78	0.24	0.177117	908.86	31.4598	39.1141	0.0108086
-0.0477086	3.5391	780.78	0.24	0.177274	908.952	31.4179	39.1625	0.00802098
-0.0476687	2.96793	780.78	0.24	0.177377	909.032	31.3828	39.2136	0.00564091
-0.0476362	2.39776	780.78	0.24	0.176787	909.097	31.373	39.2631	0.00368173
-0.047611	1.82257	780.78	0.24	0.176286	909.15	31.3589	39.2907	0.00212722
-0.0475932	1.2462	780.78	0.24	0.17665	909.189	31.3107	39.3652	0.000994527
-0.0475828	0.668105	780.78	0.24	0.176758	909.215	31.2658	39.4242	0.000285845
-0.0475797	0.0955834	780.78	0.24	0.177367	909.227	31.2188	39.5024	5.85068e-06
-0.047584	-0.4764	780.78	0.24	0.177853	909.226	31.2047	39.5281	0.00014534
-0.0475955	-1.03835	780.78	0.24	0.178887	909.211	31.174	39.5893	0.000690448
-0.0476141	-1.5922	780.78	0.24	0.17961	909.184	31.1724	39.6211	0.00162343
-0.0476398	-2.14083	780.78	0.24	0.18027	909.144	31.1786	39.6434	0.00293499
-0.0476724	-2.68256	780.78	0.24	0.181328	909.091	31.1746	39.6822	0.0046083
-0.0477119	-3.21362	780.78	0.24	0.182622	909.025	31.1567	39.7375	0.0066135
-0.047758	-3.73298	780.78	0.24	0.183891	908.947	31.1338	39.8013	0.00892387
-0.0478107	-4.24174	780.78	0.24	0.185182	908.857	31.1135	39.8638	0.011522
-0.0478698	-4.73715	780.78	0.24	0.186738	908.756	31.0905	39.9339	0.0143706
-0.0479351	-5.21748	780.78	0.24	0.188624	908.643	31.0659	40.0009	0.0174326
-0.0480064	-5.68036	780.78	0.24	0.190659	908.518	31.0462	40.0694	0.020663
-0.0480834	-6.12477	780.78	0.24	0.192731	908.384	31.0281	40.1378	0.0240226
-0.048166	-6.54994	780.78	0.24	0.195207	908.239	31.0318	40.1835	0.0274736
-0.0482538	-6.9518	780.78	0.24	0.197608	908.084	31.0464	40.2214	0.0309482
-0.0483465	-7.33525	780.78	0.24	0.199702	907.92	31.0655	40.2577	0.0344565
-0.0484439	-7.69872	780.78	0.24	0.20171	907.747	31.0914	40.2894	0.0379558
-0.0485459	-8.0456	780.78	0.24	0.203492	907.566	31.1251	40.3137	0.0414532
-0.0486521	-8.37685	780.78	0.24	0.205303	907.377	31.1573	40.3453	0.0449369
-0.0487624	-8.69312	780.78	0.24	0.20725	907.181	31.1958	40.3651	0.0483942
-0.0488766	-8.98905	780.78	0.24	0.209544	906.977	31.2442	40.3771	0.0517451
-0.0489944	-9.26386	780.78	0.24	0.212526	906.767	31.2776	40.3932	0.0549573
-0.0491154	-9.50619	780.78	0.24	0.21596	906.55	31.3036	40.4334	0.0578701
-0.0492392	-9.71856	780.78	0.24	0.219541	906.328	31.3432	40.4631	0.0604847
-0.0493654	-9.89477	780.78	0.24	0.223469	906.101	31.3948	40.481	0.0626978
-0.0494935	-10.0363	780.78	0.24	0.227228	905.871	31.4569	40.4906	0.0645037
-0.0496231	-10.1436	780.78	0.24	0.230865	905.637	31.5325	40.4874	0.0658912
-0.0497538	-10.2202	780.78	0.24	0.234157	905.402	31.6132	40.4788	0.0668901
-0.0498851	-10.2677	780.78	0.24	0.237385	905.164	31.6928	40.4709	0.0675124
-0.0500168	-10.2852	780.78	0.24	0.241028	904.926	31.7645	40.4746	0.0677428
-0.0501484	-10.2671	780.78	0.24	0.244747	904.688	31.8468	40.4688	0.0675058
-0.0502794	-10.2151	780.78	0.24	0.248597	904.45	31.9547	40.4302	0.066823
-0.0504095	-10.1288	780.78	0.24	0.252217	904.214	32.0504	40.4064	0.0656992
-0.0505381	-10.0114	780.78	0.24	0.255601	903.98	32.1526	40.3762	0.0641848
-0.0506649	-9.86256	780.78	0.24	0.259115	903.749	32.2511	40.3502	0.0622903
-0.0507896	-9.69192	780.78	0.24	0.262736	903.522	32.3557	40.3332	0.0601535
-0.0509118	-9.49426	780.78	0.24	0.266247	903.299	32.4717	40.3065	0.0577249
-0.0510311	-9.24975	780.78	0.24	0.269767	903.08	32.6125	40.2273	0.0547901
-0.0511469	-8.97389	780.78	0.24	0.272989	902.868	32.753	40.155	0.0515707
-0.0512589	-8.67013	780.78	0.24	0.275854	902.662	32.8883	40.0877	0.0481385
-0.0513668	-8.34248	780.78	0.24	0.278724	902.464	33.0044	40.0362	0.0445688
-0.0514703	-7.98552	780.78	0.24	0.281828	902.273	33.0953	40.0116	0.0408365
-0.0515689	-7.60189	780.78	0.24	0.28462	902.091	33.175	39.9939	0.0370071
-0.0516624	-7.19415	780.78	0.24	0.287055	901.917	33.25	39.9785	0.0331436
-0.0517504	-6.76509	780.78	0.24	0.289188	901.753	33.3267	39.9579	0.0293082
-0.0518328	-6.32031	780.78	0.24	0.290903	901.6	33.407	39.931	0.0255811
-0.0519093	-5.85809	780.78	0.24	0.292579	901.456	33.4824	39.9077	0.0219762
-0.0519798	-5.3826	780.78	0.24	0.293802	901.324	33.5689	39.8701	0.0185535
-0.052044	-4.89974	780.78	0.24	0.294757	901.202	33.6483	39.8181	0.015374
-0.0521021	-4.40555	780.78	0.24	0.295858	901.092	33.6895	39.8205	0.0124291
-0.0521536	-3.90052	780.78	0.24	0.296917	900.993	33.7007	39.8471	0.00974283
-0.0521987	-3.3875	780.78	0.24	0.297597	900.906	33.676	39.908	0.00734851
-0.0522371	-2.86989	780.78	0.24	0.297882	900.831	33.6445	39.973	0.00527439
-0.0522689	-2.35372	780.78	0.24	0.29764	900.768	33.6281	40.0203	0.00354773
-0.0522941	-1.84036	780.78	0.24	0.296917	900.717	33.6367	40.0358	0.00216893
-0.0523127	-1.33394	780.78	0.24	0.295912	900.677	33.6471	40.0489	0.0011395
-0.052325	-0.837121	780.78	0.24	0.294831	900.649	33.6604	40.0473	0.000448763
-0.052331	-0.348757	780.78	0.24	0.293676	900.633	33.6767	40.0386	7.78911e-05
-0.0523309	0.127782	780.78	0.24	0.292267	900.628	33.6951	40.0314	1.04564e-05
-0.0523248	0.591843	780.78	0.24	0.290804	900.633	33.7239	40.0066	0.000224313
-0.0523129	1.04223	780.78	0.24	0.289172	900.65	33.758	39.9744	0.000695614
-0.0522953	1.47769	780.78	0.24	0.287505	900.676	33.795	39.9359	0.00139833
-0.0522723	1.89712	780.78	0.24	0.28554	900.713	33.84	39.8814	0.0023048
-0.0522441	2.29848	780.78	0.24	0.283479	900.759	33.895	39.8144	0.00338316
-0.052211	2.68239	780.78	0.24	0.281447	900.814	33.9473	39.7529	0.00460772
-0.0521731	3.0446	780.78	0.24	0.279396	900.878	34.0092	39.6769	0.00593612
-0.0521308	3.39264	780.78	0.24	0.277777	900.95	34.0656	39.6076	0.00737085
-0.0520841	3.73039	780.78	0.24	0.276653	901.031	34.0801	39.5881	0.00891146
-0.0520331	4.0578	780.78	0.24	0.275466	901.119	34.0795	39.5705	0.0105444
-0.0519781	4.37335	780.78	0.24	0.274035	901.214	34.0791	39.5492	0.0122482
-0.0519192	4.67457	780.78	0.24	0.27221	901.317	34.0805	39.5239	0.0139935
-0.0518566	4.95995	780.78	0.24	0.270405	901.427	34.0667	39.5218	0.0157542
-0.0517904	5.22696	780.78	0.24	0.268457	901.543	34.0445	39.5143	0.017496
-0.0517211	5.4779	780.78	0.24	0.266742	901.665	34.0084	39.5195	0.0192163
-0.0516486	5.71476	780.78	0.24	0.265055	901.793	33.9714	39.5242	0.020914
-0.0515733	5.93522	780.78	0.24	0.263417	901.926	33.9306	39.5341	0.0225587
-0.0514953	6.14173	780.78	0.24	0.26181	902.065	33.8898	39.5414	0.0241559
-0.0514148	6.33242	780.78	0.24	0.260164	902.208	33.8398	39.5525	0.0256792
-0.051332	6.50922	780.78	0.24	0.258463	902.355	33.7857	39.5716	0.0271331
-0.051247	6.67198	780.78	0.24	0.256847	902.506	33.7397	39.5839	0.0285069
-0.0511601	6.81985	780.78	0.24	0.255114	902.662	33.7024	39.5877	0.0297846
-0.0510715	6.95183	780.78	0.24	0.2534	902.82	33.6716	39.5831	0.0309485
-0.0509813	7.06911	780.78	0.24	0.25185	902.982	33.6442	39.5729	0.0320016
-0.0508898	7.17307	780.78	0.24	0.250339	903.146	33.6145	39.5662	0.0329497
-0.050797	7.26332	780.78	0.24	0.248773	903.312	33.5826	39.5599	0.033784
-0.0507033	7.34003	780.78	0.24	0.247218	903.481	33.5447	39.5584	0.0345014
-0.0506086	7.40132	780.78	0.24	0.245608	903.651	33.5006	39.5643	0.03508
-0.0505134	7.44864	780.78	0.24	0.243977	903.823	33.4465	39.582	0.03553
-0.0504177	7.48088	780.78	0.24	0.242259	903.995	33.3871	39.6016	0.0358383
-0.0503217	7.49775	780.78	0.24	0.240626	904.169	33.3121	39.6383	0.036
-0.0502256	7.49939	780.78	0.24	0.239029	904.342	33.2259	39.692	0.0360158
-0.0501297	7.48759	780.78	0.24	0.237476	904.516	33.1361	39.7424	0.0359025
-0.050034	7.46201	780.78	0.24	0.235869	904.689	33.0443	39.7961	0.0356577
-0.0499388	7.4203	780.78	0.24	0.233902	904.862	32.9525	39.8505	0.0352601
-0.0498444	7.35827	780.78	0.24	0.231587	905.034	32.8729	39.8939	0.0346731
-0.0497509	7.27704	780.78	0.24	0.229651	905.204	32.8066	39.9249	0.0339118
-0.0496586	7.17836	780.78	0.24	0.227586	905.372	32.7501	39.9446	0.0329983
-0.0495678	7.05858	780.78	0.24	0.22504	905.538	32.7049	39.9544	0.0319063
-0.0494788	6.91451	780.78	0.24	0.22225	905.701	32.6646	39.967	0.0306171
-0.0493918	6.74489	780.78	0.24	0.21952	905.86	32.6266	39.9735	0.0291334
-0.0493073	6.54867	780.78	0.24	0.216811	906.016	32.5959	39.9639	0.0274629
-0.0492255	6.33005	780.78	0.24	0.214103	906.167	32.5653	39.9646	0.02566
-0.0491467	6.08494	780.78	0.24	0.211155	906.312	32.5466	39.955	0.0237112
-0.0490714	5.8122	780.78	0.24	0.2081	906.452	32.533	39.9448	0.0216333
-0.0489998	5.51224	780.78	0.24	0.20528	906.585	32.5243	39.9271	0.019458
-0.0489322	5.18934	780.78	0.24	0.202934	906.712	32.5049	39.9212	0.0172451
-0.0488691	4.84405	780.78	0.24	0.200835	906.83	32.4853	39.9222	0.0150265
-0.0488105	4.48328	780.78	0.24	0.19917	906.941	32.4757	39.9139	0.0128716
-0.0487566	4.10803	780.78	0.24	0.197601	907.043	32.4703	39.8992	0.0108071
-0.0487078	3.71689	780.78	0.24	0.195898	907.136	32.4741	39.8806	0.00884708
-0.048664	3.31158	780.78	0.24	0.194329	907.22	32.4927	39.8438	0.00702284
-0.0486256	2.89186	780.78	0.24	0.192913	907.294	32.5179	39.8052	0.00535546
-0.0485927	2.45826	780.78	0.24	0.191502	907.359	32.545	39.7616	0.00386989
-0.0485655	2.01497	780.78	0.24	0.190629	907.414	32.5483	39.757	0.00260003
-0.048544	1.56453	780.78	0.24	0.190282	907.458	32.5402	39.7559	0.00156751
-0.0485283	1.11189	780.78	0.24	0.190373	907.492	32.5241	39.7641	0.000791711
-0.0485184	0.662424	780.78	0.24	0.190627	907.515	32.505	39.7777	0.000281004
-0.0485142	0.215475	780.78	0.24	0.190862	907.528	32.4894	39.7897	2.97327e-05
-0.0485157	-0.229784	780.78	0.24	0.191078	907.53	32.4766	39.8011	3.38127e-05
-0.0485229	-0.673024	780.78	0.24	0.191385	907.522	32.4628	39.8148	0.00029007
-0.0485358	-1.1129	780.78	0.24	0.191895	907.504	32.4479	39.8321	0.000793152
-0.0485542	-1.54901	780.78	0.24	0.192432	907.476	32.4322	39.8564	0.00153655
-0.0485782	-1.97955	780.78	0.24	0.19326	907.437	32.4273	39.8682	0.00250943
-0.0486076	-2.40076	780.78	0.24	0.194316	907.389	32.419	39.881	0.00369097
-0.0486423	-2.81272	780.78	0.24	0.195582	907.33	32.4057	39.9069	0.00506635
-0.0486822	-3.213	780.78	0.24	0.196751	907.263	32.4	39.9228	0.00661095
-0.0487271	-3.60372	780.78	0.24	0.197621	907.186	32.3999	39.9338	0.00831654
-0.0487769	-3.98633	780.78	0.24	0.199207	907.1	32.4116	39.9493	0.0101762
-0.0488315	-4.34956	780.78	0.24	0.201298	907.005	32.4216	39.9568	0.0121153
-0.0488906	-4.69337	780.78	0.24	0.203439	906.902	32.4236	39.9717	0.0141062
-0.0489538	-5.01858	780.78	0.24	0.205478	906.791	32.4112	40.0032	0.0161288
-0.0490211	-5.32965	780.78	0.24	0.207406	906.673	32.3913	40.0488	0.0181903
-0.0490921	-5.61795	780.78	0.24	0.209682	906.547	32.4005	40.0554	0.0202115
-0.0491667	-5.88809	780.78	0.24	0.211929	906.415	32.4311	40.0494	0.0222019
-0.0492445	-6.13681	780.78	0.24	0.214166	906.277	32.4767	40.0268	0.0241172
-0.0493253	-6.36565	780.78	0.24	0.216169	906.133	32.5189	40.009	0.0259494
-0.0494089	-6.57902	780.78	0.24	0.217987	905.984	32.5551	40.0031	0.0277181
-0.0494951	-6.77321	780.78	0.24	0.220052	905.83	32.5807	40.0029	0.0293786
-0.0495835	-6.94839	780.78	0.24	0.222084	905.672	32.5904	40.0201	0.0309179
-0.049674	-7.10606	780.78	0.24	0.223894	905.51	32.5902	40.0492	0.0323369
-0.0497664	-7.25011	780.78	0.24	0.225401	905.344	32.579	40.0905	0.0336613
-0.0498605	-7.37984	780.78	0.24	0.226746	905.175	32.5568	40.1448	0.0348767
-0.0499562	-7.49933	780.78	0.24	0.227713	905.004	32.5477	40.1834	0.0360153
-0.0500533	-7.61255	780.78	0.24	0.228463	904.829	32.5627	40.2009	0.0371109
-0.0501518	-7.71605	780.78	0.24	0.2296	904.652	32.5849	40.2133	0.0381269
-0.0502516	-7.80764	780.78	0.24	0.231227	904.473	32.6043	40.2288	0.0390374
-0.0503523	-7.88452	780.78	0.24	0.232856	904.291	32.6241	40.2426	0.03981
-0.0504539	-7.94616	780.78	0.24	0.234417	904.108	32.6466	40.2545	0.0404349
-0.0505561	-7.99485	780.78	0.24	0.235755	903.924	32.6696	40.265	0.0409319
-0.0506589	-8.03135	780.78	0.24	0.237151	903.739	32.6884	40.2853	0.0413065
-0.050762	-8.05651	780.78	0.24	0.23849	903.553	32.7148	40.291	0.0415657
-0.0508653	-8.06907	780.78	0.24	0.240039	903.366	32.7375	40.2942	0.0416954
-0.0509686	-8.06671	780.78	0.24	0.241619	903.18	32.7492	40.3118	0.041671
-0.0510718	-8.04867	780.78	0.24	0.243415	902.993	32.746	40.3454	0.0414848
-0.0511746	-8.01511	780.78	0.24	0.245184	902.807	32.7421	40.3804	0.0411396
-0.0512767	-7.96466	780.78	0.24	0.246755	902.622	32.7369	40.4189	0.0406234
-0.0513782	-7.90218	780.78	0.24	0.247947	902.438	32.7264	40.4615	0.0399885
-0.0514787	-7.82966	780.78	0.24	0.24888	902.256	32.7113	40.5083	0.039258
-0.0515782	-7.75014	780.78	0.24	0.24965	902.075	32.6857	40.5718	0.0384646
-0.0516766	-7.66422	780.78	0.24	0.250321	901.897	32.6509	40.6395	0.0376164
-0.0517739	-7.5727	780.78	0.24	0.25088	901.72	32.6189	40.7033	0.0367234
-0.0518699	-7.47626	780.78	0.24	0.251619	901.546	32.6071	40.7457	0.035794
-0.0519647	-7.37237	780.78	0.24	0.252282	901.374	32.5984	40.7836	0.0348061
-0.0520581	-7.26219	780.78	0.24	0.252847	901.204	32.5882	40.8198	0.0337735
-0.05215	-7.14984	780.78	0.24	0.253154	901.038	32.5731	40.8613	0.0327366
-0.0522404	-7.03478	780.78	0.24	0.253212	900.873	32.5519	40.9068	0.0316915
-0.0523294	-6.9198	780.78	0.24	0.253016	900.712	32.5351	40.9454	0.030664
-0.052417	-6.80714	780.78	0.24	0.252724	900.553	32.5149	40.9883	0.0296736
-0.0525031	-6.69839	780.78	0.24	0.252136	900.396	32.495	41.0284	0.0287331
-0.0525879	-6.59794	780.78	0.24	0.251248	900.242	32.4795	41.062	0.0278778
-0.0526714	-6.50284	780.78	0.24	0.250503	900.091	32.4685	41.0928	0.0270799
-0.0527539	-6.41516	780.78	0.24	0.24978	899.941	32.4666	41.1108	0.0263546
-0.0528352	-6.33223	780.78	0.24	0.249343	899.794	32.4719	41.1187	0.0256776
-0.0529155	-6.25212	780.78	0.24	0.249061	899.649	32.4939	41.1124	0.025032
-0.0529949	-6.17436	780.78	0.24	0.248742	899.505	32.5254	41.0964	0.0244132
-0.0530732	-6.09994	780.78	0.24	0.24843	899.363	32.5602	41.0717	0.0238282
-0.0531506	-6.02575	780.78	0.24	0.248611	899.223	32.5858	41.0569	0.0232522
-0.0532271	-5.94913	780.78	0.24	0.249042	899.085	32.6132	41.0397	0.0226646
-0.0533025	-5.86804	780.78	0.24	0.249718	898.948	32.6535	41.0041	0.022051
-0.0533768	-5.77869	780.78	0.24	0.250667	898.814	32.711	40.9486	0.0213846
-0.0534498	-5.67958	780.78	0.24	0.251788	898.681	32.7863	40.8803	0.0206573
-0.0535216	-5.57165	780.78	0.24	0.252957	898.551	32.8736	40.7962	0.0198797
-0.0535918	-5.45266	780.78	0.24	0.254208	898.424	32.9596	40.7146	0.0190396
-0.0536604	-5.32102	780.78	0.24	0.255546	898.299	33.0404	40.6384	0.0181314
-0.0537271	-5.17733	780.78	0.24	0.256752	898.177	33.1219	40.5605	0.0171654
-0.053792	-5.02302	780.78	0.24	0.257912	898.059	33.2015	40.4861	0.0161574
-0.0538548	-4.85953	780.78	0.24	0.25881	897.944	33.2834	40.4056	0.0151227
-0.0539154	-4.68977	780.78	0.24	0.259579	897.833	33.3609	40.3263	0.0140846
-0.0539737	-4.51194	780.78	0.24	0.260285	897.727	33.4375	40.2481	0.0130367
-0.0540298	-4.32915	780.78	0.24	0.260868	897.624	33.5128	40.1725	0.0120018
-0.0540834	-4.14091	780.78	0.24	0.261305	897.525	33.5828	40.098	0.0109808
-0.0541346	-3.95041	780.78	0.24	0.261526	897.431	33.649	40.0255	0.00999369
-0.0541834	-3.75815	780.78	0.24	0.261785	897.342	33.7106	39.9573	0.00904462
-0.0542296	-3.56304	780.78	0.24	0.261858	897.256	33.7673	39.8922	0.00812987
-0.0542734	-3.36838	780.78	0.24	0.261857	897.176	33.8272	39.8174	0.00726579
-0.0543146	-3.17296	780.78	0.24	0.261922	897.099	33.8799	39.7548	0.0064472
-0.0543534	-2.97728	780.78	0.24	0.262018	897.028	33.9219	39.7032	0.00567651
-0.0543896	-2.77888	780.78	0.24	0.262583	896.96	33.9439	39.6729	0.00494518
-0.0544233	-2.57441	780.78	0.24	0.263402	896.898	33.9491	39.6495	0.00424421
-0.0544542	-2.36264	780.78	0.24	0.264262	896.84	33.9404	39.6452	0.00357466
-0.0544824	-2.14153	780.78	0.24	0.265261	896.787	33.9242	39.6435	0.00293691
-0.0545076	-1.91169	780.78	0.24	0.266174	896.739	33.9051	39.6385	0.00234033
-0.0545298	-1.67646	780.78	0.24	0.267165	896.696	33.8807	39.6437	0.0017998
-0.0545489	-1.42809	780.78	0.24	0.268286	896.659	33.8541	39.6472	0.00130603
-0.0545647	-1.17138	780.78	0.24	0.269114	896.628	33.8217	39.6557	0.000878692
-0.0545772	-0.908063	780.78	0.24	0.269794	896.602	33.7878	39.662	0.000528048
-0.0545863	-0.6394	780.78	0.24	0.270369	896.583	33.7506	39.674	0.00026181
-0.0545919	-0.366355	780.78	0.24	0.270786	896.57	33.7089	39.6823	8.59501e-05
-0.0545939	-0.0874327	780.78	0.24	0.271459	896.563	33.639	39.7216	4.89541e-06
-0.0545923	0.196363	780.78	0.24	0.271928	896.563	33.5664	39.7619	2.46923e-05
-0.054587	0.483118	780.78	0.24	0.272378	896.569	33.4875	39.8074	0.000149468
-0.054578	0.774549	780.78	0.24	0.272684	896.582	33.3986	39.8591	0.000384184
-0.0545653	1.06651	780.78	0.24	0.272699	896.601	33.3094	39.9072	0.0007284
-0.0545488	1.35842	780.78	0.24	0.272523	896.627	33.2171	39.9594	0.00118171
-0.0545286	1.64678	780.78	0.24	0.272171	896.66	33.132	39.9994	0.00173665
-0.0545048	1.9326	780.78	0.24	0.271585	896.7	33.0467	40.039	0.0023918
-0.0544774	2.21117	780.78	0.24	0.270696	896.746	32.9669	40.0717	0.00313101
-0.0544464	2.48096	780.78	0.24	0.269594	896.798	32.8922	40.0981	0.00394166
-0.0544121	2.74218	780.78	0.24	0.268719	896.857	32.8383	40.099	0.00481542
-0.0543746	2.99538	780.78	0.24	0.267808	896.921	32.7885	40.0958	0.00574572
-0.0543338	3.24115	780.78	0.24	0.26688	896.991	32.7433	40.0867	0.00672729
-0.05429	3.47733	780.78	0.24	0.265656	897.067	32.729	40.0421	0.00774341
-0.0542433	3.69917	780.78	0.24	0.264182	897.148	32.7388	39.9679	0.00876293
-0.0541939	3.91347	780.78	0.24	0.26353	897.235	32.7307	39.9239	0.00980768
-0.0541418	4.1213	780.78	0.24	0.263085	897.326	32.7189	39.8755	0.010877
-0.054087	4.32722	780.78	0.24	0.262904	897.422	32.7066	39.8266	0.0119911
-0.0540296	4.53198	780.78	0.24	0.2626	897.522	32.6927	39.778	0.0131528
-0.0539696	4.73288	780.78	0.24	0.26237	897.628	32.6761	39.7309	0.0143447
-0.0539071	4.93295	780.78	0.24	0.262196	897.738	32.6537	39.6894	0.0155831
-0.053842	5.12984	780.78	0.24	0.261782	897.852	32.622	39.6544	0.0168519
-0.0537744	5.32368	780.78	0.24	0.261619	897.971	32.5918	39.62	0.0181495
-0.0537044	5.51837	780.78	0.24	0.261656	898.095	32.5514	39.5956	0.0195013
-0.0536319	5.71177	780.78	0.24	0.261543	898.223	32.5056	39.5718	0.0208921
-0.0535568	5.905	780.78	0.24	0.26136	898.356	32.4749	39.5225	0.0223296
-0.0534794	6.08965	780.78	0.24	0.261084	898.493	32.4492	39.468	0.0237479
-0.0533996	6.2781	780.78	0.24	0.261105	898.634	32.4193	39.4225	0.0252405
-0.0533174	6.46793	780.78	0.24	0.260944	898.779	32.397	39.3717	0.02679
-0.0532327	6.65399	780.78	0.24	0.26033	898.929	32.3792	39.3185	0.0283534
-0.0531458	6.83636	780.78	0.24	0.260084	899.084	32.3692	39.2597	0.0299289
-0.0530565	7.01506	780.78	0.24	0.259535	899.242	32.361	39.1934	0.031514
-0.052965	7.18755	780.78	0.24	0.259016	899.405	32.3586	39.1146	0.0330828
-0.0528713	7.35508	780.78	0.24	0.258144	899.571	32.3356	39.0612	0.034643
-0.0527757	7.49682	780.78	0.24	0.257425	899.742	32.3309	39.0413	0.0359911
-0.0526782	7.64834	780.78	0.24	0.256109	899.916	32.3348	38.9853	0.0374607
-0.0525789	7.78452	780.78	0.24	0.253871	900.093	32.2583	38.9842	0.0388065
-0.0524782	7.87321	780.78	0.24	0.251983	900.273	32.2645	39.0313	0.0396959
-0.0523764	7.97157	780.78	0.24	0.249698	900.455	32.2761	38.9651	0.0406938
-0.0522735	8.04772	780.78	0.24	0.247274	900.64	32.2399	38.9216	0.041475
-0.0521699	8.10646	780.78	0.24	0.245704	900.826	32.1712	38.9169	0.0420827
-0.0520656	8.15345	780.78	0.24	0.244376	901.013	32.0892	38.9222	0.042572
-0.0519608	8.18735	780.78	0.24	0.242847	901.201	31.9999	38.9345	0.0429267
-0.0518558	8.20682	780.78	0.24	0.241136	901.391	31.8852	38.9787	0.0431311
-0.0517506	8.21142	780.78	0.24	0.239612	901.58	31.8421	38.9122	0.0431795
-0.0516455	8.20328	780.78	0.24	0.238314	901.77	31.8087	38.873	0.0430939
-0.0515406	8.18308	780.78	0.24	0.236966	901.959	31.7702	38.8377	0.042882
-0.0514361	8.14926	780.78	0.24	0.235571	902.148	31.7324	38.807	0.0425283
-0.0513321	8.1041	780.78	0.24	0.234199	902.336	31.7035	38.7625	0.0420583
-0.0512289	8.047	780.78	0.24	0.232891	902.523	31.6646	38.7318	0.0414676
-0.0511264	7.97969	780.78	0.24	0.231837	902.709	31.6251	38.7003	0.0407768
-0.051025	7.90208	780.78	0.24	0.230737	902.893	31.5886	38.6674	0.0399875
-0.0509246	7.81577	780.78	0.24	0.229968	903.075	31.5423	38.6447	0.0391188
-0.0508254	7.72354	780.78	0.24	0.229388	903.256	31.4925	38.6247	0.038201
-0.0507274	7.62666	780.78	0.24	0.228857	903.434	31.4434	38.6085	0.0372486
-0.0506307	7.52478	780.78	0.24	0.228384	903.61	31.3967	38.5902	0.0362601
-0.0505353	7.41924	780.78	0.24	0.228117	903.783	31.3425	38.5894	0.0352501
-0.0504413	7.31401	780.78	0.24	0.228198	903.954	31.2756	38.5965	0.0342572
-0.0503486	7.20799	780.78	0.24	0.228152	904.123	31.2102	38.6002	0.0332713
-0.0502573	7.10263	780.78	0.24	0.228172	904.29	31.1509	38.5967	0.0323057
-0.0501674	6.99714	780.78	0.24	0.22821	904.453	31.0955	38.5927	0.0313533
-0.0500788	6.89244	780.78	0.24	0.228204	904.615	31.043	38.5864	0.0304219
-0.0499915	6.78603	780.78	0.24	0.227966	904.774	30.9974	38.5723	0.0294899
-0.0499057	6.67679	780.78	0.24	0.227594	904.931	30.9658	38.5472	0.0285481
-0.0498213	6.56279	780.78	0.24	0.227137	905.085	30.9444	38.5123	0.0275815
-0.0497383	6.44612	780.78	0.24	0.226873	905.236	30.9237	38.4766	0.0266096
-0.0496569	6.32975	780.78	0.24	0.226995	905.385	30.8767	38.4759	0.0256575
-0.0495769	6.21414	780.78	0.24	0.227035	905.531	30.8389	38.4603	0.0247288
-0.0494985	6.09654	780.78	0.24	0.226748	905.675	30.8128	38.4323	0.0238017
-0.0494216	5.97403	780.78	0.24	0.225983	905.815	30.7899	38.4037	0.0228547
-0.0493463	5.84643	780.78	0.24	0.225587	905.953	30.7975	38.34	0.0218889
-0.0492726	5.71522	780.78	0.24	0.225036	906.088	30.8104	38.273	0.0209174
-0.0492008	5.5752	780.78	0.24	0.223743	906.22	30.8008	38.2288	0.019905
-0.0491308	5.42613	780.78	0.24	0.223229	906.349	30.831	38.1476	0.0188548
-0.0490628	5.27169	780.78	0.24	0.222328	906.474	30.8585	38.0739	0.0177967
-0.0489968	5.107	780.78	0.24	0.22099	906.595	30.8871	38.0005	0.0167022
-0.0489332	4.92279	780.78	0.24	0.219941	906.713	30.9266	37.9343	0.015519
-0.0488719	4.73729	780.78	0.24	0.218795	906.826	30.9926	37.8152	0.0143715
-0.0488132	4.52796	780.78	0.24	0.216929	906.935	31.0297	37.7534	0.0131295
-0.0487572	4.31479	780.78	0.24	0.215718	907.039	31.0776	37.6558	0.0119223
-0.0487041	4.09113	780.78	0.24	0.214689	907.138	31.0976	37.6042	0.0107183
-0.0486539	3.85782	780.78	0.24	0.213621	907.232	31.0967	37.5735	0.00953069
-0.0486068	3.61433	780.78	0.24	0.212425	907.32	31.0958	37.5412	0.0083656
-0.048563	3.35823	780.78	0.24	0.210905	907.403	31.0934	37.5141	0.00722206
-0.0485226	3.08366	780.78	0.24	0.209363	907.479	31.0996	37.4844	0.00608941
-0.0484858	2.80044	780.78	0.24	0.20806	907.549	31.1097	37.4497	0.00502221
-0.0484527	2.50461	780.78	0.24	0.206732	907.613	31.1129	37.419	0.00401719
-0.0484236	2.19593	780.78	0.24	0.205064	907.669	31.1077	37.4021	0.00308801
-0.0483986	1.86905	780.78	0.24	0.203212	907.718	31.0917	37.3955	0.00223709
-0.0483779	1.52392	780.78	0.24	0.201762	907.76	31.0781	37.3952	0.00148718
-0.0483618	1.17421	780.78	0.24	0.201118	907.793	31.0744	37.3807	0.000882939
-0.0483501	0.818147	780.78	0.24	0.200474	907.819	31.0822	37.361	0.000428651
-0.0483431	0.456852	780.78	0.24	0.199889	907.836	31.0906	37.3393	0.000133657
-0.0483408	0.0901375	780.78	0.24	0.199411	907.844	31.099	37.3215	5.20298e-06
-0.0483432	-0.28011	780.78	0.24	0.19909	907.844	31.0985	37.3147	5.02458e-05
-0.0483503	-0.654231	780.78	0.24	0.198876	907.835	31.0736	37.3336	0.000274097
-0.0483623	-1.02921	780.78	0.24	0.198633	907.818	31.0446	37.3598	0.000678348
-0.0483791	-1.41017	780.78	0.24	0.198658	907.792	31.0226	37.387	0.00127345
-0.0484008	-1.7863	780.78	0.24	0.198904	907.757	31.0085	37.402	0.00204339
-0.0484273	-2.15584	780.78	0.24	0.200025	907.713	30.9882	37.4252	0.00297628
-0.0484583	-2.51639	780.78	0.24	0.201085	907.661	30.9636	37.4592	0.00405504
-0.048494	-2.86828	780.78	0.24	0.202236	907.6	30.9344	37.4964	0.00526845
-0.048534	-3.20759	780.78	0.24	0.203652	907.532	30.9014	37.5388	0.0065887
-0.0485782	-3.53398	780.78	0.24	0.204978	907.455	30.8623	37.5883	0.00799777
-0.0486265	-3.84977	780.78	0.24	0.206341	907.371	30.8154	37.6487	0.00949096
-0.0486787	-4.15261	780.78	0.24	0.207868	907.28	30.7682	37.7136	0.0110429
-0.0487347	-4.44	780.78	0.24	0.209437	907.182	30.7295	37.7695	0.0126243
-0.0487942	-4.71386	780.78	0.24	0.210858	907.077	30.6946	37.8229	0.0142297
-0.0488571	-4.97378	780.78	0.24	0.212522	906.966	30.6685	37.8676	0.0158422
-0.0489231	-5.21855	780.78	0.24	0.214248	906.849	30.657	37.9014	0.0174398
-0.0489922	-5.44948	780.78	0.24	0.215856	906.726	30.6465	37.938	0.0190174
-0.0490641	-5.66277	780.78	0.24	0.217781	906.598	30.631	37.9822	0.0205352
-0.0491385	-5.86011	780.78	0.24	0.219593	906.466	30.6153	38.0251	0.0219914
-0.0492153	-6.04195	780.78	0.24	0.221384	906.329	30.5988	38.0682	0.0233774
-0.0492943	-6.20688	780.78	0.24	0.223095	906.187	30.5743	38.1212	0.0246711
-0.0493752	-6.35822	780.78	0.24	0.224467	906.043	30.5486	38.1786	0.0258888
-0.049458	-6.49836	780.78	0.24	0.225503	905.894	30.5299	38.2276	0.0270426
-0.0495425	-6.63146	780.78	0.24	0.22619	905.743	30.5091	38.282	0.0281617
-0.0496287	-6.75884	780.78	0.24	0.22661	905.588	30.483	38.3412	0.0292541
-0.0497164	-6.88265	780.78	0.24	0.226906	905.431	30.4374	38.4231	0.0303356
-0.0498057	-7.00397	780.78	0.24	0.227197	905.27	30.4251	38.4684	0.0314145
-0.0498965	-7.1157	780.78	0.24	0.229115	905.107	30.4441	38.4992	0.0324247
-0.0499886	-7.21182	780.78	0.24	0.231053	904.942	30.5409	38.4303	0.0333066
-0.0500817	-7.29088	780.78	0.24	0.232701	904.774	30.6526	38.3525	0.0340409
-0.0501757	-7.35625	780.78	0.24	0.234067	904.605	30.778	38.2512	0.034654
-0.0502705	-7.41073	780.78	0.24	0.234859	904.434	30.8533	38.2149	0.0351692
-0.0503659	-7.46368	780.78	0.24	0.234923	904.262	30.8546	38.253	0.0356736
-0.0504619	-7.51627	780.78	0.24	0.234608	904.089	30.8668	38.284	0.0361781
-0.0505587	-7.575	780.78	0.24	0.233472	903.915	30.9522	38.2445	0.0367457
-0.0506564	-7.64181	780.78	0.24	0.233672	903.739	31.0887	38.1945	0.0373967
-0.0507548	-7.69075	780.78	0.24	0.236705	903.562	31.1518	38.1717	0.0378773
-0.0508535	-7.71093	780.78	0.24	0.239888	903.383	31.234	38.1312	0.0380763
-0.0509522	-7.70808	780.78	0.24	0.243302	903.205	31.284	38.1003	0.0380482
-0.0510506	-7.66599	780.78	0.24	0.24702	903.027	31.391	38.0323	0.0376337
-0.0511481	-7.59705	780.78	0.24	0.249589	902.85	31.5381	37.9221	0.0369599
-0.0512446	-7.50588	780.78	0.24	0.251651	902.675	31.6288	37.8757	0.0360781
-0.0513397	-7.39835	780.78	0.24	0.253289	902.502	31.6682	37.8862	0.0350518
-0.0514333	-7.27855	780.78	0.24	0.254259	902.331	31.7275	37.8772	0.0339259
-0.0515252	-7.14828	780.78	0.24	0.255572	902.164	31.8188	37.8112	0.0327223
-0.0516154	-7.00038	780.78	0.24	0.258155	902	31.8586	37.8283	0.0313823
-0.0517034	-6.83012	780.78	0.24	0.260573	901.839	31.9468	37.7783	0.0298743
-0.0517891	-6.64151	780.78	0.24	0.262226	901.682	32.0524	37.711	0.0282472
-0.0518723	-6.44015	780.78	0.24	0.26335	901.53	32.1444	37.6599	0.0265603
-0.0519527	-6.23053	780.78	0.24	0.264273	901.382	32.2194	37.6249	0.0248595
-0.0520304	-6.01291	780.78	0.24	0.264964	901.24	32.2872	37.5968	0.0231532
-0.0521053	-5.78911	780.78	0.24	0.265538	901.102	32.3576	37.5644	0.0214618
-0.0521772	-5.56216	780.78	0.24	0.265737	900.97	32.4284	37.5314	0.019812
-0.0522463	-5.33507	780.78	0.24	0.265658	900.843	32.4999	37.4962	0.0182273
-0.0523124	-5.10796	780.78	0.24	0.26573	900.721	32.5597	37.4728	0.0167084
-0.0523756	-4.87863	780.78	0.24	0.265978	900.605	32.6134	37.4512	0.0152418
-0.0524359	-4.6454	780.78	0.24	0.266478	900.494	32.6496	37.4472	0.0138193
-0.0524931	-4.40819	780.78	0.24	0.267238	900.388	32.6643	37.4591	0.0124441
-0.0525472	-4.1617	780.78	0.24	0.268272	900.288	32.6666	37.488	0.0110913
-0.052598	-3.90614	780.78	0.24	0.269434	900.193	32.6757	37.5077	0.00977093
-0.0526455	-3.63854	780.78	0.24	0.270624	900.105	32.6968	37.5135	0.00847802
-0.0526894	-3.3619	780.78	0.24	0.271715	900.022	32.7182	37.5205	0.00723789
-0.0527297	-3.07426	780.78	0.24	0.272726	899.946	32.7362	37.5273	0.00605233
-0.0527663	-2.77902	780.78	0.24	0.273605	899.877	32.7452	37.5406	0.00494567
-0.052799	-2.47455	780.78	0.24	0.274576	899.815	32.7461	37.5605	0.00392133
-0.0528276	-2.16121	780.78	0.24	0.275506	899.76	32.7406	37.5865	0.00299114
-0.0528523	-1.84038	780.78	0.24	0.276117	899.712	32.7337	37.6123	0.00216899
-0.0528727	-1.51527	780.78	0.24	0.276426	899.671	32.7224	37.6402	0.00147035
-0.052889	-1.18863	780.78	0.24	0.276483	899.638	32.7164	37.6564	0.000904761
-0.052901	-0.860679	780.78	0.24	0.276565	899.613	32.7118	37.6736	0.000474377
-0.0529089	-0.533678	780.78	0.24	0.27667	899.595	32.6932	37.7049	0.00018239
-0.0529126	-0.206606	780.78	0.24	0.277081	899.584	32.6814	37.7308	2.73355e-05
-0.052912	0.127941	780.78	0.24	0.277448	899.581	32.6803	37.7394	1.04825e-05
-0.0529072	0.465731	780.78	0.24	0.277584	899.586	32.6817	37.7433	0.000138903
-0.052898	0.802257	780.78	0.24	0.277278	899.599	32.6846	37.7468	0.000412162
-0.0528845	1.13468	780.78	0.24	0.276728	899.619	32.6932	37.7372	0.000824488
-0.0528668	1.46115	780.78	0.24	0.275803	899.647	32.7029	37.7272	0.0013672
-0.052845	1.77825	780.78	0.24	0.274542	899.683	32.7111	37.7187	0.00202501
-0.0528193	2.08342	780.78	0.24	0.273215	899.726	32.737	37.6889	0.00277968
-0.0527898	2.37582	780.78	0.24	0.271575	899.776	32.7491	37.6724	0.00361466
-0.0527567	2.65314	780.78	0.24	0.269806	899.832	32.7476	37.6658	0.00450777
-0.0527201	2.915	780.78	0.24	0.268023	899.895	32.7287	37.6759	0.00544148
-0.0526804	3.15962	780.78	0.24	0.266146	899.963	32.6925	37.7034	0.00639311
-0.0526378	3.38826	780.78	0.24	0.26413	900.037	32.6434	37.7422	0.00735184
-0.0525923	3.59675	780.78	0.24	0.261868	900.117	32.5834	37.7926	0.0082844
-0.0525444	3.78419	780.78	0.24	0.25965	900.201	32.523	37.8416	0.00917037
-0.0524943	3.9548	780.78	0.24	0.257713	900.289	32.4768	37.8765	0.0100159
-0.0524422	4.10747	780.78	0.24	0.255697	900.381	32.4437	37.8944	0.0108041
-0.0523882	4.24123	780.78	0.24	0.253353	900.477	32.4112	37.9126	0.0115193
-0.0523328	4.35192	780.78	0.24	0.25058	900.575	32.3744	37.9352	0.0121284
-0.0522762	4.43742	780.78	0.24	0.247829	900.676	32.3488	37.9455	0.0126097
-0.0522188	4.49742	780.78	0.24	0.244881	900.779	32.3221	37.958	0.0129529
-0.0521609	4.52952	780.78	0.24	0.241866	900.883	32.2841	37.9835	0.0131385
-0.0521028	4.53407	780.78	0.24	0.23924	900.988	32.2519	38.0019	0.0131649
-0.0520448	4.52012	780.78	0.24	0.237231	901.092	32.2093	38.0314	0.013084
-0.0519872	4.4889	780.78	0.24	0.235329	901.197	32.1535	38.0739	0.0129039
-0.0519301	4.4432	780.78	0.24	0.23395	901.3	32.0837	38.1301	0.0126425
-0.0518737	4.38741	780.78	0.24	0.233114	901.402	31.9904	38.2096	0.012327
-0.0529641	-174.638	780.78	0.24	0.252964	901.503	32.4509	38.5938	19.5308
-0.0551991	-174.421	780.78	0.24	0.31298	897.48	33.3467	47.5248	19.4822
-0.0574261	-173.672	780.78	0.24	0.358648	893.483	34.3516	47.8717	19.3152
-0.0596396	-172.506	780.78	0.24	0.404056	889.523	35.5346	48.1878	19.0567
-0.0618343	-170.931	780.78	0.24	0.449043	885.609	36.9075	48.4594	18.7103
-0.064005	-168.954	780.78	0.24	0.493478	881.751	38.4641	48.6907	18.2801
-0.0661466	-166.587	780.78	0.24	0.537151	877.956	40.1924	48.8753	17.7714
-0.0682542	-163.839	780.78	0.24	0.579846	874.232	42.0672	49.0335	17.19
-0.0703232	-160.723	780.78	0.24	0.621211	870.587	44.0604	49.1656	16.5424
-0.0723489	-157.254	780.78	0.24	0.6612	867.029	46.1543	49.2718	15.836
-0.0743269	-153.447	780.78	0.24	0.700251	863.563	48.3367	49.363	15.0785
-0.076253	-149.318	780.78	0.24	0.737802	860.198	50.5608	49.4729	14.2779
-0.0781233	-144.876	780.78	0.24	0.774065	856.937	52.8145	49.5792	13.441
-0.0799338	-140.139	780.78	0.24	0.808485	853.788	55.0712	49.698	12.5766
-0.081681	-135.127	780.78	0.24	0.841438	850.755	57.3094	49.8434	11.693
-0.0833615	-129.853	780.78	0.24	0.872463	847.843	59.5194	49.9954	10.7981
-0.0849722	-124.341	780.78	0.24	0.900976	845.057	61.6608	50.1851	9.90074
-0.0865101	-118.611	780.78	0.24	0.927228	842.4	63.7377	50.3794	9.00924
-0.0879728	-112.683	780.78	0.24	0.951335	839.876	65.7365	50.6007	8.13132
-0.0893577	-106.581	780.78	0.24	0.973131	837.487	67.6588	50.8026	7.27445
-0.090663	-100.314	780.78	0.24	0.993934	835.236	69.5103	50.9805	6.4441
-0.0918865	-93.8951	780.78	0.24	1.01337	833.126	71.2244	51.211	5.64582
-0.0930265	-87.3428	780.78	0.24	1.03025	831.159	72.8113	51.4611	4.88535
-0.0940814	-80.6746	780.78	0.24	1.04537	829.337	74.2885	51.6922	4.16788
-0.0950499	-73.9049	780.78	0.24	1.05906	827.66	75.5898	51.993	3.49774
-0.0959308	-67.0436	780.78	0.24	1.07099	826.131	76.7644	52.2519	2.87844
-0.096723	-60.1099	780.78	0.24	1.07992	824.749	77.7796	52.5254	2.31384
-0.097426	-53.1267	780.78	0.24	1.08686	823.517	78.6824	52.7583	1.80745
-0.0980391	-46.1087	780.78	0.24	1.09154	822.434	79.4445	52.9743	1.36147
-0.0985622	-39.0762	780.78	0.24	1.09349	821.5	80.0457	53.1937	0.977836
-0.0989952	-32.0496	780.78	0.24	1.0929	820.715	80.4981	53.399	0.657788
-0.0993384	-25.0494	780.78	0.24	1.09003	820.078	80.8092	53.5702	0.401824
-0.0995923	-18.0814	780.78	0.24	1.08674	819.589	80.9705	53.7448	0.209366
-0.0997573	-11.1583	780.78	0.24	1.08137	819.245	81.0053	53.8729	0.0797324
-0.0998341	-4.29378	780.78	0.24	1.07347	819.047	80.861	54.0409	0.0118065
-0.0998238	2.48768	780.78	0.24	1.06278	818.993	80.5182	54.2426	0.00396305
-0.0997276	9.17142	780.78	0.24	1.05035	819.081	79.9806	54.5259	0.053866
-0.0995467	15.7439	780.78	0.24	1.03595	819.308	79.3206	54.7655	0.158732
-0.0992829	22.1889	780.78	0.24	1.01924	819.673	78.5574	54.9722	0.315291
-0.0989379	28.488	780.78	0.24	1.00012	820.172	77.6816	55.166	0.519715
-0.0985138	34.6236	780.78	0.24	0.978693	820.804	76.741	55.3154	0.767689
-0.0980128	40.5793	780.78	0.24	0.955588	821.564	75.7483	55.4039	1.05451
-0.0974373	46.3404	780.78	0.24	0.930785	822.449	74.6865	55.4604	1.37519
-0.09679	51.9014	780.78	0.24	0.905832	823.456	73.4625	55.6314	1.72504
-0.0960734	57.2591	780.78	0.24	0.879925	824.581	72.2083	55.7278	2.09957
-0.0952903	62.3812	780.78	0.24	0.852473	825.819	70.9268	55.8547	2.49201
-0.0944437	67.2956	780.78	0.24	0.82369	827.166	69.6942	55.8286	2.90011
-0.0935363	71.9794	780.78	0.24	0.793942	828.619	68.5788	55.6001	3.31786
-0.0925713	76.4203	780.78	0.24	0.763245	830.173	67.2169	55.6468	3.73989
-0.0915519	80.5856	780.78	0.24	0.731217	831.822	65.7742	55.8177	4.15869
-0.0904816	84.5055	780.78	0.24	0.698704	833.563	64.5418	55.7201	4.57311
-0.0893636	88.1649	780.78	0.24	0.665046	835.39	63.3213	55.5785	4.97774
-0.0882013	91.5474	780.78	0.24	0.630349	837.298	61.9307	55.622	5.36702
-0.0869986	94.6316	780.78	0.24	0.595024	839.281	60.5409	55.7206	5.73474
-0.0857591	97.4433	780.78	0.24	0.560335	841.334	59.3374	55.5944	6.08058
-0.0844862	99.9672	780.78	0.24	0.525737	843.451	58.286	55.4122	6.39965
-0.0831838	102.212	780.78	0.24	0.492223	845.627	57.1834	55.3129	6.69027
-0.0818552	104.18	780.78	0.24	0.459074	847.855	56.0591	55.2863	6.95043
-0.0805041	105.874	780.78	0.24	0.425882	850.131	54.8744	55.3656	7.1783
-0.079134	107.287	780.78	0.24	0.391942	852.448	53.6565	55.5403	7.37115
-0.0777486	108.41	780.78	0.24	0.357446	854.801	52.4542	55.7874	7.52634
-0.0763515	109.246	780.78	0.24	0.323809	857.184	51.612	55.7195	7.64278
-0.0749466	109.783	780.78	0.24	0.290285	859.59	50.8474	55.7124	7.71819
-0.0735374	110.051	780.78	0.24	0.257868	862.013	50.2372	55.5659	7.75581
-0.0721275	110.042	780.78	0.24	0.225811	864.447	49.7023	55.4215	7.75457
-0.0707203	109.757	780.78	0.24	0.193793	866.887	49.2442	55.2793	7.7145
-0.0693195	109.198	780.78	0.24	0.162668	869.325	48.8616	55.1481	7.63606
-0.0679284	108.363	780.78	0.24	0.132396	871.756	48.527	55.0348	7.5198
-0.0665505	107.274	780.78	0.24	0.103751	874.174	48.2287	54.9617	7.36935
-0.0651889	105.936	780.78	0.24	0.0757153	876.573	47.9875	54.9008	7.18668
-0.0638469	104.346	780.78	0.24	0.0481271	878.947	47.8425	54.822	6.97252
-0.0625276	102.519	780.78	0.24	0.0215064	881.29	47.7955	54.6941	6.7305
-0.0612339	100.462	780.78	0.24	-0.00393518	883.596	47.8087	54.5824	6.4632
-0.0599688	98.1823	780.78	0.24	-0.0278311	885.861	47.8337	54.5224	6.17317
-0.0587348	95.6897	780.78	0.24	-0.0502933	888.078	47.9314	54.4213	5.8637
-0.0575347	93.0043	780.78	0.24	-0.0708595	890.243	48.0772	54.3245	5.5392
-0.0563708	90.1288	780.78	0.24	-0.0907854	892.35	48.2028	54.2905	5.20198
-0.0552455	87.0816	780.78	0.24	-0.109094	894.396	48.336	54.2853	4.85617
-0.0541607	83.8675	780.78	0.24	-0.126786	896.375	48.5331	54.2418	4.50432
-0.0531187	80.4922	780.78	0.24	-0.143361	898.284	48.7475	54.2103	4.14906
-0.0521214	76.9683	780.78	0.24	-0.158835	900.118	48.9472	54.2116	3.79372
-0.0511706	73.3042	780.78	0.24	-0.173056	901.874	49.1324	54.2387	3.44112
-0.050268	69.5086	780.78	0.24	-0.185731	903.548	49.2918	54.2796	3.09398
-0.0494151	65.6054	780.78	0.24	-0.196315	905.135	49.3884	54.4033	2.75626
-0.0486131	61.6112	780.78	0.24	-0.20488	906.635	49.417	54.6	2.43087
-0.047863	57.5384	780.78	0.24	-0.212076	908.043	49.4163	54.8248	2.1201
-0.0471657	53.4024	780.78	0.24	-0.217175	909.359	49.382	55.046	1.82626
-0.0465218	49.2269	780.78	0.24	-0.220376	910.579	49.2782	55.3431	1.55184
-0.0459316	45.0213	780.78	0.24	-0.222511	911.704	49.1496	55.653	1.29801
-0.0453956	40.7983	780.78	0.24	-0.223227	912.731	48.9763	55.9937	1.06592
-0.0449137	36.5698	780.78	0.24	-0.22269	913.661	48.7599	56.3441	0.856421
-0.0444859	32.3469	780.78	0.24	-0.22113	914.492	48.5422	56.67	0.670049
-0.0441121	28.1379	780.78	0.24	-0.218719	915.226	48.3131	56.9852	0.507018
-0.0437919	23.9517	780.78	0.24	-0.215451	915.861	48.0732	57.2889	0.367379
-0.0435251	19.7989	780.78	0.24	-0.211042	916.399	47.8133	57.5913	0.251029
-0.0433111	15.6871	780.78	0.24	-0.205343	916.839	47.5052	57.9133	0.157589
-0.0431492	11.6346	780.78	0.24	-0.198285	917.184	47.1707	58.2461	0.0866846
-0.0430386	7.64958	780.78	0.24	-0.19024	917.433	46.8086	58.587	0.0374729
-0.0429783	3.74053	780.78	0.24	-0.181465	917.59	46.4457	58.9042	0.00895999
-0.0429673	-0.0851586	780.78	0.24	-0.171903	917.655	46.1169	59.1671	4.64406e-06
-0.0430044	-3.81921	780.78	0.24	-0.161496	917.631	45.7983	59.4042	0.00934087
-0.0430884	-7.45003	780.78	0.24	-0.149009	917.52	45.404	59.7028	0.0355433
-0.0432177	-10.9573	780.78	0.24	-0.135075	917.324	45.0188	59.9876	0.0768865
-0.0433907	-14.3366	780.78	0.24	-0.121252	917.046	44.6729	60.2243	0.131623
-0.0436058	-17.5884	780.78	0.24	-0.106133	916.69	44.3716	60.4374	0.198105
-0.0438612	-20.7106	780.78	0.24	-0.0912863	916.258	44.0274	60.6106	0.274679
-0.044168	-25.6707	780.78	0.24	-0.0692094	915.754	44.2018	64.824	0.422004
-0.0445235	-28.4292	780.78	0.24	-0.0529942	915.136	43.8623	65.0682	0.517571
-0.0449129	-31.0333	780.78	0.24	-0.0360038	914.454	43.5719	65.2368	0.616733
-0.045334	-33.4752	780.78	0.24	-0.018311	913.713	43.343	65.353	0.717608
-0.0457849	-35.7538	780.78	0.24	-0.000178374	912.916	43.1642	65.4419	0.818625
-0.0462634	-37.8587	780.78	0.24	0.0185733	912.067	43.0327	65.4974	0.91785
-0.0467671	-39.7901	780.78	0.24	0.0381968	911.171	42.9371	65.5005	1.01389
-0.0472938	-41.5333	780.78	0.24	0.0585186	910.232	42.8845	65.5127	1.10467
-0.047841	-43.0909	780.78	0.24	0.0784519	909.255	42.9	65.4743	1.18908
-0.0484064	-44.4679	780.78	0.24	0.0981812	908.243	42.9737	65.3991	1.2663
-0.0489877	-45.6637	780.78	0.24	0.118114	907.202	43.0892	65.3105	1.33531
-0.0495826	-46.6736	780.78	0.24	0.138366	906.135	43.2466	65.2007	1.39503
-0.0501886	-47.4968	780.78	0.24	0.158619	905.047	43.4478	65.0692	1.44467
-0.0508034	-48.1377	780.78	0.24	0.178397	903.942	43.693	64.9167	1.48393
-0.0514247	-48.6	780.78	0.24	0.197966	902.825	43.9778	64.7457	1.51257
-0.0520502	-48.8866	780.78	0.24	0.217077	901.699	44.2886	64.5759	1.53045
-0.0526777	-49.0032	780.78	0.24	0.235676	900.57	44.6237	64.4024	1.53777
-0.0533051	-48.9533	780.78	0.24	0.254339	899.44	44.9788	64.2247	1.53464
-0.0539303	-48.7339	780.78	0.24	0.273034	898.313	45.3556	64.0505	1.52091
-0.054551	-48.3476	780.78	0.24	0.291472	897.194	45.751	63.8739	1.49689
-0.0551653	-47.7996	780.78	0.24	0.309195	896.087	46.161	63.7	1.46315
-0.055771	-47.0958	780.78	0.24	0.326396	894.994	46.5454	63.5717	1.42039
-0.0563662	-46.2427	780.78	0.24	0.34291	893.919	46.9194	63.4597	1.36939
-0.0569492	-45.2461	780.78	0.24	0.358757	892.866	47.2917	63.3586	1.311
-0.057518	-44.1134	780.78	0.24	0.37396	891.838	47.6482	63.2764	1.24618
-0.0580711	-42.8497	780.78	0.24	0.388368	890.838	47.9851	63.2222	1.17581
-0.0586068	-41.4625	780.78	0.24	0.401965	889.868	48.3075	63.186	1.10091
-0.0591236	-39.959	780.78	0.24	0.41478	888.931	48.6248	63.1355	1.02252
-0.0596201	-38.3474	780.78	0.24	0.426966	888.031	48.9283	63.1225	0.941701
-0.0600949	-36.6328	780.78	0.24	0.438903	887.168	49.2337	63.0921	0.859373
-0.0605468	-34.8119	780.78	0.24	0.450758	886.346	49.5493	63.0411	0.776063
-0.0609744	-32.8925	780.78	0.24	0.461731	885.567	49.8388	63.0034	0.692844
-0.0613765	-30.8806	780.78	0.24	0.472007	884.832	50.1237	62.9571	0.610678
-0.061752	-28.7835	780.78	0.24	0.481247	884.144	50.3797	62.9321	0.530551
-0.0620999	-26.6118	780.78	0.24	0.489353	883.505	50.6007	62.9214	0.453512
-0.0624193	-24.377	780.78	0.24	0.496503	882.915	50.7758	62.9394	0.38054
-0.0627096	-22.0832	780.78	0.24	0.502864	882.377	50.9142	62.9712	0.312295
-0.06297	-19.7374	780.78	0.24	0.508589	881.891	51.029	63.0027	0.249471
-0.0631999	-17.3474	780.78	0.24	0.513166	881.458	51.0982	63.0551	0.192712
-0.0633988	-14.9236	780.78	0.24	0.516789	881.08	51.1063	63.1462	0.142623
-0.0635665	-12.4743	780.78	0.24	0.51945	880.757	51.0732	63.2438	0.099649
-0.0637025	-10.0032	780.78	0.24	0.52153	880.49	51.0281	63.3256	0.0640791
-0.0638068	-7.52042	780.78	0.24	0.522967	880.278	51.0274	63.3342	0.0362181
-0.0638792	-5.0257	780.78	0.24	0.524266	880.123	51.007	63.3406	0.0161747
-0.0639195	-2.52314	780.78	0.24	0.52496	880.023	50.9601	63.3415	0.00407684
-0.0639277	-0.0156789	780.78	0.24	0.524883	879.981	50.8903	63.3299	1.57424e-07
-0.0639039	2.48256	780.78	0.24	0.523583	879.995	50.7673	63.34	0.00394675
-0.0638481	4.97587	780.78	0.24	0.523418	880.065	50.6166	63.3044	0.0158555
-0.0637606	7.44347	780.78	0.24	0.522345	880.191	50.517	63.295	0.0354807
